action,id,external_id,source,name,city,city_cluster,lat,lon,district,district_before,district_how,sport_ids,amenity_kinds,has_declared_sport,in_footprint,full_address,street_number,street_name,tags
update,9651f061-8ffd-4790-b20b-e7c220c58fdd,legacy:9651f061-8ffd-4790-b20b-e7c220c58fdd,directory,sân tuấn huệ,,,,,,,no-coords,,,False,,,,,
update,db960ffb-c97b-4947-97b1-e618ad74d43f,246209672,directory,,hcm,1,11.017584301954,106.67513363138,Phú Mỹ,Phú Mỹ,out-of-footprint,,sports_centre,False,False,"Đường D1, Phú Mỹ, Thành phố Thủ Dầu Một, Tỉnh Bình Dương, 75111, Việt Nam",,Đường D1,leisure:[sports_centre]
update,02ffcb60-7068-4327-8011-cc10c5cc56f8,246211063,directory,Câu lạc bộ Thể thao Phú Mỹ,hcm,1,11.01764435,106.675611640053,Phú Mỹ,Phú Mỹ,out-of-footprint,,swimming_pool,False,False,"Câu lạc bộ Thể thao Phú Mỹ, Đường N5, Phú Mỹ, Thành phố Thủ Dầu Một, Tỉnh Bình Dương, 75111, Việt Nam",,Đường N5,leisure:[swimming_pool]
update,93ae4442-4727-4662-8a6f-0c38b5a7be8b,246214514,directory,Trung tâm Văn hoá - Thông tin Thể thao Thành phố Thủ Dầu Một,hcm,1,11.01584245,106.674854493611,Phú Mỹ,Phú Mỹ,out-of-footprint,1,pitch,True,False,"Trung tâm Văn hoá - Thông tin Thể thao Thành phố Thủ Dầu Một, Hùng Vương, Phú Mỹ, Thành phố Thủ Dầu Một, Tỉnh Bình Dương, 75111, Việt Nam",,Hùng Vương,leisure:[pitch] ;; sport:[soccer]
update,079acc00-5388-4de9-bc24-157ec585eb2c,246618519,directory,,hcm,1,10.9321826,106.8532124,Phường An Bình,Phường An Bình,out-of-footprint,1,pitch,True,False,"Khu phố 1, Phường An Bình, Thành phố Biên Hòa, Tỉnh Đồng Nai, 76111, Việt Nam",,,leisure:[pitch] ;; sport:[soccer]
update,5545be38-4b61-42f7-b34f-1ed5e62a2ce7,246624741,directory,,hcm,1,10.9314602187073,106.853518481523,Phường An Bình,Phường An Bình,out-of-footprint,1,pitch,True,False,"Đường G, Khu phố 12, Phường An Bình, Thành phố Biên Hòa, Tỉnh Đồng Nai, 76111, Việt Nam",,Đường G,leisure:[pitch] ;; sport:[soccer]
update,d08ba324-0086-4b51-a223-6e0910e514bd,246631623,directory,,hcm,1,10.9294709877218,106.876051892009,Phường An Bình,Phường An Bình,out-of-footprint,1,pitch,True,False,"Khu phố 11, Phường An Bình, Thành phố Biên Hòa, Tỉnh Đồng Nai, 76111, Việt Nam",,,leisure:[pitch] ;; sport:[soccer]
update,794f6062-c793-4acd-aa3c-609375265819,246650278,directory,Block B,hcm,1,10.8699199,106.761934645355,Phường An Bình,Phường An Bình,out-of-footprint,1,pitch,True,False,"Block B, 18, Kha Vạn Cân, Bình Đường 2, Phường An Bình, Thành phố Thủ Đức, Tỉnh Bình Dương, 75350, Việt Nam",18,Kha Vạn Cân,building:levels:[35] ;; leisure:[pitch] ;; sport:[soccer]
update,605fb77d-21ad-454e-a913-ef9c3711f04c,246625788,directory,Công Ty TNHH MTV Thuộc da Rostaing,hcm,1,10.93322035,106.872884111804,Phường An Bình,Phường An Bình,out-of-footprint,4,pitch|swimming_pool,True,False,"Công Ty TNHH MTV Thuộc da Rostaing, Đường 13A, Phường An Bình, Thành phố Biên Hòa, Tỉnh Đồng Nai, 76111, Việt Nam",,Đường 13A,"landuse:[industrial] ;; leisure:[pitch, swimming_pool] ;; sport:[tennis]"
update,f8b1782c-4d07-4349-9d00-0faa2a60f524,246621845,directory,Công ty Cổ phần Scavi Việt Nam,hcm,1,10.92834095,106.874684173146,Phường An Bình,Phường An Bình,out-of-footprint,4,pitch,True,False,"Công ty Cổ phần Scavi Việt Nam, Đường 19A, Phường An Bình, Thành phố Biên Hòa, Tỉnh Đồng Nai, 76111, Việt Nam",,Đường 19A,landuse:[industrial] ;; leisure:[pitch] ;; sport:[tennis]
update,9baa91e0-4f66-4526-b42a-dc94c57c293b,246639532,directory,Công ty TNHH Anh Hoàng Thy,hcm,1,10.9158592,106.876222024088,Phường An Bình,Phường An Bình,out-of-footprint,,swimming_pool,False,False,"Công ty TNHH Anh Hoàng Thy, Đường 6A, Phường An Bình, Thành phố Biên Hòa, Tỉnh Đồng Nai, 76111, Việt Nam",,Đường 6A,landuse:[industrial] ;; leisure:[swimming_pool]
update,ccff6a4b-c43b-4ad2-9d69-fdcf84482b46,246620634,directory,Công ty TNHH Hyundai Nam Việt,hcm,1,10.9242839,106.868579319697,Phường An Bình,Phường An Bình,out-of-footprint,4,pitch,True,False,"Công ty TNHH Hyundai Nam Việt, Đường 16A, Phường An Bình, Thành phố Biên Hòa, Tỉnh Đồng Nai, 76111, Việt Nam",,Đường 16A,landuse:[industrial] ;; leisure:[pitch] ;; sport:[tennis]
update,8a1c4517-dd32-48f8-817e-0f07939252a6,246651294,directory,Him Lam Phú Đông,hcm,1,10.8673586,106.754704599185,Phường An Bình,Phường An Bình,out-of-footprint,,swimming_pool,False,False,"Him Lam Phú Đông, Đường Trần Thị Vững, Phường An Bình, Thành phố Thủ Đức, Tỉnh Bình Dương, 75350, Việt Nam",,Đường Trần Thị Vững,building:levels:[21] ;; leisure:[swimming_pool]
update,10410a2c-d22c-4ae4-9389-07224d1a52b1,246586347,directory,Sân banh Phường Bình Đường,hcm,1,10.86760115,106.748829805793,Phường An Bình,Phường An Bình,out-of-footprint,1,pitch,True,False,"Sân banh Phường Bình Đường, Nguyễn Viết Xuân, Bình Đường 3, Phường An Bình, Thành phố Dĩ An, Tỉnh Bình Dương, 75350, Việt Nam",,Nguyễn Viết Xuân,sport:[soccer] ;; leisure:[pitch]
update,dba7bd86-dba3-4194-aa5a-5b57aea2fa4a,246622598,directory,Trường Mầm non Bambi An Bình,hcm,1,10.93524735,106.854066535208,Phường An Bình,Phường An Bình,out-of-footprint,4,pitch,True,False,"Trường Mầm non Bambi An Bình, Đường Lê Thị Vân, Khu phố 1, Phường An Bình, Thành phố Biên Hòa, Tỉnh Đồng Nai, 76111, Việt Nam",,Đường Lê Thị Vân,leisure:[pitch] ;; sport:[tennis]
update,45b347f8-4b08-4056-b916-f886168272b8,246623036,directory,Đồn Công an Khu công nghiệp Biên Hòa,hcm,1,10.9353765,106.871225824639,Phường An Bình,Phường An Bình,out-of-footprint,1,pitch,True,False,"Đồn Công an Khu công nghiệp Biên Hòa, Đường Bùi Văn Hòa, Khu phố 5, Phường An Bình, Thành phố Biên Hòa, Tỉnh Đồng Nai, 76111, Việt Nam",,Đường Bùi Văn Hòa,landuse:[commercial] ;; leisure:[pitch] ;; sport:[soccer]
update,e0bcb9ea-6850-48f8-a78d-d5a1598908f6,246645599,directory,The Amazing Bay,hcm,1,10.87456495,106.870423643104,Phường An Hòa,Phường An Hòa,out-of-footprint,,swimming_pool,False,False,"The Amazing Bay, Quốc lộ 51, Khu phố 2, Phường An Hòa, Thành phố Biên Hòa, Tỉnh Đồng Nai, Việt Nam",,Quốc lộ 51,website:[https://theamazingbay.com/] ;; operator:[Công ty Cổ phần Thành phố Du lịch Sinh thái Sơn Tiên] ;; opening_hours:[Mo-Su 09:00-17:00] ;; leisure:[swimming_pool]
update,e046990e-93d9-4096-ab61-62356350e943,246618799,directory,Phân hiệu Đại học Thủy Lợi tại Bình Dương,hcm,1,10.9493638,106.682415297078,Phường An Thạnh,Phường An Thạnh,out-of-footprint,1,pitch,True,False,"Phân hiệu Đại học Thủy Lợi tại Bình Dương, Đường An Thạnh 16, Phường An Thạnh, Thành phố Thuận An, Tỉnh Bình Dương, 75212, Việt Nam",,Đường An Thạnh 16,leisure:[pitch] ;; sport:[soccer]
update,1308951c-d81f-436a-a6e1-98c38700e54f,246609075,directory,,hcm,1,10.8921882163602,106.797680994673,Phường Bình An,Phường Bình An,out-of-footprint,4,pitch,True,False,"Thống Nhất, Phường Bình An, Thành phố Dĩ An, Tỉnh Bình Dương, 71300, Việt Nam",,Thống Nhất,lanes:[2] ;; oneway:[yes] ;; surface:[asphalt] ;; leisure:[pitch] ;; sport:[tennis]
update,a8774f44-d669-49f1-b0a9-417154c8f251,246607567,directory,Nhà khách A11,hcm,1,10.8825635,106.741929120795,Phường Bình Chiểu,Phường Bình Chiểu,out-of-footprint,4,pitch,True,False,"Nhà khách A11, Hẻm 149, Khu phố 31, Phường Bình Chiểu, Thành phố Thủ Đức, 75207, Việt Nam",,Hẻm 149,landuse:[commercial] ;; leisure:[pitch] ;; sport:[tennis]
update,7e9501ff-f6b7-4e99-8be7-c097de0dc610,246619478,directory,,hcm,1,10.8927874996402,106.739809465449,Phường Bình Hòa,Phường Bình Hòa,out-of-footprint,1,pitch,True,False,"Đường tỉnh 743B, Phường Bình Hòa, Thành phố Thuận An, Tỉnh Bình Dương, 75207, Việt Nam",,Đường tỉnh 743B,"lanes:[4] ;; oneway:[yes] ;; surface:[asphalt] ;; leisure:[pitch] ;; sport:[soccer, volleyball]"
update,89106b77-737e-47b2-92f2-00d22c74e393,246617689,directory,,hcm,1,10.8980728267658,106.736472841482,Phường Bình Hòa,Phường Bình Hòa,out-of-footprint,,swimming_pool,False,False,"Đường Số 1, Phường Bình Hòa, Thành phố Thuận An, Tỉnh Bình Dương, 75207, Việt Nam",,Đường Số 1,leisure:[swimming_pool]
update,d4113bab-78b2-4ca8-84fc-e50df535579a,246599715,directory,,hcm,1,10.9193726175832,106.736331355227,Phường Bình Hòa,Phường Bình Hòa,out-of-footprint,,pitch,True,False,"Phường Bình Hòa, Thành phố Thuận An, Tỉnh Bình Dương, 75207, Việt Nam",,,leisure:[pitch] ;; sport:[volleyball]
update,cd81a6d3-a310-4f69-8ae4-d303e36594f6,246612195,directory,Bệnh viên Quân y 4,hcm,1,10.88952025,106.741706794357,Phường Bình Hòa,Phường Bình Hòa,out-of-footprint,4,pitch,True,False,"Bệnh viên Quân y 4, Đường tỉnh 743B, Phường Bình Hòa, Thành phố Thuận An, Tỉnh Bình Dương, 75207, Việt Nam",,Đường tỉnh 743B,"landuse:[military] ;; healthcare:[hospital] ;; leisure:[pitch] ;; sport:[tennis, volleyball]"
update,41a74b90-9e47-43a5-a8b8-112b77102bda,246620665,directory,KCN Đồng An 1,hcm,1,10.8964896731301,106.736741379157,Phường Bình Hòa,Phường Bình Hòa,out-of-footprint,1|4,pitch,True,False,"KCN Đồng An 1, Phường Bình Hòa, Thành phố Thuận An, Tỉnh Bình Dương, 75207, Việt Nam",,,"leisure:[pitch] ;; sport:[soccer, tennis]"
update,e947379e-4062-4687-b71e-d28469aaf9a0,246606008,directory,Trung tâm Thể thao 550,hcm,1,10.9071266,106.73002191296,Phường Bình Hòa,Phường Bình Hòa,out-of-footprint,1|4,pitch|sports_centre|swimming_pool,True,False,"Trung tâm Thể thao 550, Đường tỉnh 743C, Phường Bình Hòa, Thành phố Thuận An, Tỉnh Bình Dương, 75207, Việt Nam",,Đường tỉnh 743C,"leisure:[sports_centre, pitch, swimming_pool] ;; sport:[soccer, volleyball, tennis]"
update,0ce7db60-075a-4a2a-a39d-fa73b6379ee1,246615037,directory,Trung tâm Thể thao Quân đoàn 4,hcm,1,10.8867679,106.742240203698,Phường Bình Hòa,Phường Bình Hòa,out-of-footprint,1|4,pitch|sports_centre,True,False,"Trung tâm Thể thao Quân đoàn 4, Đường tỉnh 743B, Phường Bình Hòa, Thành phố Thuận An, Tỉnh Bình Dương, 75207, Việt Nam",,Đường tỉnh 743B,"landuse:[recreation_ground] ;; leisure:[sports_centre, pitch] ;; sport:[soccer, tennis]"
update,0f4cb2c5-68b9-49ba-8fa7-7f38d1c3faf9,246605000,directory,Trường Quân sự Quân đoàn 4,hcm,1,10.90376535,106.736475654787,Phường Bình Hòa,Phường Bình Hòa,out-of-footprint,1|4,pitch|swimming_pool,True,False,"Trường Quân sự Quân đoàn 4, Nguyễn Công Hồng, Phường Bình Hòa, Thành phố Thuận An, Tỉnh Bình Dương, 75207, Việt Nam",,Nguyễn Công Hồng,"landuse:[military] ;; leisure:[pitch, swimming_pool] ;; sport:[volleyball, tennis, soccer]"
update,17b4d888-44ac-45c7-be5f-edb96a382255,246615288,directory,Vietcombank,hcm,1,10.91287315,106.740686201218,Phường Bình Hòa,Phường Bình Hòa,out-of-footprint,1|4,pitch,True,False,"Vietcombank, Đường tỉnh 743B, Phường Bình Hòa, Thành phố Thuận An, Tỉnh Bình Dương, 75207, Việt Nam",,Đường tỉnh 743B,"landuse:[commercial] ;; leisure:[pitch] ;; sport:[tennis, soccer, volleyball]"
update,9c4f8632-6321-4563-82a5-edce080237d8,246624470,directory,Địa ốc Nhất Việt,hcm,1,10.9131827,106.740687961886,Phường Bình Hòa,Phường Bình Hòa,out-of-footprint,4,pitch,True,False,"Địa ốc Nhất Việt, Đường tỉnh 743B, Phường Bình Hòa, Thành phố Thuận An, Tỉnh Bình Dương, 75207, Việt Nam",,Đường tỉnh 743B,"landuse:[commercial] ;; leisure:[pitch] ;; sport:[volleyball, tennis]"
update,7949bf80-f796-4c94-bd19-abaab872c296,246614700,directory,Cao đẳng Công nghệ cao Đồng An,hcm,1,10.8920791,106.81165767354,Phường Bình Thắng,Phường Bình Thắng,out-of-footprint,1,pitch,True,False,"Cao đẳng Công nghệ cao Đồng An, Đường 30 Tháng 4, Hiệp Thắng, Phường Bình Thắng, Thành phố Dĩ An, Tỉnh Bình Dương, Việt Nam",,Đường 30 Tháng 4,leisure:[pitch] ;; sport:[soccer]
update,35cde157-a37f-4cde-8c27-d0e193ed3fe4,246629817,directory,,hcm,1,10.9506981036014,106.864595697124,Phường Bình Đa,Phường Bình Đa,out-of-footprint,3,pitch,True,False,"Khu phố 7, Phường Bình Đa, Thành phố Biên Hòa, Tỉnh Đồng Nai, 76111, Việt Nam",,,leisure:[pitch] ;; sport:[badminton]
update,ad4bf1d0-4bd7-484a-825a-51536985206b,246636997,directory,Nhà máy Quốc phòng A29,hcm,1,10.93571105,106.857919135586,Phường Bình Đa,Phường Bình Đa,out-of-footprint,1|4,pitch,True,False,"Nhà máy Quốc phòng A29, Đường Trần Thị Hoa, Khu phố 3, Phường Bình Đa, Thành phố Biên Hòa, Tỉnh Đồng Nai, 76111, Việt Nam",,Đường Trần Thị Hoa,"landuse:[military] ;; leisure:[pitch] ;; sport:[soccer, tennis]"
update,07843998-a186-4e63-a933-6e30e1ed807a,246624874,directory,Sân bóng đá Bình Đa,hcm,1,10.938064,106.861021161941,Phường Bình Đa,Phường Bình Đa,out-of-footprint,1,pitch,True,False,"Sân bóng đá Bình Đa, Đường Vũ Hồng Phô, Khu phố 3, Phường Bình Đa, Thành phố Biên Hòa, Tỉnh Đồng Nai, 76111, Việt Nam",,Đường Vũ Hồng Phô,lit:[yes] ;; sport:[soccer] ;; surface:[artificial_turf] ;; leisure:[pitch]
update,d2367f7b-256e-49b6-b363-04fb4e2b41ab,246613359,directory,Trường Phổ thông Thực hành Sư phạm,hcm,1,10.93337935,106.864795077135,Phường Bình Đa,Phường Bình Đa,out-of-footprint,1,pitch,True,False,"Trường Phổ thông Thực hành Sư phạm, Đường Vũ Hồng Phô, Khu phố 3, Phường Bình Đa, Thành phố Biên Hòa, Tỉnh Đồng Nai, 76111, Việt Nam",,Đường Vũ Hồng Phô,leisure:[pitch] ;; sport:[soccer]
update,7aa70a11-daac-420d-9b81-5a8a4b57bfc4,246612158,directory,Trường Tiểu học Bình Đa,hcm,1,10.9350178,106.863045481466,Phường Bình Đa,Phường Bình Đa,out-of-footprint,1,pitch,True,False,"Trường Tiểu học Bình Đa, Đường Vũ Hồng Phô, Khu phố 3, Phường Bình Đa, Thành phố Biên Hòa, Tỉnh Đồng Nai, 76111, Việt Nam",,Đường Vũ Hồng Phô,grades:[1-5] ;; leisure:[pitch] ;; sport:[soccer]
update,d31fea6b-e843-4886-b6c5-32dfbc41de52,246614996,directory,Công ty Cổ phần Taekwang Vina Industrial (cơ sở 3),hcm,1,10.92683835,106.807225606408,Phường Bửu Hòa,Phường Bửu Hòa,out-of-footprint,4,pitch,True,False,"Công ty Cổ phần Taekwang Vina Industrial (cơ sở 3), Đường Nguyễn Tri Phương, Khu phố 3, Phường Bửu Hòa, Thành phố Biên Hòa, Tỉnh Đồng Nai, 76106, Việt Nam",,Đường Nguyễn Tri Phương,landuse:[industrial] ;; leisure:[pitch] ;; sport:[tennis]
update,4d07198e-b40c-40ff-ab9a-adba8fcf5c43,246622442,directory,,hcm,1,10.9570915,106.7959085,Phường Bửu Long,Phường Bửu Long,out-of-footprint,1,pitch,True,False,"Khu phố 3, Phường Bửu Long, Thành phố Biên Hòa, Tỉnh Đồng Nai, 76106, Việt Nam",,,leisure:[pitch] ;; sport:[soccer]
update,a9d93e47-73be-4a09-abf8-d18f1a225352,246623066,directory,,hcm,1,10.9655753,106.7892847,Phường Bửu Long,Phường Bửu Long,out-of-footprint,4,pitch,True,False,"Khu phố 4, Phường Bửu Long, Thành phố Biên Hòa, Tỉnh Đồng Nai, 76106, Việt Nam",,,leisure:[pitch] ;; sport:[tennis]
update,b2491652-cc63-4a01-8c44-605e9f4b14f6,246631627,directory,,hcm,1,10.9570943277131,106.799952859849,Phường Bửu Long,Phường Bửu Long,out-of-footprint,4,pitch,True,False,"Khu phố 2, Phường Bửu Long, Thành phố Biên Hòa, Tỉnh Đồng Nai, 76106, Việt Nam",,,leisure:[pitch] ;; sport:[tennis]
update,ffa1350e-ff7d-4696-8c7e-e26f7b9f9b1e,246631891,directory,,hcm,1,10.9576455965989,106.799979378374,Phường Bửu Long,Phường Bửu Long,out-of-footprint,4,pitch,True,False,"Đường D3, Khu phố 2, Phường Bửu Long, Thành phố Biên Hòa, Tỉnh Đồng Nai, 76106, Việt Nam",,Đường D3,leisure:[pitch] ;; sport:[tennis]
update,c64bc52b-60c7-4282-a881-dea9885e2632,246624726,directory,Bưu cục Bửu Long,hcm,1,10.96205505,106.790008444858,Phường Bửu Long,Phường Bửu Long,out-of-footprint,,swimming_pool,False,False,"Bưu cục Bửu Long, Đường Huỳnh Văn Nghệ, Khu phố 4, Phường Bửu Long, Thành phố Biên Hòa, Tỉnh Đồng Nai, 76106, Việt Nam",,Đường Huỳnh Văn Nghệ,landuse:[commercial] ;; leisure:[swimming_pool]
update,7826e95a-e4e2-4e4c-85ef-eca94dfc979f,246627264,directory,Toà án Nhân dân Thành phố Biên Hòa,hcm,1,10.95716785,106.809282726123,Phường Bửu Long,Phường Bửu Long,out-of-footprint,1,pitch,True,False,"Toà án Nhân dân Thành phố Biên Hòa, Đường Nguyễn Du, Khu phố 4, Phường Bửu Long, Thành phố Biên Hòa, Tỉnh Đồng Nai, 76118, Việt Nam",,Đường Nguyễn Du,landuse:[commercial] ;; leisure:[pitch] ;; sport:[soccer]
update,ecfee045-d3b9-4cd9-ba37-69890c2c1657,246627437,directory,Trường TH-THCS-THPT Song ngữ Lạc Hồng,hcm,1,10.95610645,106.801250036147,Phường Bửu Long,Phường Bửu Long,out-of-footprint,1|2,pitch|swimming_pool,True,False,"Trường TH-THCS-THPT Song ngữ Lạc Hồng, Đường N4, Khu phố 2, Phường Bửu Long, Thành phố Biên Hòa, Tỉnh Đồng Nai, 76106, Việt Nam",,Đường N4,"grades:[1-12] ;; leisure:[pitch, swimming_pool] ;; sport:[basketball, soccer]"
update,d3fc4cb2-cdc3-4296-b4f9-c94d10748e6d,246625323,directory,Trường THCS Nguyễn Bỉnh Khiêm,hcm,1,10.9610063,106.808844335898,Phường Bửu Long,Phường Bửu Long,out-of-footprint,1,pitch|swimming_pool,True,False,"Trường THCS Nguyễn Bỉnh Khiêm, Đường D2, Khu phố 1, Phường Bửu Long, Thành phố Biên Hòa, Tỉnh Đồng Nai, 76106, Việt Nam",,Đường D2,"barrier:[fence] ;; leisure:[pitch, swimming_pool] ;; sport:[soccer]"
update,19f66362-74f7-44cc-ada7-339a33811fef,246597648,directory,Trường Chính trị Tỉnh Bình Dương,hcm,1,10.9694117,106.668268787414,Phường Chánh Nghĩa,Phường Chánh Nghĩa,out-of-footprint,4,pitch,True,False,"Trường Chính trị Tỉnh Bình Dương, Ba Mươi Tháng Tư, Phường Chánh Nghĩa, Thành phố Thủ Dầu Một, Tỉnh Bình Dương, 75107, Việt Nam",,Ba Mươi Tháng Tư,leisure:[pitch] ;; sport:[tennis]
update,5324af2a-9b55-4ae3-b732-950f65c90992,246621456,directory,,hcm,1,10.8804023966302,106.737019245769,Phường Dĩ An,Phường Dĩ An,out-of-footprint,1,pitch,True,False,"Phường Dĩ An, Thành phố Dĩ An, Tỉnh Bình Dương, 75207, Việt Nam",,,leisure:[pitch] ;; sport:[soccer]
update,705daea4-1cb7-43e5-a4c7-f676fbf003d3,246614667,directory,,hcm,1,10.8822509098695,106.735353207245,Phường Dĩ An,Phường Dĩ An,out-of-footprint,1,pitch,True,False,"Đường tỉnh 743B, Khu phố 3, Phường Dĩ An, Thành phố Thủ Đức, Tỉnh Bình Dương, 75207, Việt Nam",,Đường tỉnh 743B,"lanes:[2] ;; leisure:[pitch] ;; sport:[volleyball, soccer]"
update,60e7f88f-df68-4bbf-9223-c74c66a3aff5,246625556,directory,Bcons Garden Block C-D,hcm,1,10.90668575,106.753514887789,Phường Dĩ An,Phường Dĩ An,out-of-footprint,,pitch,True,False,"Bcons Garden Block C-D, Đường số 12, Thống Nhất 1, Phường Dĩ An, Thành phố Dĩ An, Tỉnh Bình Dương, 75207, Việt Nam",,Đường số 12,building:levels:[27] ;; leisure:[pitch] ;; sport:[multi]
update,b1e67d15-3aa7-4147-9f21-85365b69d016,246615898,directory,Hồ Bơi Người Lớn,hcm,1,10.90670665,106.754104116487,Phường Dĩ An,Phường Dĩ An,out-of-footprint,,swimming_pool,False,False,"Hồ Bơi Người Lớn, Đường số 12, Thống Nhất 1, Phường Dĩ An, Thành phố Dĩ An, Tỉnh Bình Dương, 75207, Việt Nam",,Đường số 12,leisure:[swimming_pool]
update,095d6869-56f4-4ef9-997f-0e38ab748040,246628514,directory,Hồ Bơi Trẻ Em,hcm,1,10.90664315,106.754143952059,Phường Dĩ An,Phường Dĩ An,out-of-footprint,,swimming_pool,False,False,"Hồ Bơi Trẻ Em, Đường số 12, Thống Nhất 1, Phường Dĩ An, Thành phố Dĩ An, Tỉnh Bình Dương, 75207, Việt Nam",,Đường số 12,leisure:[swimming_pool]
update,47dd7337-2078-4b9e-badf-4b0f2ea8bcf3,246613039,directory,Hồ Bơi Ốc Đảo,hcm,1,10.90744215,106.742430207085,Phường Dĩ An,Phường Dĩ An,out-of-footprint,,swimming_pool,False,False,"Hồ Bơi Ốc Đảo, Lối Xuống Hầm Để Xe, Phường Dĩ An, Thành phố Dĩ An, Tỉnh Bình Dương, 75207, Việt Nam",,Lối Xuống Hầm Để Xe,access:[customers] ;; leisure:[swimming_pool]
update,faf8f73c-046a-4ae9-af98-fce16b8fdcff,246613207,directory,Hồ bơi Charm City,hcm,1,10.90818545,106.742354161136,Phường Dĩ An,Phường Dĩ An,out-of-footprint,,swimming_pool,False,False,"Hồ bơi Charm City, Lối Xuống Hầm Để Xe, Phường Dĩ An, Thành phố Dĩ An, Tỉnh Bình Dương, 75207, Việt Nam",,Lối Xuống Hầm Để Xe,website:[https://charmruby.coo.vn] ;; leisure:[swimming_pool]
update,9795b5c2-ddb8-47ce-b5cc-aa061e8ac373,246616784,directory,Nhà máy Xử lý Nước thải Khu công nghiệp Sóng Thần 1,hcm,1,10.8918179,106.74324275334,Phường Dĩ An,Phường Dĩ An,out-of-footprint,1,pitch,True,False,"Nhà máy Xử lý Nước thải Khu công nghiệp Sóng Thần 1, Dường So 9, Phường Dĩ An, Thành phố Dĩ An, Tỉnh Bình Dương, 75207, Việt Nam",,Dường So 9,"landuse:[industrial] ;; leisure:[pitch] ;; sport:[soccer, volleyball]"
update,0d95bae0-a5a8-4caf-b2d5-ec48d767196a,246630061,directory,SVĐ Dĩ An,hcm,1,10.9112724,106.766840814658,Phường Dĩ An,Phường Dĩ An,out-of-footprint,1,pitch,True,False,"SVĐ Dĩ An, Cao Bá Quát, Đông Tân, Phường Dĩ An, Thành phố Dĩ An, Tỉnh Bình Dương, 75207, Việt Nam",,Cao Bá Quát,sport:[soccer] ;; leisure:[pitch]
update,39f28c7d-4919-44d6-8d50-8d64475188bf,246615604,directory,Trường Cao đẳng Nghề số 22,hcm,1,10.88841135,106.745254888137,Phường Dĩ An,Phường Dĩ An,out-of-footprint,1|4,pitch,True,False,"Trường Cao đẳng Nghề số 22, Đường số 10, Phường Dĩ An, Thành phố Dĩ An, Tỉnh Bình Dương, 75207, Việt Nam",,Đường số 10,"landuse:[military] ;; leisure:[pitch] ;; sport:[soccer, tennis]"
update,c902daf2-8fbe-4538-b68f-39fef6e0ca59,246621596,directory,hồ bơi,hcm,1,10.8883038,106.7643142,Phường Dĩ An,Phường Dĩ An,out-of-footprint,,swimming_pool,False,False,"hồ bơi, Đường số 16, Nhị Đồng 2, Phường Dĩ An, Thành phố Dĩ An, Tỉnh Bình Dương, 75207, Việt Nam",,Đường số 16,access:[private] ;; leisure:[swimming_pool]
update,0fa799f4-03eb-4305-93b7-32937182e7a7,246616683,directory,sân bóng,hcm,1,10.8884705,106.76404645,Phường Dĩ An,Phường Dĩ An,out-of-footprint,1,pitch,True,False,"sân bóng, Đường số 16, Nhị Đồng 2, Phường Dĩ An, Thành phố Dĩ An, Tỉnh Bình Dương, 75207, Việt Nam",,Đường số 16,sport:[soccer] ;; leisure:[pitch]
update,0d6c5a59-2ecf-4d15-b67a-2f72682ffbb2,246636462,directory,,hcm,1,10.936628309972,106.836471795139,Phường Hiệp Hòa,Phường Hiệp Hòa,out-of-footprint,1,pitch,True,False,"Hẻm 192 Đường Đỗ Văn Thi, Tam Hoà, Phường Hiệp Hòa, Thành phố Biên Hòa, Tỉnh Đồng Nai, 76100, Việt Nam",,Hẻm 192 Đường Đỗ Văn Thi,leisure:[pitch] ;; sport:[soccer]
update,6efd101a-3a69-46a1-ba2a-805fb228c9ed,246626486,directory,,hcm,1,10.9269873617536,106.835257209225,Phường Hiệp Hòa,Phường Hiệp Hòa,out-of-footprint,,swimming_pool,False,False,"Đường Đặng Văn Trơn, Tam Hoà, Phường Hiệp Hòa, Thành phố Biên Hòa, Tỉnh Đồng Nai, 76100, Việt Nam",,Đường Đặng Văn Trơn,hgv:[no] ;; lanes:[1] ;; oneway:[yes] ;; surface:[asphalt] ;; maxheight:[2.5] ;; motorcycle:[yes] ;; leisure:[swimming_pool]
update,9d56e839-b3f2-4f52-8772-ee7e36b1d1d1,246638438,directory,,hcm,1,10.9388425,106.8499212,Phường Hiệp Hòa,Phường Hiệp Hòa,out-of-footprint,4,pitch,True,False,"Phường Hiệp Hòa, Thành phố Biên Hòa, Tỉnh Đồng Nai, 76115, Việt Nam",,,leisure:[pitch] ;; sport:[tennis]
update,3670307f-ca17-476a-883f-9c25bcd3fd5e,246210788,directory,,hcm,1,11.0033068744744,106.66866279534,Phường Hiệp Thành,Phường Hiệp Thành,out-of-footprint,,pitch,False,False,"Đường số 22, Phường Hiệp Thành, Thành phố Thủ Dầu Một, Tỉnh Bình Dương, 75111, Việt Nam",,Đường số 22,leisure:[pitch]
update,f034050f-bcc5-4a09-a33e-7ab2a6293ae9,246597897,directory,Trường tiểu học - THCS Pétrus Ký,hcm,1,10.99340045,106.651751029686,Phường Hiệp Thành,Phường Hiệp Thành,out-of-footprint,,swimming_pool,False,False,"Trường tiểu học - THCS Pétrus Ký, Đại lộ Bình Dương, Phường Hiệp Thành, Thành phố Thủ Dầu Một, Tỉnh Bình Dương, 75106, Việt Nam",,Đại lộ Bình Dương,grades:[1-9] ;; leisure:[swimming_pool]
update,259ad94e-5c9d-4300-a25a-d276ad6c223c,246211642,directory,,hcm,1,11.0495578769209,106.683061163181,Phường Hòa Phú,Phường Hòa Phú,out-of-footprint,,swimming_pool,False,False,"Phường Hòa Phú, Thành phố Thủ Dầu Một, Tỉnh Bình Dương, Việt Nam",,,leisure:[swimming_pool]
update,a362ade5-e32b-4681-8732-304509365bda,246218287,directory,,hcm,1,11.0534018592027,106.683333954676,Phường Hòa Phú,Phường Hòa Phú,out-of-footprint,,pitch,False,False,"Hùng Vương, Phường Hòa Phú, Thành phố Thủ Dầu Một, Tỉnh Bình Dương, Việt Nam",,Hùng Vương,oneway:[yes] ;; leisure:[pitch]
update,9438900f-2f04-404d-a76e-5637dd6e7e93,246210780,directory,Becamex New City Hotel,hcm,1,11.05610825,106.684317252184,Phường Hòa Phú,Phường Hòa Phú,out-of-footprint,4,pitch|swimming_pool,True,False,"Becamex New City Hotel, Hùng Vương, Phường Hòa Phú, Thành phố Thủ Dầu Một, Tỉnh Bình Dương, Việt Nam",,Hùng Vương,"building:[yes] ;; condition:[Good] ;; check_date:[2024-04-15] ;; building:levels:[6] ;; leisure:[pitch, swimming_pool] ;; sport:[tennis]"
update,e78e1d54-c041-4225-a3c7-4acb1e0b2936,246206274,directory,Kinderworld,hcm,1,11.0695295,106.677103242299,Phường Hòa Phú,Phường Hòa Phú,out-of-footprint,1|2,pitch|swimming_pool,True,False,"Kinderworld, Đường Bùi Thị Xuân, Phường Hòa Phú, Thành phố Thủ Dầu Một, Tỉnh Bình Dương, 75900, Việt Nam",,Đường Bùi Thị Xuân,"leisure:[pitch, swimming_pool] ;; sport:[soccer, basketball]"
update,9c9d8ed4-1139-4f44-ba9c-a09a05ca537d,246212094,directory,Trung tâm Huấn luyện và Thi đâu Thể dục Thể thao Tỉnh Bình Dương,hcm,1,11.0426128,106.66277168638,Phường Hòa Phú,Phường Hòa Phú,out-of-footprint,,sports_centre,False,False,"Trung tâm Huấn luyện và Thi đâu Thể dục Thể thao Tỉnh Bình Dương, Đường Võ Văn Kiệt, Phường Hòa Phú, Thành phố Thủ Dầu Một, Tỉnh Bình Dương, 75111, Việt Nam",,Đường Võ Văn Kiệt,leisure:[sports_centre]
update,43dbc3d1-1893-469b-9225-e1b533273491,246214351,directory,Trường đua 2K International Circuit,hcm,1,11.04397365,106.665665288254,Phường Hòa Phú,Phường Hòa Phú,out-of-footprint,,sports_centre,True,False,"Trường đua 2K International Circuit, Đường Võ Văn Kiệt, Phường Hòa Phú, Thành phố Thủ Dầu Một, Tỉnh Bình Dương, 75111, Việt Nam",,Đường Võ Văn Kiệt,sport:[motor] ;; leisure:[sports_centre]
update,ade5171e-de6f-4c7b-8c97-746a2b4f79c5,246627796,directory,Trường THPT Chu Văn An,hcm,1,10.92975895,106.803659642606,Phường Hóa An,Phường Hóa An,out-of-footprint,4,pitch,True,False,"Trường THPT Chu Văn An, Đường Nguyễn Ái Quốc, Cầu Hang, Phường Hóa An, Thành phố Biên Hòa, Tỉnh Đồng Nai, 76106, Việt Nam",,Đường Nguyễn Ái Quốc,grades:[10-12] ;; leisure:[pitch] ;; sport:[tennis]
update,41731d23-065f-4da9-a5ca-fb573797d7b6,246626457,directory,Trường Cao đẳng Hoà Bình Xuân Lộc,hcm,1,10.9943,106.915758108494,Phường Hố Nai,,out-of-footprint,1,pitch,True,False,"Trường Cao đẳng Hoà Bình Xuân Lộc, Đường Lê Ngô Cát, Xã Hố Nai 3, Huyện Trảng Bom, Tỉnh Đồng Nai, Việt Nam",,Đường Lê Ngô Cát,religion:[christian] ;; leisure:[pitch] ;; sport:[soccer]
update,08e69b66-52f9-4264-8105-c953e8b8cc16,246619805,directory,,hcm,1,10.9059480093561,106.86508198941,Phường Long Bình Tân,Phường Long Bình Tân,out-of-footprint,1,pitch|swimming_pool,True,False,"Khu phố 1, Phường Long Bình Tân, Thành phố Biên Hòa, Tỉnh Đồng Nai, Việt Nam",,,"leisure:[pitch, swimming_pool] ;; sport:[soccer]"
update,13d1bc40-ba1f-49d3-9084-0c38e74a9a79,246639884,directory,,hcm,1,10.9062024512754,106.879848513977,Phường Long Bình Tân,Phường Long Bình Tân,out-of-footprint,,swimming_pool,False,False,"Khu phố 3, Phường Long Bình Tân, Thành phố Biên Hòa, Tỉnh Đồng Nai, Việt Nam",,,leisure:[swimming_pool]
update,183a7a7c-5b3e-4b05-81f7-941fefa23deb,246620938,directory,,hcm,1,10.8866403501009,106.852940744275,Phường Long Bình Tân,Phường Long Bình Tân,out-of-footprint,4,pitch|swimming_pool,True,False,"Thái Hoà, Phường Long Bình Tân, Thành phố Biên Hòa, Tỉnh Đồng Nai, Việt Nam",,,"leisure:[pitch, swimming_pool] ;; sport:[tennis]"
update,6bd11ec1-8902-4c4d-bfe9-8420140034c8,246626292,directory,,hcm,1,10.9114282553051,106.86893576511,Phường Long Bình Tân,Phường Long Bình Tân,out-of-footprint,1,pitch,True,False,"Đường 6A, Khu phố 1, Phường Long Bình Tân, Thành phố Biên Hòa, Tỉnh Đồng Nai, Việt Nam",,Đường 6A,lanes:[2] ;; leisure:[pitch] ;; sport:[soccer]
update,d2c79b88-86b2-48f5-a9d9-206f96b140f1,246625256,directory,,hcm,1,10.9009222616573,106.866786045888,Phường Long Bình Tân,Phường Long Bình Tân,out-of-footprint,4,pitch,True,False,"Khu phố 2, Phường Long Bình Tân, Thành phố Biên Hòa, Tỉnh Đồng Nai, Việt Nam",,,leisure:[pitch] ;; sport:[tennis]
update,da6045fc-b73f-4610-bf0d-a53ae821ae02,246644559,directory,,hcm,1,10.907336319659,106.883728420146,Phường Long Bình Tân,Phường Long Bình Tân,out-of-footprint,4,pitch,True,False,"Khu phố 3A, Phường Long Bình Tân, Thành phố Biên Hòa, Tỉnh Đồng Nai, Việt Nam",,,leisure:[pitch] ;; sport:[tennis]
update,3dd5a306-8149-40dd-ae56-908ab6836126,246636008,directory,Công ty TNHH Dịch vụ Sản xuất Thiết bị Aureole,hcm,1,10.91011205,106.855206218284,Phường Long Bình Tân,Phường Long Bình Tân,out-of-footprint,,swimming_pool,False,False,"Công ty TNHH Dịch vụ Sản xuất Thiết bị Aureole, Đường 2A, Khu phố 1, Phường Long Bình Tân, Thành phố Biên Hòa, Tỉnh Đồng Nai, 76100, Việt Nam",,Đường 2A,landuse:[industrial] ;; leisure:[swimming_pool]
update,e7c4954f-76ab-4a7d-b481-d0a0de103bb8,246625702,directory,Công ty TNHH Kim Cương Sao Sáng,hcm,1,10.91830005,106.862623416702,Phường Long Bình Tân,Phường Long Bình Tân,out-of-footprint,,swimming_pool,False,False,"Công ty TNHH Kim Cương Sao Sáng, Đường 2A, Phường Long Bình Tân, Thành phố Biên Hòa, Tỉnh Đồng Nai, 76111, Việt Nam",,Đường 2A,landuse:[industrial] ;; leisure:[swimming_pool]
update,cd6e39ee-f737-43c6-bf12-d3ff8b0a3d06,246625665,directory,Ký túc xá Trường Cao đẳng Công nghệ và Quản trị Sonadezi,hcm,1,10.9075810436707,106.859432594108,Phường Long Bình Tân,Phường Long Bình Tân,out-of-footprint,1,pitch,True,False,"Ký túc xá Trường Cao đẳng Công nghệ và Quản trị Sonadezi, Phường Long Bình Tân, Thành phố Biên Hòa, Tỉnh Đồng Nai, Việt Nam",,,leisure:[pitch] ;; sport:[soccer]
update,9e675a86-0af8-4b70-939a-e9a808457cf6,246640722,directory,Trường Cao đẳng Lê Quý Đôn,hcm,1,10.8981068,106.881983273479,Phường Long Bình Tân,Phường Long Bình Tân,out-of-footprint,4,pitch,True,False,"Trường Cao đẳng Lê Quý Đôn, Quốc lộ 51, Khu phố 3, Phường Long Bình Tân, Thành phố Biên Hòa, Tỉnh Đồng Nai, Việt Nam",,Quốc lộ 51,leisure:[pitch] ;; sport:[tennis]
update,48911d4b-ab84-4336-a22b-90baaa60389c,246627553,directory,Trường THPT Lê Quý Đôn (cơ sở Long Bình Tân),hcm,1,10.90772425,106.858327565723,Phường Long Bình Tân,Phường Long Bình Tân,out-of-footprint,1|2,pitch|swimming_pool,True,False,"Trường THPT Lê Quý Đôn (cơ sở Long Bình Tân), Đường 3A, Phường Long Bình Tân, Thành phố Biên Hòa, Tỉnh Đồng Nai, 76111, Việt Nam",,Đường 3A,"grades:[10-12] ;; leisure:[pitch, swimming_pool] ;; sport:[soccer, basketball, volleyball]"
update,a8f0a986-dfa2-491e-985d-8e664438889a,246646159,directory,Trường Đại học Trần Đại Nghĩa (Cơ sở 2),hcm,1,10.9117241,106.880540203834,Phường Long Bình Tân,Phường Long Bình Tân,out-of-footprint,1,pitch|swimming_pool,True,False,"Trường Đại học Trần Đại Nghĩa (Cơ sở 2), Đường 17A, Khu phố 3A, Phường Long Bình Tân, Thành phố Biên Hòa, Tỉnh Đồng Nai, 76111, Việt Nam",,Đường 17A,"landuse:[military] ;; leisure:[pitch, swimming_pool] ;; sport:[soccer]"
update,33bed4e6-d450-4f26-96c2-d6c5144ad5f3,246652089,directory,Xã Long Hưng,hcm,1,10.8466908973031,106.865645133213,Phường Long Hưng,,out-of-footprint,2,pitch|sports_centre,True,False,"Xã Long Hưng, Thành phố Biên Hòa, Tỉnh Đồng Nai, 71216, Việt Nam",,,"leisure:[sports_centre, pitch] ;; sport:[basketball]"
update,402d55a7-3834-4148-9c4c-3fa6c085b2a6,246675056,directory,,hcm,1,10.7903902038671,106.949743818516,Phường Long Thành,,out-of-footprint,1,pitch,True,False,"Võ Văn Tần, Phước Hải, Thị trấn Long Thành, Huyện Long Thành, Tỉnh Đồng Nai, 76009, Việt Nam",,Võ Văn Tần,leisure:[pitch] ;; sport:[soccer]
update,57564b48-be7c-4b09-8c12-4a0ff86eef2c,246677492,directory,Cao đẳng nghề Công nghệ cao Đồng Nai,hcm,1,10.79146215,106.950762050393,Phường Long Thành,,out-of-footprint,1,pitch,True,False,"Cao đẳng nghề Công nghệ cao Đồng Nai, Tôn Đức Thắng, Phước Long, Thị trấn Long Thành, Huyện Long Thành, Tỉnh Đồng Nai, 76009, Việt Nam",,Tôn Đức Thắng,website:[www.longthanhtech.edu.vn] ;; leisure:[pitch] ;; sport:[soccer]
update,8d4fb45c-0f32-462d-b331-3384852484f4,246676389,directory,Clubhouse,hcm,1,10.76468335,106.946613862326,Phường Long Thành,,out-of-footprint,,swimming_pool,False,False,"Clubhouse, Đường D6, Thị trấn Long Thành, Huyện Long Thành, Tỉnh Đồng Nai, 76009, Việt Nam",,Đường D6,building:[yes] ;; leisure:[swimming_pool]
update,3c7290d4-5c7e-4b17-b736-a4e443cfde8e,246672264,directory,Nhà thi đấu Long Thành,hcm,1,10.78630215,106.950093513828,Phường Long Thành,,out-of-footprint,,stadium,False,False,"Nhà thi đấu Long Thành, Trần Thượng Xuyên, Văn Hải, Thị trấn Long Thành, Huyện Long Thành, Tỉnh Đồng Nai, 76009, Việt Nam",,Trần Thượng Xuyên,building:[yes] ;; leisure:[stadium]
update,7fd4f599-0630-4b97-a318-157b6795dab0,404676055,directory,Sport Station,hcm,1,10.76668055,106.946496962234,Phường Long Thành,,out-of-footprint,2|3|4|5,pitch,True,False,"Sport Station, Đường D7, Thị trấn Long Thành, Huyện Long Thành, Tỉnh Đồng Nai, 76009, Việt Nam",,Đường D7,"lit:[yes] ;; sport:[tennis, basketball, pickleball, badminton] ;; access:[customers] ;; surface:[asphalt] ;; leisure:[pitch]"
update,f1703b7f-d269-4fd7-87a5-9193ee74d652,246662816,directory,Sân Vận động Long Thành,hcm,1,10.79149885,106.948934872574,Phường Long Thành,,out-of-footprint,1,pitch,True,False,"Sân Vận động Long Thành, Lý Thái Tổ, Phước Hải, Thị trấn Long Thành, Huyện Long Thành, Tỉnh Đồng Nai, 76009, Việt Nam",,Lý Thái Tổ,leisure:[pitch] ;; sport:[soccer]
update,69e7098f-0c3e-4139-a1cf-df526a927bb1,246616100,directory,,hcm,1,10.9124440166066,106.710176387156,Phường Lái Thiêu,Phường Lái Thiêu,out-of-footprint,1,pitch,True,False,"Phường Lái Thiêu, Thành phố Thuận An, Tỉnh Bình Dương, 75214, Việt Nam",,,leisure:[pitch] ;; sport:[soccer]
update,67942ccf-1d0e-4c61-8f45-2e6801f967ab,246213854,directory,,hcm,1,11.1542058530546,106.606133749805,Phường Mỹ Phước,Phường Mỹ Phước,out-of-footprint,1,pitch,True,False,"Đường 2 Tháng 9, Phường Mỹ Phước, Thành phố Bến Cát, Tỉnh Bình Dương, Việt Nam",,Đường 2 Tháng 9,lanes:[2] ;; oneway:[yes] ;; leisure:[pitch] ;; sport:[soccer]
update,d11ff0ed-dabf-4538-a308-c0e7ba792410,246218006,directory,Trường THPT Bến Cát,hcm,1,11.1528644,106.609253746097,Phường Mỹ Phước,Phường Mỹ Phước,out-of-footprint,,pitch,False,False,"Trường THPT Bến Cát, Đường 2 Tháng 9, Phường Mỹ Phước, Thành phố Bến Cát, Tỉnh Bình Dương, 75900, Việt Nam",,Đường 2 Tháng 9,leisure:[pitch]
update,e213cdad-d8c1-4746-b37b-dd6cb5e34e86,246217515,directory,Trường Trung Tiểu học Phù Đổng,hcm,1,11.15037955,106.59235112265,Phường Mỹ Phước,Phường Mỹ Phước,out-of-footprint,,swimming_pool,False,False,"Trường Trung Tiểu học Phù Đổng, Quảng trường Bến Cát, Phường Mỹ Phước, Thành phố Bến Cát, Tỉnh Bình Dương, Việt Nam",,Quảng trường Bến Cát,leisure:[swimming_pool]
update,8c3b9980-8aac-4cbc-ba48-d79363836c3f,246683489,directory,,hcm,1,10.7314006688758,106.868586065331,Phường Nhơn Trạch,,out-of-footprint,2,pitch,True,False,"Xã Long Tân, Huyện Nhơn Trạch, Tỉnh Đồng Nai, Việt Nam",,,leisure:[pitch] ;; sport:[basketball]
update,a0ef865f-c8b2-4a6a-8167-010765363f12,246681423,directory,,hcm,1,10.7422022168525,106.870510237641,Phường Nhơn Trạch,,out-of-footprint,1,pitch,True,False,"Trần Văn Ơn, Xã Long Tân, Huyện Nhơn Trạch, Tỉnh Đồng Nai, Việt Nam",,Trần Văn Ơn,leisure:[pitch] ;; sport:[soccer]
update,ef52ee7a-f14d-4213-ae5d-d711f11a313d,246688522,directory,Bình Phú,hcm,1,10.7291901947302,106.867557160781,Phường Nhơn Trạch,,out-of-footprint,2|4,pitch,True,False,"Bình Phú, Xã Long Tân, Huyện Nhơn Trạch, Tỉnh Đồng Nai, Việt Nam",,,"oneway:[yes] ;; leisure:[pitch] ;; sport:[basketball, tennis]"
update,06a0f959-1201-439a-a2ce-7b2e019bebb6,246684225,directory,KCN Nhơn Trạch,hcm,1,10.6990208840097,106.920431993925,Phường Nhơn Trạch,,out-of-footprint,1,pitch,True,False,"KCN Nhơn Trạch, Xã Long Tân, Huyện Nhơn Trạch, Tỉnh Đồng Nai, Việt Nam",,,leisure:[pitch] ;; sport:[soccer]
update,f5f08001-629a-4f2e-81b6-5c0d6b8c2eb2,246683654,directory,Swan Park The Garden Town 1A,hcm,1,10.7323292688998,106.864998788883,Phường Nhơn Trạch,,out-of-footprint,,swimming_pool,False,False,"Swan Park The Garden Town 1A, Xã Long Tân, Huyện Nhơn Trạch, Tỉnh Đồng Nai, Việt Nam",,,leisure:[swimming_pool]
update,0748b92a-3b69-4265-99ef-2662cbb087c5,246672261,directory,Swan Park The Garden Town 1B,hcm,1,10.7349656139526,106.867890141267,Phường Nhơn Trạch,,out-of-footprint,,swimming_pool,False,False,"Swan Park The Garden Town 1B, Xã Long Tân, Huyện Nhơn Trạch, Tỉnh Đồng Nai, Việt Nam",,,leisure:[swimming_pool]
update,00525e7c-20c9-42e8-b1be-2a1b91490cdd,246683357,directory,TT TDTT huyện Nhơn Trạch,hcm,1,10.72149235,106.886021115043,Phường Nhơn Trạch,,out-of-footprint,4,pitch|sports_centre|stadium,True,False,"TT TDTT huyện Nhơn Trạch, Ngô Gia Tự, Xã Phú Hội, Huyện Nhơn Trạch, Tỉnh Đồng Nai, Việt Nam",,Ngô Gia Tự,"leisure:[sports_centre, stadium, pitch] ;; sport:[gymnastics, tennis]"
update,8b1a6092-c8f6-4923-8a4f-987c16581e4f,246681974,directory,Trường Trung cấp Kỹ thuật Nhơn Trạch,hcm,1,10.7178564,106.888151427173,Phường Nhơn Trạch,,out-of-footprint,1,pitch,True,False,"Trường Trung cấp Kỹ thuật Nhơn Trạch, Nguyễn Hữu Cảnh, Xã Phú Hội, Huyện Nhơn Trạch, Tỉnh Đồng Nai, Việt Nam",,Nguyễn Hữu Cảnh,leisure:[pitch] ;; sport:[soccer]
update,86ac1b14-2c33-415f-bf9c-1c28928e658d,246609793,directory,,hcm,1,10.9715427620816,106.678079931678,Phường Phú Hòa,Phường Phú Hòa,out-of-footprint,4,pitch,True,False,"Phường Phú Hòa, Thành phố Thủ Dầu Một, Tỉnh Bình Dương, 75107, Việt Nam",,,leisure:[pitch] ;; sport:[tennis]
update,32e53353-47da-44e6-a93f-3da41f0f64e8,246609524,directory,Sunrise,hcm,1,10.97615885,106.671382830657,Phường Phú Hòa,Phường Phú Hòa,out-of-footprint,,swimming_pool,False,False,"Sunrise, Hẻm 99 Đường 30 Tháng 4, Phường Phú Hòa, Thành phố Thủ Dầu Một, Tỉnh Bình Dương, 75107, Việt Nam",,Hẻm 99 Đường 30 Tháng 4,leisure:[swimming_pool]
update,475dc720-b181-4051-8564-cca5017ca8f8,246600596,directory,,hcm,1,10.9720666827519,106.672433405687,Phường Phú Thọ,Phường Phú Thọ,out-of-footprint,4,pitch,True,False,"Đại lộ Bình Dương, Phường Phú Thọ, Thành phố Thủ Dầu Một, Tỉnh Bình Dương, 75212, Việt Nam",,Đại lộ Bình Dương,lanes:[3] ;; oneway:[yes] ;; leisure:[pitch] ;; sport:[tennis]
update,de1a4289-698b-40d1-b0bf-19b93469dc81,246596800,directory,Sân vận động Gò Đậu,hcm,1,10.9700422,106.671980378418,Phường Phú Thọ,Phường Phú Thọ,out-of-footprint,1|4,pitch|stadium,True,False,"Sân vận động Gò Đậu, Nguyễn Hữu Cảnh, Phường Phú Thọ, Thành phố Thủ Dầu Một, Tỉnh Bình Dương, 75107, Việt Nam",,Nguyễn Hữu Cảnh,"wikidata:[Q5574748] ;; wikipedia:[en:Gò Đậu Stadium] ;; leisure:[stadium, pitch] ;; sport:[soccer, tennis]"
update,ae67a4b9-de0f-4009-bb48-812faf8f7dc4,246208177,directory,,hcm,1,11.0095847320753,106.689227747517,Phường Phú Tân,Phường Phú Tân,out-of-footprint,1,pitch,True,False,"Đường N1, Phường Phú Tân, Thành phố Thủ Dầu Một, Tỉnh Bình Dương, 75111, Việt Nam",,Đường N1,leisure:[pitch] ;; sport:[soccer]
update,5444aab3-ed4d-46d7-8c7d-f3592645eeb9,246639513,directory,,hcm,1,10.9142178747455,106.937328334885,Phường Phước Tân,Phường Phước Tân,out-of-footprint,1,pitch,True,False,"Đường Võ Nguyên Giáp, Tân Cang, Phường Phước Tân, Thành phố Biên Hòa, Tỉnh Đồng Nai, Việt Nam",,Đường Võ Nguyên Giáp,lanes:[3] ;; oneway:[yes] ;; surface:[asphalt] ;; leisure:[pitch] ;; sport:[soccer]
update,cf350ab5-ccb9-4eef-8704-3d93ca3cc958,246653595,directory,,hcm,1,10.9163250160507,106.933770988747,Phường Phước Tân,Phường Phước Tân,out-of-footprint,4,pitch|swimming_pool,True,False,"Tân Cang, Phường Phước Tân, Thành phố Biên Hòa, Tỉnh Đồng Nai, Việt Nam",,,"leisure:[pitch, swimming_pool] ;; sport:[tennis]"
update,39978bdf-ce67-4c91-9760-a6bf9e19b5de,246632906,directory,Nhà thờ Giáo xứ Thiên Phú,hcm,1,10.8979559,106.900018529501,Phường Phước Tân,Phường Phước Tân,out-of-footprint,1,pitch,True,False,"Nhà thờ Giáo xứ Thiên Phú, Võ Nguyên Giáp, Vườn Dừa, Phường Phước Tân, Thành phố Biên Hòa, Tỉnh Đồng Nai, Việt Nam",,Võ Nguyên Giáp,religion:[christian] ;; denomination:[roman_catholic] ;; leisure:[pitch] ;; sport:[soccer]
update,f31fa02d-61ff-44ec-b279-4f7ccfd5bab4,246640662,directory,Trường Tiểu học Phước Tân 2,hcm,1,10.90528385,106.91761422803,Phường Phước Tân,Phường Phước Tân,out-of-footprint,1,pitch,True,False,"Trường Tiểu học Phước Tân 2, Đường D5, Phường Phước Tân, Thành phố Biên Hòa, Tỉnh Đồng Nai, Việt Nam",,Đường D5,leisure:[pitch] ;; sport:[soccer]
update,00d0d333-8f25-4d3f-94ca-7cea565741d3,246646710,directory,,hcm,1,10.9568749877694,106.81523135347,Phường Quang Vinh,Phường Quang Vinh,out-of-footprint,4,pitch,True,False,"Khu phố 10, Phường Quang Vinh, Thành phố Biên Hòa, Tỉnh Đồng Nai, 76118, Việt Nam",,,leisure:[pitch] ;; sport:[tennis]
update,c041d589-d6a6-4023-867b-af050933c137,246628973,directory,,hcm,1,10.9492538884244,106.815046570581,Phường Quang Vinh,Phường Quang Vinh,out-of-footprint,4,pitch,True,False,"Khu phố 5, Phường Quang Vinh, Thành phố Biên Hòa, Tỉnh Đồng Nai, 76106, Việt Nam",,,leisure:[pitch] ;; sport:[tennis]
update,440c401b-12ab-42b3-9a1e-d48de16d1ad0,246646741,directory,Cục thuế tỉnh Đồng Nai,hcm,1,10.9577155,106.817381148161,Phường Quang Vinh,Phường Quang Vinh,out-of-footprint,4,pitch,True,False,"Cục thuế tỉnh Đồng Nai, Đường Trần Công An, Khu phố 2, Phường Quang Vinh, Thành phố Biên Hòa, Tỉnh Đồng Nai, 76118, Việt Nam",,Đường Trần Công An,landuse:[commercial] ;; government:[tax] ;; leisure:[pitch] ;; sport:[tennis]
update,a7fb71c7-cba2-48a6-83c5-c364a72c360d,246631695,directory,Sân bóng đá Biên Hòa,hcm,1,10.9488182,106.812685748041,Phường Quang Vinh,Phường Quang Vinh,out-of-footprint,1,pitch,True,False,"Sân bóng đá Biên Hòa, 79, Đường Huỳnh Văn Lũy, Khu phố 7, Phường Quang Vinh, Thành phố Biên Hòa, Tỉnh Đồng Nai, 76106, Việt Nam",79,Đường Huỳnh Văn Lũy,sport:[soccer] ;; leisure:[pitch]
update,17f1c747-b88c-4217-b24a-d6875863d323,246631311,directory,,hcm,1,10.9549707656117,106.855716043507,Phường Tam Hiệp,Phường Tam Hiệp,out-of-footprint,1,pitch,True,False,"Khu phố 8, Phường Tam Hiệp, Thành phố Biên Hòa, Tỉnh Đồng Nai, 76111, Việt Nam",,,leisure:[pitch] ;; sport:[soccer]
update,c72e807c-fede-4b6c-8848-9630369f7922,246621780,directory,,hcm,1,10.9554281266645,106.856229158954,Phường Tam Hiệp,Phường Tam Hiệp,out-of-footprint,1,pitch,True,False,"Khu phố 7, Phường Tam Hiệp, Thành phố Biên Hòa, Tỉnh Đồng Nai, 76111, Việt Nam",,,leisure:[pitch] ;; sport:[soccer]
update,742ff275-d770-468c-a801-173804b92e54,246633847,directory,,hcm,1,10.8774367484384,106.960213705663,Phường Tam Phước,Phường Tam Phước,out-of-footprint,4,pitch,True,False,"Phường Tam Phước, Thành phố Biên Hòa, Tỉnh Đồng Nai, Việt Nam",,,leisure:[pitch] ;; sport:[tennis]
update,bcefb0a7-0cee-46ab-869f-e90773d8476a,246655782,directory,,hcm,1,10.8770800553324,106.960788352586,Phường Tam Phước,Phường Tam Phước,out-of-footprint,4,pitch,True,False,"Đường Nguyễn Khắc Hiếu, Long Đức 3, Phường Tam Phước, Thành phố Biên Hòa, Tỉnh Đồng Nai, Việt Nam",,Đường Nguyễn Khắc Hiếu,leisure:[pitch] ;; sport:[tennis]
update,7c883266-2b6e-47bd-be47-d5b28f97b535,246642203,directory,Sân bóng chợ Hera,hcm,1,10.86508205,106.925685319858,Phường Tam Phước,Phường Tam Phước,out-of-footprint,1,pitch,True,False,"Sân bóng chợ Hera, Đường cao tốc Biên Hòa – Vũng Tàu, Phường Tam Phước, Thành phố Biên Hòa, Huyện Long Thành, Tỉnh Đồng Nai, Việt Nam",,Đường cao tốc Biên Hòa – Vũng Tàu,sport:[soccer] ;; access:[yes] ;; surface:[grass] ;; leisure:[pitch]
update,1d739954-7201-4a6b-a7f8-266c7a18681a,246652119,directory,Trường Cao đẳng An ninh Nhân dân II,hcm,1,10.8519208,106.92373640204,Phường Tam Phước,Phường Tam Phước,out-of-footprint,1|4,pitch,True,False,"Trường Cao đẳng An ninh Nhân dân II, Quốc lộ 51, Phường Tam Phước, Thành phố Biên Hòa, Tỉnh Đồng Nai, Việt Nam",,Quốc lộ 51,"landuse:[military] ;; leisure:[pitch] ;; sport:[tennis, soccer]"
update,9a94f74c-75c6-48d5-bad5-f4848e54b025,246631893,directory,Trường Sĩ quan Lục quân 2,hcm,1,10.87967175,106.954374705161,Phường Tam Phước,Phường Tam Phước,out-of-footprint,1,pitch|swimming_pool,True,False,"Trường Sĩ quan Lục quân 2, Đường Hàm Nghi, Phường Tam Phước, Thành phố Biên Hòa, Tỉnh Đồng Nai, Việt Nam",,Đường Hàm Nghi,"landuse:[military] ;; leisure:[pitch, swimming_pool] ;; sport:[soccer]"
update,ce72cbf8-7832-465b-937d-2f502d59af41,246643465,directory,Trạm Kiểm soát Giao thông Ngã ba Thái Lan,hcm,1,10.8520463,106.928146642314,Phường Tam Phước,Phường Tam Phước,out-of-footprint,4,pitch,True,False,"Trạm Kiểm soát Giao thông Ngã ba Thái Lan, Quốc lộ 51, Long Khánh 3, Phường Tam Phước, Thành phố Biên Hòa, Tỉnh Đồng Nai, Việt Nam",,Quốc lộ 51,landuse:[commercial] ;; leisure:[pitch] ;; sport:[tennis]
update,9e2bf6f3-8010-4cc4-9494-97af99d2ba84,246619012,directory,Trường THPT Thái Hoà,hcm,1,10.9828102,106.764102142346,Phường Thái Hòa,Phường Thái Hòa,out-of-footprint,1,pitch,True,False,"Trường THPT Thái Hoà, Đường tỉnh 747, Phường Thái Hòa, Thành phố Tân Uyên, Tỉnh Bình Dương, 75209, Việt Nam",,Đường tỉnh 747,grades:[10-12] ;; website:[http://thptthaihoa.edu.vn/] ;; leisure:[pitch] ;; sport:[soccer]
update,cec1fc7b-975d-4fe1-9ba0-6fadc853f756,246631351,directory,Trường Cao đẳng Kỹ thuật Đồng Nai,hcm,1,10.953955,106.835909157311,Phường Thống Nhất,Phường Thống Nhất,out-of-footprint,1,pitch,True,False,"Trường Cao đẳng Kỹ thuật Đồng Nai, Đường D9, Khu phố 1, Phường Thống Nhất, Thành phố Biên Hòa, Tỉnh Đồng Nai, 76100, Việt Nam",,Đường D9,website:[http://cdktdn.edu.vn/] ;; opening_hours:[Mo-Su 06:00-21:00] ;; leisure:[pitch] ;; sport:[soccer]
update,76bab258-2b57-4420-8153-635c142b0138,403026591,directory,,hcm,1,11.1208132,106.6281724,Phường Thới Hòa,Phường Thới Hòa,out-of-footprint,,swimming_pool,False,False,"Phường Thới Hòa, Thành phố Bến Cát, Tỉnh Bình Dương, 75900, Việt Nam",,,leisure:[swimming_pool]
update,993e265a-14c5-4001-86ab-9d4ebde2e164,246214244,directory,,hcm,1,11.1269112,106.6035651,Phường Thới Hòa,Phường Thới Hòa,out-of-footprint,2,pitch,True,False,"Đường D7, Phường Thới Hòa, Thành phố Bến Cát, Tỉnh Bình Dương, 75900, Việt Nam",,Đường D7,leisure:[pitch] ;; sport:[basketball]
update,5031ccc2-cb15-45eb-8487-76b9ab96ae8f,246223391,directory,Phường Chánh Phú Hòa,hcm,1,11.1207217361262,106.629129446564,Phường Thới Hòa,,out-of-footprint,,swimming_pool,False,False,"Phường Chánh Phú Hòa, Thành phố Bến Cát, Tỉnh Bình Dương, 75900, Việt Nam",,,leisure:[swimming_pool]
update,10e8b7f6-0e5f-400e-b42f-891a9ae5cf1c,246215319,directory,Trường Đại học Việt Đức,hcm,1,11.10594755,106.614622506922,Phường Thới Hòa,Phường Thới Hòa,out-of-footprint,1|2|3|4,pitch|swimming_pool,True,False,"Trường Đại học Việt Đức, Đường Vành Đai 4, Phường Thới Hòa, Thành phố Bến Cát, Tỉnh Bình Dương, 75900, Việt Nam",,Đường Vành Đai 4,"leisure:[pitch, swimming_pool] ;; sport:[basketball, tennis, badminton, netball, soccer]"
update,0491c811-5385-4f24-9159-65cdc7219410,246645614,directory,,hcm,1,10.9459795134588,106.815862201745,Phường Trung Dũng,Phường Trung Dũng,out-of-footprint,,pitch,True,False,"Đường Nguyễn Trãi, Khu phố 8, Phường Trung Dũng, Thành phố Biên Hòa, Tỉnh Đồng Nai, 76106, Việt Nam",,Đường Nguyễn Trãi,leisure:[pitch] ;; sport:[volleyball]
update,545c8806-e7ee-4cee-9cdf-17c16d6764c7,246623262,directory,,hcm,1,10.9496882,106.8228534,Phường Trung Dũng,Phường Trung Dũng,out-of-footprint,2,pitch,True,False,"Khu phố 11, Phường Trung Dũng, Thành phố Biên Hòa, Tỉnh Đồng Nai, 76107, Việt Nam",,,leisure:[pitch] ;; sport:[basketball]
update,0c01ad4e-dbee-4b3b-bc35-2563ebab617c,246624209,directory,Công viên Biên Hùng,hcm,1,10.9519878,106.8228946,Phường Trung Dũng,Phường Trung Dũng,out-of-footprint,1,pitch,True,False,"Công viên Biên Hùng, Đường 30 Tháng 4, Khu phố 2, Phường Trung Dũng, Thành phố Biên Hòa, Tỉnh Đồng Nai, 76118, Việt Nam",,Đường 30 Tháng 4,bus:[yes] ;; public_transport:[platform] ;; leisure:[pitch] ;; sport:[soccer]
update,eb6784d7-901e-4b96-bc14-b38005bc37f6,246631509,directory,Cục Thi hành Án dân sự tỉnh Đồng Nai,hcm,1,10.94764345,106.826186394938,Phường Trung Dũng,Phường Trung Dũng,out-of-footprint,1,pitch,True,False,"Cục Thi hành Án dân sự tỉnh Đồng Nai, Hẻm 65 Đường Võ Thị Sáu, Khu phố 11, Phường Trung Dũng, Thành phố Biên Hòa, Tỉnh Đồng Nai, 76100, Việt Nam",,Hẻm 65 Đường Võ Thị Sáu,landuse:[commercial] ;; leisure:[pitch] ;; sport:[soccer]
update,24f46cab-7717-4ec6-80e1-2d19563e84e0,246647982,directory,Trường Quốc tế Bắc Mỹ SNA Marianapolis,hcm,1,10.94679565,106.819324489466,Phường Trung Dũng,Phường Trung Dũng,out-of-footprint,1,pitch,True,False,"Trường Quốc tế Bắc Mỹ SNA Marianapolis, 397, Đường 30 Tháng 4, Khu phố 4, Phường Trung Dũng, Thành phố Biên Hòa, Tỉnh Đồng Nai, 76107, Việt Nam",397,Đường 30 Tháng 4,leisure:[pitch] ;; sport:[soccer]
update,423e7f82-fc6e-4a48-b8b4-ba62f04b2b50,246631531,directory,Trường TH-THCS-THPT Lê Quý Đôn,hcm,1,10.94946875,106.824951721012,Phường Trung Dũng,Phường Trung Dũng,out-of-footprint,1,pitch|swimming_pool,True,False,"Trường TH-THCS-THPT Lê Quý Đôn, Hẻm 63 Đường Võ Thị Sáu, Khu phố 11, Phường Trung Dũng, Thành phố Biên Hòa, Tỉnh Đồng Nai, 76100, Việt Nam",,Hẻm 63 Đường Võ Thị Sáu,"leisure:[pitch, swimming_pool] ;; sport:[soccer]"
update,b5c14b46-1f2c-4caa-9b87-a267dc21b9f3,246624218,directory,Trường TH-THCS-THPT Thái Bình Dương,hcm,1,10.94905215,106.825218144235,Phường Trung Dũng,Phường Trung Dũng,out-of-footprint,1,pitch,True,False,"Trường TH-THCS-THPT Thái Bình Dương, Hẻm 63 Đường Võ Thị Sáu, Khu phố 11, Phường Trung Dũng, Thành phố Biên Hòa, Tỉnh Đồng Nai, 76100, Việt Nam",,Hẻm 63 Đường Võ Thị Sáu,leisure:[pitch] ;; sport:[soccer]
update,8f03a185-f8d4-40a3-b236-038b6403e898,246633418,directory,Tỉnh ủy Đồng Nai,hcm,1,10.94450655,106.824372033373,Phường Trung Dũng,Phường Trung Dũng,out-of-footprint,4,pitch,True,False,"Tỉnh ủy Đồng Nai, Đường Hà Huy Giáp, Khu phố 12, Phường Trung Dũng, Thành phố Biên Hòa, Tỉnh Đồng Nai, 76100, Việt Nam",,Đường Hà Huy Giáp,layer:[1] ;; landuse:[commercial] ;; government:[administrative] ;; leisure:[pitch] ;; sport:[tennis]
update,800c0e91-662f-4f58-bb33-6dea03bbc1ef,246638938,directory,UBND tỉnh Đồng Nai,hcm,1,10.9455899,106.817736467114,Phường Trung Dũng,Phường Trung Dũng,out-of-footprint,2,pitch,True,False,"UBND tỉnh Đồng Nai, Quảng trường Sông Phố, Khu phố 7, Phường Trung Dũng, Thành phố Biên Hòa, Tỉnh Đồng Nai, 76106, Việt Nam",,Quảng trường Sông Phố,phone:[+84 251 382 2501] ;; landuse:[commercial] ;; website:[https://www.dongnai.gov.vn/] ;; government:[administrative] ;; opening_hours:[Mo-Sa 07:00-16:30] ;; leisure:[pitch] ;; sport:[basketball]
update,2f79f0e9-b1ff-42ca-88e3-aac65a7e6081,246633428,directory,Võ Thị Sáu,hcm,1,10.9454177,106.8168093,Phường Trung Dũng,Phường Trung Dũng,out-of-footprint,1,pitch|swimming_pool,True,False,"Võ Thị Sáu, Đường Nguyễn Văn Trị, Khu phố 8, Phường Trung Dũng, Thành phố Biên Hòa, Tỉnh Đồng Nai, 76106, Việt Nam",,Đường Nguyễn Văn Trị,"artwork_type:[statue] ;; leisure:[pitch, swimming_pool] ;; sport:[soccer]"
update,f32e22aa-9623-4e66-83da-403c66da63bb,246632137,directory,Ủy ban Mặt trận Tổ quốc Việt Nam tỉnh Đồng Nai,hcm,1,10.94507315,106.822046320821,Phường Trung Dũng,Phường Trung Dũng,out-of-footprint,2,pitch,True,False,"Ủy ban Mặt trận Tổ quốc Việt Nam tỉnh Đồng Nai, Đường Võ Thị Sáu, Khu phố 13, Phường Trung Dũng, Thành phố Biên Hòa, Tỉnh Đồng Nai, 76107, Việt Nam",,Đường Võ Thị Sáu,"phone:[+84 251 394 2583] ;; landuse:[commercial] ;; website:[https://ubmttq.dongnai.gov.vn/] ;; opening_hours:[Mo-Sa 07:30-11:30,13:30-14:30] ;; leisure:[pitch] ;; sport:[basketball]"
update,4190265f-d442-4d14-aa99-17c8965bf8be,246630257,directory,,hcm,1,10.9450656,106.9948472,Phường Trảng Bom,,out-of-footprint,,pitch,True,False,"Đường số 2, Xã Quảng Tiến, Huyện Trảng Bom, Tỉnh Đồng Nai, Việt Nam",,Đường số 2,leisure:[pitch] ;; sport:[volleyball]
update,f0154061-20a4-404d-913b-f218a37b5bed,246651558,directory,,hcm,1,10.9509760488613,106.994312471726,Phường Trảng Bom,,out-of-footprint,4,pitch,True,False,"Khu phố 3, Thị trấn Trảng Bom, Huyện Trảng Bom, Tỉnh Đồng Nai, Việt Nam",,,oneway:[yes] ;; leisure:[pitch] ;; sport:[tennis]
update,db86b45d-812f-4859-afb1-270e2801378c,246644429,directory,Khu du lịch Thác Giang Điền,hcm,1,10.916748,106.991188316755,Phường Trảng Bom,,out-of-footprint,4,pitch,True,False,"Khu du lịch Thác Giang Điền, Đường Hoa Phượng, Xã Giang Điền, Huyện Trảng Bom, Tỉnh Đồng Nai, Việt Nam",,Đường Hoa Phượng,leisure:[pitch] ;; website:[https://giangdien.com.vn/] ;; sport:[tennis]
update,5caa7988-add1-4ace-b8e3-df0e245bb494,246645496,directory,Phân hiệu Trường Đại học Lâm nghiệp tại Đồng Nai,hcm,1,10.94683735,106.998217422792,Phường Trảng Bom,,out-of-footprint,1,pitch,True,False,"Phân hiệu Trường Đại học Lâm nghiệp tại Đồng Nai, Đường 2 Tháng 9, Khu phố 4, Thị trấn Trảng Bom, Huyện Trảng Bom, Tỉnh Đồng Nai, Việt Nam",,Đường 2 Tháng 9,leisure:[pitch] ;; sport:[soccer]
update,a08f2419-9065-475b-98bd-1d890c01dbee,246635868,directory,Sân bóng đá Trảng Bom,hcm,1,10.95059355,106.995808376446,Phường Trảng Bom,,out-of-footprint,1|4,pitch|swimming_pool,True,False,"Sân bóng đá Trảng Bom, Đường 29 Tháng 4, Khu phố 2, Thị trấn Trảng Bom, Huyện Trảng Bom, Tỉnh Đồng Nai, 76000, Việt Nam",,Đường 29 Tháng 4,"sport:[soccer, tennis] ;; leisure:[pitch, swimming_pool]"
update,22b6eda0-24e5-400c-a447-ce4c801c0a5c,246642813,directory,,hcm,1,10.9709477364062,106.85851726755,Phường Trảng Dài,Phường Trảng Dài,out-of-footprint,1,pitch,True,False,"Khu phố 1, Phường Trảng Dài, Thành phố Biên Hòa, Tỉnh Đồng Nai, 76050, Việt Nam",,,lit:[no] ;; surface:[concrete:plates] ;; motorcar:[no] ;; sidewalk:[no] ;; motorcycle:[yes] ;; leisure:[pitch] ;; sport:[soccer]
update,22c215e0-8156-4bba-b7ac-5510d3c82935,246644933,directory,,hcm,1,10.9698041,106.8556331,Phường Trảng Dài,Phường Trảng Dài,out-of-footprint,1,sports_centre,True,False,"Hẻm 620/49 Đường Đồng Khởi, Khu phố 1, Phường Trảng Dài, Thành phố Biên Hòa, Tỉnh Đồng Nai, 76116, Việt Nam",,Hẻm 620/49 Đường Đồng Khởi,leisure:[sports_centre] ;; sport:[soccer]
update,2ff8ac09-a674-4819-8a5f-a9fcb6902e1e,246621149,directory,,hcm,1,10.9696169249006,106.856358249422,Phường Trảng Dài,Phường Trảng Dài,out-of-footprint,1,pitch,True,False,"Hẻm 620 Đường Đồng Khởi, Khu phố 1, Phường Trảng Dài, Thành phố Biên Hòa, Tỉnh Đồng Nai, 76050, Việt Nam",,Hẻm 620 Đường Đồng Khởi,lit:[no] ;; surface:[asphalt] ;; sidewalk:[no] ;; lane_markings:[no] ;; leisure:[pitch] ;; sport:[soccer]
update,4c628541-89c8-4db1-b594-4f1f3772b572,246630259,directory,,hcm,1,10.9839605364204,106.848574308464,Phường Trảng Dài,Phường Trảng Dài,out-of-footprint,,pitch,True,False,"Khu phố 3, Phường Trảng Dài, Thành phố Biên Hòa, Tỉnh Đồng Nai, 76116, Việt Nam",,,leisure:[pitch] ;; sport:[volleyball]
update,adc8ab0b-26ee-4f5e-b81d-72f03de980f3,246628742,directory,,hcm,1,10.9908701832194,106.862626632491,Phường Trảng Dài,Phường Trảng Dài,out-of-footprint,1,pitch,True,False,"Khu phố 3A, Phường Trảng Dài, Thành phố Biên Hòa, Tỉnh Đồng Nai, 76050, Việt Nam",,,leisure:[pitch] ;; sport:[soccer]
update,5b7c53ac-d2dd-4e3d-a2cd-eb9557e845c0,246629422,directory,Công ty TNHH MTV Điện lực Đồng Nai,hcm,1,10.96648205,106.856139312166,Phường Trảng Dài,Phường Trảng Dài,out-of-footprint,1|4,pitch,True,False,"Công ty TNHH MTV Điện lực Đồng Nai, Đường Nguyễn Ái Quốc, Khu phố 1, Phường Trảng Dài, Thành phố Biên Hòa, Tỉnh Đồng Nai, 76116, Việt Nam",,Đường Nguyễn Ái Quốc,"layer:[1] ;; landuse:[commercial] ;; leisure:[pitch] ;; sport:[tennis, soccer]"
update,dc375b07-66be-4afe-8357-5fefd2c45e67,246633192,directory,Hội đồng Nhân dân – Uỷ ban Nhân dân Phường Trảng Dài,hcm,1,10.99189545,106.86257787476,Phường Trảng Dài,Phường Trảng Dài,out-of-footprint,1,pitch,True,False,"Hội đồng Nhân dân – Uỷ ban Nhân dân Phường Trảng Dài, 462, Đường Bùi Trọng Nghĩa, Khu phố 3A, Phường Trảng Dài, Thành phố Biên Hòa, Tỉnh Đồng Nai, 76116, Việt Nam",462,Đường Bùi Trọng Nghĩa,landuse:[commercial] ;; government:[administrative] ;; leisure:[pitch] ;; sport:[soccer]
update,3b25d9ac-14f2-422d-8bb9-749b0e8fedf1,246622898,directory,Phòng Cảnh sát Kinh tế tỉnh Đồng Nai,hcm,1,10.96816885,106.857330832909,Phường Trảng Dài,Phường Trảng Dài,out-of-footprint,4,pitch,True,False,"Phòng Cảnh sát Kinh tế tỉnh Đồng Nai, 1034, Đường Nguyễn Ái Quốc, Khu phố 1, Phường Trảng Dài, Thành phố Biên Hòa, Tỉnh Đồng Nai, 76116, Việt Nam",1034,Đường Nguyễn Ái Quốc,"landuse:[commercial] ;; leisure:[pitch] ;; sport:[tennis, volleyball]"
update,bf5b1892-2dd4-4aa5-8034-89228b6c1203,246637996,directory,Phòng Cảnh sát Phòng cháy Chữa cháy tỉnh Đồng Nai,hcm,1,10.9685177,106.857906313,Phường Trảng Dài,Phường Trảng Dài,out-of-footprint,,pitch|swimming_pool,True,False,"Phòng Cảnh sát Phòng cháy Chữa cháy tỉnh Đồng Nai, 1032, Đường Nguyễn Ái Quốc, Khu phố 1, Phường Trảng Dài, Thành phố Biên Hòa, Tỉnh Đồng Nai, 76050, Việt Nam",1032,Đường Nguyễn Ái Quốc,"landuse:[commercial] ;; leisure:[pitch, swimming_pool] ;; sport:[volleyball]"
update,cf26ea7a-6f74-4351-a768-35c99a1594f2,246619933,directory,Trung tâm Thể thao K26,hcm,1,10.97891525,106.849447602018,Phường Trảng Dài,Phường Trảng Dài,out-of-footprint,1|4,pitch|sports_centre|swimming_pool,True,False,"Trung tâm Thể thao K26, Hẻm 974 Đường Đồng Khởi, Khu phố 2A, Phường Trảng Dài, Thành phố Biên Hòa, Tỉnh Đồng Nai, 76116, Việt Nam",,Hẻm 974 Đường Đồng Khởi,"leisure:[sports_centre, pitch, swimming_pool] ;; sport:[soccer, tennis, volleyball]"
update,346e57ee-5586-45b5-85b2-0c93263f0b25,246634226,directory,Trung tâm Văn hoá Thể thao – Học tập Cộng đồng Phường Trảng Dài,hcm,1,10.991965,106.863805909232,Phường Trảng Dài,Phường Trảng Dài,out-of-footprint,1,pitch,True,False,"Trung tâm Văn hoá Thể thao – Học tập Cộng đồng Phường Trảng Dài, Đường Bùi Trọng Nghĩa, Khu phố 3A, Phường Trảng Dài, Thành phố Biên Hòa, Tỉnh Đồng Nai, 76116, Việt Nam",,Đường Bùi Trọng Nghĩa,leisure:[pitch] ;; sport:[soccer]
update,45e54663-a42b-43d4-94d1-7e2ac5fde529,246205440,directory,Trường Tiểu học Thiện Tân,hcm,1,11.0261048,106.895209015799,Phường Trảng Dài,,out-of-footprint,,swimming_pool,False,False,"Trường Tiểu học Thiện Tân, Đường tỉnh 768, Xã Thiện Tân, Huyện Vĩnh Cửu, Tỉnh Đồng Nai, 76913, Việt Nam",,Đường tỉnh 768,leisure:[swimming_pool]
update,8c967c34-841d-41e8-b3ec-356c66679370,246625534,directory,Trường Đại học Công nghệ Đồng Nai,hcm,1,10.98448005,106.869645421151,Phường Trảng Dài,Phường Trảng Dài,out-of-footprint,1|2|4,pitch,True,False,"Trường Đại học Công nghệ Đồng Nai, Đường Nguyễn Khuyến, Khu phố 5A, Phường Trảng Dài, Thành phố Biên Hòa, Tỉnh Đồng Nai, 76050, Việt Nam",,Đường Nguyễn Khuyến,"website:[https://dntu.edu.vn] ;; internet_access:[wlan] ;; internet_access:fee:[no] ;; internet_access:ssid:[DNTU] ;; leisure:[pitch] ;; sport:[basketball, tennis, soccer]"
update,344ee886-eab4-490f-83b6-da66cb4bd44d,246201619,directory,Hiếu Liêm,hcm,1,11.1140628,106.9671564,Phường Trị An,,out-of-footprint,1,pitch,True,False,"Hiếu Liêm, Xã Trị An, Huyện Vĩnh Cửu, Tỉnh Đồng Nai, Việt Nam",,,leisure:[pitch] ;; sport:[soccer]
update,3fe80270-415a-4504-8db1-1c5107cf252c,403170772,directory,,hcm,1,10.9862225881175,106.901949045282,Phường Tân Biên,Phường Tân Biên,out-of-footprint,4,pitch,True,False,"Đường Hoàng Văn Bổn, Phường Tân Biên, Xã Thiện Tân, Huyện Vĩnh Cửu, Tỉnh Đồng Nai, 76913, Việt Nam",,Đường Hoàng Văn Bổn,lanes:[2] ;; leisure:[pitch] ;; sport:[tennis]
update,3e599f47-a836-473b-9d2e-1e9473c2f330,246628879,directory,Trung tâm Văn hóa phường Tân Bình,hcm,1,10.9332242,106.76648943571,Phường Tân Bình,Phường Tân Bình,out-of-footprint,,pitch,False,False,"Trung tâm Văn hóa phường Tân Bình, Đường Nguyễn Thị Minh Khai, Tân Phú 1, Phường Tân Bình, Thành phố Dĩ An, Tỉnh Bình Dương, 75209, Việt Nam",,Đường Nguyễn Thị Minh Khai,landuse:[commercial] ;; leisure:[pitch]
update,94980cf1-9519-4f1f-a968-0b4a8aee1679,246632731,directory,,hcm,1,10.961870776374,106.8604314802,Phường Tân Hiệp,Phường Tân Hiệp,out-of-footprint,1,pitch,True,False,"Đường Phạm Văn Khoai, Khu phố 3, Phường Tân Hiệp, Thành phố Biên Hòa, Tỉnh Đồng Nai, 76111, Việt Nam",,Đường Phạm Văn Khoai,"lit:[yes] ;; lanes:[2] ;; surface:[asphalt] ;; sidewalk:[no] ;; parking:lane:right:[no] ;; maxweightrating:hgv:conditional:[2 @ (04:00-08:00,11:00-13:00,16:00-18:00)] ;; leisure:[pitch] ;; sport:[soccer]"
update,9704fe6b-1990-4fd6-b1a3-578912806ab4,246626802,directory,,hcm,1,10.9604402,106.8603293,Phường Tân Hiệp,Phường Tân Hiệp,out-of-footprint,1,pitch,True,False,"Hẻm 512 Đường Đồng Khởi, Khu phố 3, Phường Tân Hiệp, Thành phố Biên Hòa, Tỉnh Đồng Nai, 76111, Việt Nam",,Hẻm 512 Đường Đồng Khởi,lit:[yes] ;; surface:[asphalt] ;; sidewalk:[no] ;; lane_markings:[no] ;; leisure:[pitch] ;; sport:[soccer]
update,c0ea08b2-3ce7-4321-a9ac-50f8d4a62a33,246635901,directory,Câu lạc bộ Bóng đá Ngôi Sao,hcm,1,10.9603508,106.857361025322,Phường Tân Hiệp,Phường Tân Hiệp,out-of-footprint,1,pitch|sports_centre,True,False,"Câu lạc bộ Bóng đá Ngôi Sao, 512/1/25, Đường Đồng Khởi, Khu phố 3, Phường Tân Hiệp, Thành phố Biên Hòa, Tỉnh Đồng Nai, 76111, Việt Nam",,Đường Đồng Khởi,"leisure:[sports_centre, pitch] ;; sport:[soccer]"
update,091dbf41-92dc-49e2-b274-481a1958d056,246628667,directory,Câu lạc bộ Thể thao Cát Tường,hcm,1,10.9595752,106.863186569606,Phường Tân Hiệp,Phường Tân Hiệp,out-of-footprint,,sports_centre|swimming_pool,False,False,"Câu lạc bộ Thể thao Cát Tường, Đường Lê Quý Đôn, Khu phố 3, Phường Tân Hiệp, Thành phố Biên Hòa, Tỉnh Đồng Nai, 76111, Việt Nam",,Đường Lê Quý Đôn,"leisure:[sports_centre, swimming_pool]"
update,ad5d3ee0-1065-4455-9ddb-749b70ee7492,246634307,directory,Sân bóng đa mini Dona,hcm,1,10.9649679,106.860807661714,Phường Tân Hiệp,Phường Tân Hiệp,out-of-footprint,1,pitch,True,False,"Sân bóng đa mini Dona, Hẻm 1077 Đường Nguyễn Ái Quốc, Khu phố 2, Phường Tân Hiệp, Thành phố Biên Hòa, Tỉnh Đồng Nai, 76050, Việt Nam",,Hẻm 1077 Đường Nguyễn Ái Quốc,"lit:[yes] ;; sport:[soccer] ;; surface:[artificial_turf] ;; opening_hours:[06:00-12:00,15:00-22:00] ;; leisure:[pitch]"
update,19c67be6-42ac-4a30-bc5f-7138e7ead1dc,246636343,directory,Sân vận động Đồng Nai,hcm,1,10.9617522,106.862801906652,Phường Tân Hiệp,Phường Tân Hiệp,out-of-footprint,1,pitch|stadium,True,False,"Sân vận động Đồng Nai, Đường Phạm Văn Khoai, Khu phố 3, Phường Tân Hiệp, Thành phố Biên Hòa, Tỉnh Đồng Nai, 76111, Việt Nam",,Đường Phạm Văn Khoai,"sport:[soccer] ;; capacity:persons:[30000] ;; leisure:[stadium, pitch]"
update,6881a2e7-4b52-42b9-a41e-b27942721a68,246626605,directory,Trung tâm Thể thao Lữ đoàn Pháo binh 25,hcm,1,10.9566409,106.865232330332,Phường Tân Hiệp,Phường Tân Hiệp,out-of-footprint,4,pitch|sports_centre|swimming_pool,True,False,"Trung tâm Thể thao Lữ đoàn Pháo binh 25, Hẻm 10 Đường Lê Quý Đôn, Khu phố 3, Phường Tân Hiệp, Thành phố Biên Hòa, Tỉnh Đồng Nai, 76111, Việt Nam",,Hẻm 10 Đường Lê Quý Đôn,"leisure:[sports_centre, pitch, swimming_pool] ;; sport:[tennis]"
update,c34f4345-327b-4ecc-8052-161a178554fa,246643235,directory,Trường Cao đẳng Thống kê II,hcm,1,10.957388,106.873339251939,Phường Tân Hiệp,Phường Tân Hiệp,out-of-footprint,1,pitch,True,False,"Trường Cao đẳng Thống kê II, Hẻm 96 Đường Đồng Khởi, Khu phố 4, Phường Tân Hiệp, Thành phố Biên Hòa, Tỉnh Đồng Nai, 76111, Việt Nam",,Hẻm 96 Đường Đồng Khởi,leisure:[pitch] ;; sport:[soccer]
update,c70fd1ac-dbc5-4e6e-81c4-7bcee5337161,246634265,directory,Trường Mầm non Song ngữ Sao Khuê,hcm,1,10.9590506,106.857486305126,Phường Tân Hiệp,Phường Tân Hiệp,out-of-footprint,1,pitch,True,False,"Trường Mầm non Song ngữ Sao Khuê, 512/9A, Đường Đồng Khởi, Khu phố 3, Phường Tân Hiệp, Thành phố Biên Hòa, Tỉnh Đồng Nai, 76111, Việt Nam",,Đường Đồng Khởi,leisure:[pitch] ;; sport:[soccer]
update,a4e4e265-1a62-4f6f-b5bc-87eb12ff7635,246631252,directory,Trường THPT Chuyên Lương Thế Vinh,hcm,1,10.9578601,106.863294469166,Phường Tân Hiệp,Phường Tân Hiệp,out-of-footprint,2,pitch,True,False,"Trường THPT Chuyên Lương Thế Vinh, 12, Đường Lê Quý Đôn, Khu phố 3, Phường Tân Hiệp, Thành phố Biên Hòa, Tỉnh Đồng Nai, 76111, Việt Nam",12,Đường Lê Quý Đôn,"phone:[+84 251 3828 107] ;; grades:[10-12] ;; website:[https://chuyenluongthevinh.edu.vn/] ;; leisure:[pitch] ;; sport:[multi, basketball]"
update,8b7c149d-8cbc-4831-9613-8483c4ecbddf,246634878,directory,Trường Đại học Đồng Nai,hcm,1,10.9587618,106.861516391848,Phường Tân Hiệp,Phường Tân Hiệp,out-of-footprint,1|4,pitch|sports_centre,True,False,"Trường Đại học Đồng Nai, Hẻm 7 Đường Lê Quý Đôn, Khu phố 3, Phường Tân Hiệp, Thành phố Biên Hòa, Tỉnh Đồng Nai, 76111, Việt Nam",,Hẻm 7 Đường Lê Quý Đôn,"website:[https://dnpu.edu.vn/] ;; leisure:[sports_centre, pitch] ;; sport:[tennis, soccer]"
update,3c14c51e-ae8a-4215-90d6-350c50819671,246642373,directory,Trường TH-THCS-THPT Tân Hòa,hcm,1,10.9775061,106.905966059007,Phường Tân Hòa,Phường Tân Hòa,out-of-footprint,1,pitch|swimming_pool,True,False,"Trường TH-THCS-THPT Tân Hòa, Đường Nguyễn Trường Tộ, Khu phố 1, Phường Tân Hòa, Thành phố Biên Hòa, Tỉnh Đồng Nai, 76111, Việt Nam",,Đường Nguyễn Trường Tộ,"leisure:[pitch, swimming_pool] ;; sport:[soccer]"
update,0ebb0189-6b8b-47cf-9642-90d365369b30,246623061,directory,,hcm,1,10.95396623079,106.772221685736,Phường Tân Hạnh,Phường Tân Hạnh,out-of-footprint,1,pitch,True,False,"Phường Tân Hạnh, Thành phố Biên Hòa, Tỉnh Đồng Nai, 75209, Việt Nam",,,leisure:[pitch] ;; sport:[soccer]
update,c7d4267c-f0bb-4fec-876e-33be4a0f0eeb,246627680,directory,Bệnh viện Tâm thần Trung ương 2,hcm,1,10.9670778,106.845332763895,Phường Tân Mai,Phường Tân Mai,out-of-footprint,1|4,pitch,True,False,"Bệnh viện Tâm thần Trung ương 2, 1310, Đường Nguyễn Ái Quốc, Khu phố 12, Phường Tân Mai, Thành phố Biên Hòa, Tỉnh Đồng Nai, 76117, Việt Nam",1310,Đường Nguyễn Ái Quốc,"healthcare:[hospital] ;; opening_hours:[24/7] ;; healthcare:speciality:[psychiatry] ;; leisure:[pitch] ;; sport:[tennis, soccer]"
update,67169cd8-179a-4a15-a2b7-0026441992f5,246623575,directory,Co-opBank,hcm,1,10.96066945,106.833519639749,Phường Tân Mai,Phường Tân Mai,out-of-footprint,,swimming_pool,False,False,"Co-opBank, Đường Nguyễn Ái Quốc, Khu phố 10, Phường Tân Mai, Thành phố Biên Hòa, Tỉnh Đồng Nai, 76118, Việt Nam",,Đường Nguyễn Ái Quốc,building:[yes] ;; leisure:[swimming_pool]
update,1bb295b0-d772-4dc3-89cd-ef517958ea33,246631659,directory,Công an tỉnh Đồng Nai,hcm,1,10.9593348,106.836342196161,Phường Tân Mai,Phường Tân Mai,out-of-footprint,,pitch,True,False,"Công an tỉnh Đồng Nai, Đường Lưu Văn Viết, Khu phố 7, Phường Tân Mai, Thành phố Biên Hòa, Tỉnh Đồng Nai, 76115, Việt Nam",,Đường Lưu Văn Viết,layer:[1] ;; landuse:[commercial] ;; leisure:[pitch] ;; sport:[volleyball]
update,a6fbf3c1-8d11-449f-b9e0-f7f5193e2873,246631691,directory,Cục Quản lý Thị trường Tỉnh Đồng Nai,hcm,1,10.95864075,106.842607136082,Phường Tân Mai,Phường Tân Mai,out-of-footprint,4,pitch,True,False,"Cục Quản lý Thị trường Tỉnh Đồng Nai, Đường Phan Trung, Khu phố 8, Phường Tân Mai, Thành phố Biên Hòa, Tỉnh Đồng Nai, 76115, Việt Nam",,Đường Phan Trung,landuse:[commercial] ;; leisure:[pitch] ;; sport:[tennis]
update,1d378e0b-c173-4213-9af8-f6c7e027b65a,246621381,directory,Khu Liên hợp Thể thao The V,hcm,1,10.96303895,106.84150783731,Phường Tân Mai,Phường Tân Mai,out-of-footprint,,sports_centre|swimming_pool,False,False,"Khu Liên hợp Thể thao The V, Đường Nguyễn Ái Quốc, Khu phố 11, Phường Tân Mai, Thành phố Biên Hòa, Tỉnh Đồng Nai, 76115, Việt Nam",,Đường Nguyễn Ái Quốc,"leisure:[sports_centre, swimming_pool]"
update,66602cbe-697f-4085-90b0-bc5a445f776c,246638456,directory,Phòng Cảnh sát Giao thông tỉnh Đồng Nai,hcm,1,10.9593301,106.840190118458,Phường Tân Mai,Phường Tân Mai,out-of-footprint,4,pitch,True,False,"Phòng Cảnh sát Giao thông tỉnh Đồng Nai, Hẻm 252 Đường Phan Trung, Khu phố 8, Phường Tân Mai, Thành phố Biên Hòa, Tỉnh Đồng Nai, 76115, Việt Nam",,Hẻm 252 Đường Phan Trung,landuse:[commercial] ;; leisure:[pitch] ;; sport:[tennis]
update,5e44b73d-6a5f-4c11-8e9f-b53c6c9766dc,246632709,directory,Sân bóng Mini Hoa Lư,hcm,1,10.95924845,106.839043583828,Phường Tân Mai,Phường Tân Mai,out-of-footprint,1,pitch,True,False,"Sân bóng Mini Hoa Lư, Đường Lưu Văn Viết, Khu phố 7, Phường Tân Mai, Thành phố Biên Hòa, Tỉnh Đồng Nai, 76115, Việt Nam",,Đường Lưu Văn Viết,lit:[yes] ;; sport:[soccer] ;; surface:[artificial_turf] ;; leisure:[pitch]
update,9ccc919d-5efa-42fb-87ae-39ff111ec0c3,246629506,directory,Sân bóng đá Tân Tiến,hcm,1,10.96321265,106.846274928891,Phường Tân Mai,Phường Tân Mai,out-of-footprint,1,pitch,True,False,"Sân bóng đá Tân Tiến, Hẻm 1377  Nguyễn Ái Quốc, Khu phố 12, Phường Tân Mai, Thành phố Biên Hòa, Tỉnh Đồng Nai, 76115, Việt Nam",,Hẻm 1377  Nguyễn Ái Quốc,lit:[no] ;; sport:[soccer] ;; surface:[artificial_turf] ;; leisure:[pitch]
update,89ac4e82-8452-453c-b9e8-31aa92352ff3,246635271,directory,Trung tâm Văn hoá phường Tân Tiến,hcm,1,10.96439365,106.847810000939,Phường Tân Mai,Phường Tân Mai,out-of-footprint,,pitch,False,False,"Trung tâm Văn hoá phường Tân Tiến, Đường Lê Thoa, Khu phố 12, Phường Tân Mai, Thành phố Biên Hòa, Tỉnh Đồng Nai, 76115, Việt Nam",,Đường Lê Thoa,leisure:[pitch]
update,ca086a50-3216-4643-9e12-09532610b8b3,246629932,directory,Trường THPT Lê Quý Đôn,hcm,1,10.9567425,106.849758811802,Phường Tân Mai,Phường Tân Mai,out-of-footprint,1,pitch,True,False,"Trường THPT Lê Quý Đôn, Đường Phạm Văn Thuận, Khu phố 3, Phường Tân Mai, Thành phố Biên Hòa, Tỉnh Đồng Nai, 76115, Việt Nam",,Đường Phạm Văn Thuận,grades:[10-12] ;; leisure:[pitch] ;; sport:[soccer]
update,a49f62b7-4d4c-4b0b-8a8e-549db627a531,246635203,directory,Trường Tiểu học - THCS - THPT Bùi Thị Xuân,hcm,1,10.96406885,106.845908007876,Phường Tân Mai,Phường Tân Mai,out-of-footprint,1,pitch,True,False,"Trường Tiểu học - THCS - THPT Bùi Thị Xuân, 1359, Đường Nguyễn Ái Quốc, Khu phố 12, Phường Tân Mai, Thành phố Biên Hòa, Tỉnh Đồng Nai, 76115, Việt Nam",1359,Đường Nguyễn Ái Quốc,"phone:[+84 251 3819 164] ;; grades:[1-12] ;; isced:level:[1, 2, 3] ;; old_addr:housenumber:[36] ;; leisure:[pitch] ;; sport:[soccer]"
update,18303aaa-173b-4fb7-9a82-1aaaac3dc45f,246624899,directory,,hcm,1,10.9885138,106.8398161,Phường Tân Phong,Phường Tân Phong,out-of-footprint,,pitch,True,False,"Khu phố 11A, Phường Tân Phong, Thành phố Biên Hòa, Tỉnh Đồng Nai, 76117, Việt Nam",,,leisure:[pitch] ;; sport:[volleyball]
update,38de40b7-792e-4094-9ce4-79d682ba9ae4,246641666,directory,,hcm,1,10.9865223085201,106.845823725099,Phường Tân Phong,Phường Tân Phong,out-of-footprint,1|4,pitch|swimming_pool,True,False,"Khu phố 11, Phường Tân Phong, Thành phố Biên Hòa, Tỉnh Đồng Nai, 76117, Việt Nam",,,"leisure:[pitch, swimming_pool] ;; sport:[soccer, tennis]"
update,5054bacb-38e0-4c75-a378-a3e7dcad9f81,246638517,directory,,hcm,1,10.9645128243329,106.830833180109,Phường Tân Phong,Phường Tân Phong,out-of-footprint,1,pitch|swimming_pool,True,False,"Khu phố 4, Phường Tân Phong, Thành phố Biên Hòa, Tỉnh Đồng Nai, 76117, Việt Nam",,,"leisure:[pitch, swimming_pool] ;; sport:[soccer, volleyball]"
update,a1afcbc3-fe7b-41a6-95c7-8118a4783479,246633647,directory,,hcm,1,10.9614022580903,106.828894406809,Phường Tân Phong,Phường Tân Phong,out-of-footprint,4,pitch,True,False,"Khu phố 4, Phường Tân Phong, Thành phố Biên Hòa, Tỉnh Đồng Nai, 76118, Việt Nam",,,leisure:[pitch] ;; sport:[tennis]
update,bddb2992-f376-4edd-8432-9a3ed7a6cad9,246623058,directory,,hcm,1,10.9613306346063,106.83403191657,Phường Tân Phong,Phường Tân Phong,out-of-footprint,4,pitch,True,False,"Đường Nguyễn Ái Quốc, Khu phố 2, Phường Tân Phong, Thành phố Biên Hòa, Tỉnh Đồng Nai, 76118, Việt Nam",,Đường Nguyễn Ái Quốc,lit:[yes] ;; lanes:[3] ;; oneway:[yes] ;; surface:[asphalt] ;; sidewalk:[right] ;; motorcycle:lanes:[no|yes|yes] ;; motor_vehicle:lanes:[designated|yes|no] ;; leisure:[pitch] ;; sport:[tennis]
update,d65ff7db-7979-4382-8511-7274ff948d6e,246630917,directory,,hcm,1,10.9635352951234,106.815613163516,Phường Tân Phong,Phường Tân Phong,out-of-footprint,4,pitch,True,False,"Phường Tân Phong, Thành phố Biên Hòa, Tỉnh Đồng Nai, 76118, Việt Nam",,,leisure:[pitch] ;; sport:[tennis]
update,378a6824-4231-4202-995b-e1c471ad538c,246630036,directory,Hội Cựu chiến binh tỉnh Đồng Nai,hcm,1,10.96262465,106.835468493572,Phường Tân Phong,Phường Tân Phong,out-of-footprint,1,pitch,True,False,"Hội Cựu chiến binh tỉnh Đồng Nai, 1618, Đường Nguyễn Ái Quốc, Khu phố 2, Phường Tân Phong, Thành phố Biên Hòa, Tỉnh Đồng Nai, 76117, Việt Nam",1618,Đường Nguyễn Ái Quốc,phone:[+84 251 3823 476] ;; landuse:[commercial] ;; leisure:[pitch] ;; sport:[soccer]
update,f50e7f95-9a60-4d85-93a7-0e02a00d4ef2,246637469,directory,Nhà thi đấu tỉnh Đồng Nai,hcm,1,10.95995945,106.830430809605,Phường Tân Phong,Phường Tân Phong,out-of-footprint,1|2|4,pitch|sports_centre|swimming_pool,True,False,"Nhà thi đấu tỉnh Đồng Nai, 1626, Đường Nguyễn Ái Quốc, Khu phố 2, Phường Tân Phong, Thành phố Biên Hòa, Tỉnh Đồng Nai, 76117, Việt Nam",1626,Đường Nguyễn Ái Quốc,"landuse:[recreation_ground] ;; leisure:[sports_centre, pitch, swimming_pool] ;; sport:[tennis, basketball, volleyball, soccer]"
update,8def178e-8ff2-4f3b-bb54-2238c9f2af7e,246628521,directory,Sân bóng đá Lê Hoàng,hcm,1,10.98280825,106.845217668252,Phường Tân Phong,Phường Tân Phong,out-of-footprint,1,pitch,True,False,"Sân bóng đá Lê Hoàng, Hẻm 34 Đường Nguyễn Văn Tiên, Khu phố 9, Phường Tân Phong, Thành phố Biên Hòa, Tỉnh Đồng Nai, 76116, Việt Nam",,Hẻm 34 Đường Nguyễn Văn Tiên,leisure:[pitch] ;; sport:[soccer]
update,9d822544-0b71-40d8-aa9a-e3983e29d508,246627670,directory,Sân bóng đá Phạm Nguyễn,hcm,1,10.9776288,106.842444612546,Phường Tân Phong,Phường Tân Phong,out-of-footprint,1,sports_centre,True,False,"Sân bóng đá Phạm Nguyễn, Hẻm 179 Đường Nguyễn Văn Tiên, Khu phố 7, Phường Tân Phong, Thành phố Biên Hòa, Tỉnh Đồng Nai, 76117, Việt Nam",,Hẻm 179 Đường Nguyễn Văn Tiên,sport:[soccer] ;; opening_hours:[24/7] ;; leisure:[sports_centre]
update,427ecea1-b2bc-41da-915d-8b0eb26ddf04,246630497,directory,Sân bóng đá Tân Phong,hcm,1,10.9676967,106.843920717909,Phường Tân Phong,Phường Tân Phong,out-of-footprint,1,pitch,True,False,"Sân bóng đá Tân Phong, Hẻm 41 Đường Nguyễn Văn Hoài, Khu phố 5, Phường Tân Phong, Thành phố Biên Hòa, Tỉnh Đồng Nai, 76115, Việt Nam",,Hẻm 41 Đường Nguyễn Văn Hoài,leisure:[pitch] ;; sport:[soccer]
update,40997860-3ee2-4ace-bd5d-d132419938a5,246632732,directory,Trạm xăng dầu 75,hcm,1,10.98856765,106.846333998904,Phường Tân Phong,Phường Tân Phong,out-of-footprint,,pitch,True,False,"Trạm xăng dầu 75, Đường Đồng Khởi, Phường Tân Phong, Thành phố Biên Hòa, Huyện Vĩnh Cửu, Tỉnh Đồng Nai, 76117, Việt Nam",,Đường Đồng Khởi,phone:[+84 61 389 00 84] ;; leisure:[pitch] ;; sport:[volleyball]
update,4af930a2-9bc8-404a-b5f6-58cf5b5bda12,246250007,directory,Sân thể thao Ấp Bình Lục,hcm,1,11.01469715,106.793038405307,Phường Tân Triều,,out-of-footprint,1,pitch,True,False,"Sân thể thao Ấp Bình Lục, Đương huyện 9, Xã Tân Bình, Huyện Vĩnh Cửu, Tỉnh Đồng Nai, 76117, Việt Nam",,Đương huyện 9,leisure:[pitch] ;; sport:[soccer]
update,e69234cf-98fb-4bd4-a770-8d66f8a188c1,246624356,directory,Trung tâm Văn hoá xã Bình Hoà,hcm,1,10.9812056,106.799716915031,Phường Tân Triều,,out-of-footprint,1|4,pitch,True,False,"Trung tâm Văn hoá xã Bình Hoà, Đường tỉnh 768, Xã Tân Bình, Huyện Vĩnh Cửu, Tỉnh Đồng Nai, 76117, Việt Nam",,Đường tỉnh 768,"opening_hours:[24/7] ;; community_centre:[cultural_centre] ;; leisure:[pitch] ;; sport:[tennis, volleyball, soccer]"
update,5b1aea58-e1ce-43bb-9cc6-5d6d9f108d6e,246207137,directory,Trung tâm Văn hóa xã Thạnh Phú,hcm,1,11.01202535,106.833604476633,Phường Tân Triều,,out-of-footprint,1,pitch,True,False,"Trung tâm Văn hóa xã Thạnh Phú, Đường tỉnh 768, Xã Thạnh Phú, Huyện Vĩnh Cửu, Tỉnh Đồng Nai, 76117, Việt Nam",,Đường tỉnh 768,leisure:[pitch] ;; sport:[soccer]
update,0edd5bac-c738-4a86-b755-3b1d48a6a4d1,246203505,directory,Trường THCS Thạnh Phú,hcm,1,11.01118105,106.830845622795,Phường Tân Triều,,out-of-footprint,,swimming_pool,False,False,"Trường THCS Thạnh Phú, Đường huyện 15, Xã Thạnh Phú, Huyện Vĩnh Cửu, Tỉnh Đồng Nai, 76913, Việt Nam",,Đường huyện 15,grades:[6-9] ;; leisure:[swimming_pool]
update,8a26884c-a5a4-449b-89a9-5006861d89ce,246203807,directory,Trường THPT Vĩnh Cửu,hcm,1,11.0124917,106.853105773187,Phường Tân Triều,,out-of-footprint,1,pitch,True,False,"Trường THPT Vĩnh Cửu, Đường tỉnh 768, Xã Thạnh Phú, Huyện Vĩnh Cửu, Tỉnh Đồng Nai, 76913, Việt Nam",,Đường tỉnh 768,grades:[10-12] ;; leisure:[pitch] ;; sport:[soccer]
update,600bf3ff-b1a3-4ed1-866c-833973514ca1,246201618,directory,Ấp 1,hcm,1,11.0119497310517,106.837243700932,Phường Tân Triều,,out-of-footprint,1,pitch,True,False,"Ấp 1, Xã Thạnh Phú, Huyện Vĩnh Cửu, Tỉnh Đồng Nai, 76913, Việt Nam",,,leisure:[pitch] ;; sport:[soccer]
update,4beef657-2a05-4ccb-af35-e347a2c5eb98,246205520,directory,Trung tâm Văn hoá xã Tâm Mỹ,hcm,1,11.05621135,106.836663772244,Phường Tân Uyên,,out-of-footprint,1|4,pitch,True,False,"Trung tâm Văn hoá xã Tâm Mỹ, Đường tỉnh 746, Xã Tân Mỹ, Huyện Bắc Tân Uyên, Tỉnh Bình Dương, 76913, Việt Nam",,Đường tỉnh 746,"leisure:[pitch] ;; sport:[tennis, volleyball, soccer]"
update,3a43b12b-a1f3-4b38-983a-ced817153633,246627160,directory,,hcm,1,10.9168801,106.8250492,Phường Tân Vạn,Phường Tân Vạn,out-of-footprint,4,pitch,True,False,"Khu phố 4, Phường Tân Vạn, Thành phố Biên Hòa, Tỉnh Đồng Nai, 76100, Việt Nam",,,leisure:[pitch] ;; sport:[tennis]
update,f16a8911-b333-4b23-bb6c-d2b2effa761a,246637784,directory,Công ty Cổ phần Maruichi Sun Steel,hcm,1,10.91086055,106.776003351281,Phường Tân Đông Hiệp,Phường Tân Đông Hiệp,out-of-footprint,1,pitch,True,False,"Công ty Cổ phần Maruichi Sun Steel, Nguyễn Trung Trực, Bình Minh 1, Phường Tân Đông Hiệp, Thành phố Dĩ An, Tỉnh Bình Dương, 75207, Việt Nam",,Nguyễn Trung Trực,landuse:[industrial] ;; leisure:[pitch] ;; sport:[soccer]
update,cbed0af1-5d5b-4b42-92ea-0f868cda4505,246622743,directory,Khu Thể thao Tân An,hcm,1,10.9129111,106.788530958808,Phường Tân Đông Hiệp,Phường Tân Đông Hiệp,out-of-footprint,1,pitch|sports_centre,True,False,"Khu Thể thao Tân An, 71, Đường Tân An, Tân An, Phường Tân Đông Hiệp, Thành phố Dĩ An, Tỉnh Bình Dương, 76106, Việt Nam",71,Đường Tân An,"sport:[soccer] ;; barrier:[fence] ;; leisure:[sports_centre, pitch]"
update,dd2413cf-3959-43cd-a0d6-016919c004ce,246206403,directory,,hcm,1,11.0634863396704,106.798074574172,Phường Uyên Hưng,Phường Uyên Hưng,out-of-footprint,,pitch,False,False,"Phường Uyên Hưng, Thành phố Tân Uyên, Tỉnh Bình Dương, Việt Nam",,,leisure:[pitch]
update,1c09724b-7707-42b5-8bb1-59bc23559e76,246620860,directory,,hcm,1,10.8868337,106.7830029,Phường Đông Hòa,Phường Đông Hòa,out-of-footprint,1,pitch,True,False,"Tân Hoà, Phường Đông Hòa, Thành phố Dĩ An, Tỉnh Bình Dương, 75350, Việt Nam",,,leisure:[pitch] ;; sport:[soccer]
update,4f5f38be-9102-4e1e-813b-c6804547d00a,246623378,directory,,hcm,1,10.8782556,106.8049689,Phường Đông Hòa,Phường Đông Hòa,out-of-footprint,2,pitch,True,False,"Tân Lập, Phường Đông Hòa, Thành phố Dĩ An, Tỉnh Bình Dương, 71300, Việt Nam",,,lit:[no] ;; horse:[no] ;; bicycle:[yes] ;; surface:[asphalt] ;; description:[Đường nối các sân] ;; leisure:[pitch] ;; sport:[basketball]
update,b05d8680-2235-4d07-99e3-772cee85288d,400160379,directory,,hcm,1,10.8761565031893,106.80026482036,Phường Đông Hòa,Phường Đông Hòa,out-of-footprint,,pitch,False,False,"Quảng trường sáng tạo, Phường Đông Hòa, Thành phố Dĩ An, Tỉnh Bình Dương, 71300, Việt Nam",,Quảng trường sáng tạo,oneway:[yes] ;; leisure:[pitch]
update,c39c5a7c-f6e0-4a92-bbca-1ed376c30681,246633388,directory,,hcm,1,10.8742902219569,106.801389070549,Phường Đông Hòa,Phường Đông Hòa,out-of-footprint,1,pitch,True,False,"Lưu Hữu Phước, Phường Đông Hòa, Thành phố Dĩ An, Tỉnh Bình Dương, 71300, Việt Nam",,Lưu Hữu Phước,leisure:[pitch] ;; sport:[soccer]
update,01fa40bc-7fb6-4c81-9c8b-46ef02fc8f01,246618512,directory,A11,hcm,1,10.87644675,106.806618416234,Phường Đông Hòa,Phường Đông Hòa,out-of-footprint,,pitch,True,False,"A11, Nguyễn Bỉnh Khiêm, Tân Lập, Phường Đông Hòa, Thành phố Dĩ An, Tỉnh Bình Dương, 71300, Việt Nam",,Nguyễn Bỉnh Khiêm,building:levels:[4] ;; leisure:[pitch] ;; sport:[volleyball]
update,88d3120f-37ac-47fe-8e69-55abd7627495,401701060,directory,Hồ bơi Nhà Khách ĐHQG,hcm,1,10.8795643,106.794673222488,Phường Đông Hòa,Phường Đông Hòa,out-of-footprint,4,pitch,True,False,"Hồ bơi Nhà Khách ĐHQG, Nguyễn Du, Phường Đông Hòa, Thành phố Dĩ An, Tỉnh Bình Dương, 71300, Việt Nam",,Nguyễn Du,access:[yes] ;; leisure:[pitch] ;; sport:[tennis]
update,526cd320-4451-4e57-9861-b33e8f12a62b,246623434,directory,Lấy nước A11,hcm,1,10.8766898,106.8066363,Phường Đông Hòa,Phường Đông Hòa,out-of-footprint,,pitch,True,False,"Lấy nước A11, Nguyễn Bỉnh Khiêm, Tân Lập, Phường Đông Hòa, Thành phố Dĩ An, Tỉnh Bình Dương, 71300, Việt Nam",,Nguyễn Bỉnh Khiêm,leisure:[pitch] ;; sport:[volleyball]
update,bee56081-dc40-479d-b4fe-4b0ffaf1ff3e,246633450,directory,Nhà TDTT ĐH Bách Khoa,hcm,1,10.88198605,106.806134479215,Phường Đông Hòa,Phường Đông Hòa,out-of-footprint,1|2,sports_centre|stadium,True,False,"Nhà TDTT ĐH Bách Khoa, Thomas Edison, Tân Lập, Phường Đông Hòa, Thành phố Dĩ An, Tỉnh Bình Dương, 71300, Việt Nam",,Thomas Edison,"sport:[basketball, volleyball, soccer] ;; building:[yes] ;; leisure:[sports_centre, stadium]"
update,e0a6b602-4627-4282-926d-ec127ca5dc1b,246621854,directory,Sân banh,hcm,1,10.87992935,106.809402107376,Phường Đông Hòa,Phường Đông Hòa,out-of-footprint,1,pitch,True,False,"Sân banh, Nguyễn Bỉnh Khiêm, Tân Lập, Phường Đông Hòa, Thành phố Dĩ An, Tỉnh Bình Dương, 71300, Việt Nam",,Nguyễn Bỉnh Khiêm,sport:[soccer] ;; leisure:[pitch]
update,04767487-fff7-4652-a670-8e2994f84343,246618151,directory,Sân bóng nhân tạo,hcm,1,10.8765676,106.805573930287,Phường Đông Hòa,Phường Đông Hòa,out-of-footprint,1,pitch,True,False,"Sân bóng nhân tạo, Tạ Quang Bửu, Tân Lập, Phường Đông Hòa, Thành phố Dĩ An, Tỉnh Bình Dương, 71300, Việt Nam",,Tạ Quang Bửu,lit:[yes] ;; sport:[soccer] ;; surface:[grass] ;; leisure:[pitch]
update,c016e264-0d25-4dee-83a6-1f7524e39960,246622540,directory,Sân bóng đá mini Quốc Phòng,hcm,1,10.891371,106.7988942,Phường Đông Hòa,Phường Đông Hòa,out-of-footprint,1,pitch|sports_centre,True,False,"Sân bóng đá mini Quốc Phòng, Đường Lê Quý Đôn, Phường Đông Hòa, Thành phố Dĩ An, Tỉnh Bình Dương, 71300, Việt Nam",,Đường Lê Quý Đôn,"leisure:[sports_centre, pitch] ;; sport:[soccer]"
update,2eed66b3-4cc5-446a-9141-f0958c9bcadc,246613942,directory,Trung tâm TDTT thị xã Dĩ An,hcm,1,10.90201265,106.778781580807,Phường Đông Hòa,Phường Đông Hòa,out-of-footprint,1,pitch|sports_centre|stadium,True,False,"Trung tâm TDTT thị xã Dĩ An, Hà Huy Giáp, Đông B, Phường Đông Hòa, Thành phố Dĩ An, Tỉnh Bình Dương, 75207, Việt Nam",,Hà Huy Giáp,"leisure:[sports_centre, stadium, pitch] ;; sport:[soccer]"
update,177e3386-4962-4198-b382-6fa1cce04454,246625355,directory,Trung tâm Thể dục Thể thao Đại học Quốc gia Thành phố Hồ Chí Minh,hcm,1,10.8823639,106.810864518615,Phường Đông Hòa,Phường Đông Hòa,out-of-footprint,1|2,pitch|sports_centre,True,False,"Trung tâm Thể dục Thể thao Đại học Quốc gia Thành phố Hồ Chí Minh, Thánh Gióng, Tân Lập, Phường Đông Hòa, Thành phố Dĩ An, Tỉnh Bình Dương, 71300, Việt Nam",,Thánh Gióng,"leisure:[sports_centre, pitch] ;; sport:[soccer, basketball, volleyball]"
update,8f39bdd6-c838-4616-be7e-ffa516bfa5e7,246633565,directory,Tòa nhà Trung tâm 2,hcm,1,10.8906285,106.801630614584,Phường Đông Hòa,Phường Đông Hòa,out-of-footprint,,pitch,True,False,"Tòa nhà Trung tâm 2, 7 Tháng 5, Phường Đông Hòa, Thành phố Dĩ An, Tỉnh Bình Dương, 71300, Việt Nam",,7 Tháng 5,leisure:[pitch] ;; sport:[volleyball]
update,1d135e09-14bf-4af4-b17a-b080f30ecc65,246608663,directory,coffee A6,hcm,1,10.8757635,106.8057509,Phường Đông Hòa,Phường Đông Hòa,out-of-footprint,1,pitch,True,False,"coffee A6, Quảng trường sáng tạo, Tân Lập, Phường Đông Hòa, Thành phố Dĩ An, Tỉnh Bình Dương, 71300, Việt Nam",,Quảng trường sáng tạo,leisure:[pitch] ;; sport:[soccer]
update,46abba53-9b9a-47be-875b-b2e7fe7f21a0,246640701,directory,,hcm,1,10.850236440232,106.939025369385,Xã An Phước,,out-of-footprint,1,pitch,True,False,"Xã An Phước, Huyện Long Thành, Tỉnh Đồng Nai, Việt Nam",,,leisure:[pitch] ;; sport:[soccer]
update,8b873b4e-9d14-4f9c-ab43-efa4baca4f28,246640737,directory,Resort Hoa Đệ Nhất,hcm,1,10.8313381,106.939211085509,Xã An Phước,,out-of-footprint,4,pitch|swimming_pool,True,False,"Resort Hoa Đệ Nhất, Quốc lộ 51, Xã An Phước, Huyện Long Thành, Tỉnh Đồng Nai, Việt Nam",,Quốc lộ 51,"leisure:[pitch, swimming_pool] ;; sport:[tennis]"
update,77d80225-e24f-4f3e-b910-4a2c2ea1267f,246635152,directory,Trường Hạ sĩ quan Tăng thiết giáp 1,hcm,1,10.8581691,106.977334902848,Xã An Phước,,out-of-footprint,4,pitch,True,False,"Trường Hạ sĩ quan Tăng thiết giáp 1, Đường Phùng Hưng, Xã An Phước, Huyện Long Thành, Tỉnh Đồng Nai, Việt Nam",,Đường Phùng Hưng,landuse:[military] ;; leisure:[pitch] ;; sport:[tennis]
update,df93d008-61cf-4bc3-9557-c4b5ac95d7b4,246657143,directory,Ấp 8,hcm,1,10.8565772863651,106.970417258067,Xã An Phước,,out-of-footprint,,swimming_pool,False,False,"Ấp 8, Xã An Phước, Huyện Long Thành, Tỉnh Đồng Nai, Việt Nam",,,leisure:[swimming_pool]
update,5f42adb6-2c62-408c-a9be-ccf216e539e5,246643919,directory,Khu 14,hcm,1,10.8220475713991,106.964993734373,Xã Bình An,,out-of-footprint,1,pitch,True,False,"Khu 14, Xã Long Đức, Huyện Long Thành, Tỉnh Đồng Nai, 76009, Việt Nam",,,leisure:[pitch] ;; sport:[soccer]
update,fe80abac-a817-47ed-a7a7-dcc83a6b81d5,246636768,directory,Khu kỹ năng Tuổi Thần Tiên,hcm,1,10.9675343,106.958914982086,Xã Bình Minh,,out-of-footprint,1,pitch|sports_centre,True,False,"Khu kỹ năng Tuổi Thần Tiên, Đường tỉnh 767, Xã Bắc Sơn, Huyện Trảng Bom, Tỉnh Đồng Nai, Việt Nam",,Đường tỉnh 767,"leisure:[sports_centre, pitch] ;; sport:[soccer]"
update,e10ded08-2013-444e-b6de-b87db691e9eb,246636362,directory,Trường TH-THCS Bắc Sơn,hcm,1,10.9643936,106.962056954975,Xã Bình Minh,,out-of-footprint,1,pitch,True,False,"Trường TH-THCS Bắc Sơn, Quốc lộ 1, Xã Bắc Sơn, Huyện Trảng Bom, Tỉnh Đồng Nai, Việt Nam",,Quốc lộ 1,leisure:[pitch] ;; sport:[soccer]
update,e35f0783-4262-46d1-a497-0655ed7e922e,246207687,directory,Công an huyện Bắc Tân Uyên,hcm,1,11.1159422,106.842919128031,Xã Bắc Tân Uyên,,out-of-footprint,1,pitch,True,False,"Công an huyện Bắc Tân Uyên, Đường huyện 411, Xã Đất Cuốc, Huyện Bắc Tân Uyên, Tỉnh Bình Dương, Việt Nam",,Đường huyện 411,police:[offices] ;; landuse:[commercial] ;; leisure:[pitch] ;; sport:[soccer]
update,7ab181f4-8297-4d44-a715-012ccdbabdfe,246200199,directory,Trung tâm Văn hoá huyện Bắc Tân Uyên,hcm,1,11.1254127,106.84662853967,Xã Bắc Tân Uyên,,out-of-footprint,1,pitch,True,False,"Trung tâm Văn hoá huyện Bắc Tân Uyên, Đường huyện 411, Thị trấn Tân Thành, Huyện Bắc Tân Uyên, Tỉnh Bình Dương, Việt Nam",,Đường huyện 411,"leisure:[pitch] ;; sport:[volleyball, soccer]"
update,13c8c9ce-7b37-42b3-b131-d1b5014c6e35,246680597,directory,,hcm,1,10.679017659655,106.933592577671,Xã Phước An,,out-of-footprint,1,pitch|stadium,True,False,"Xã Long Thọ, Huyện Nhơn Trạch, Tỉnh Đồng Nai, Việt Nam",,,"leisure:[stadium, pitch] ;; sport:[volleyball, soccer]"
update,0ef4cc1f-3f0c-4d88-b79c-4c036f6517ec,246686769,directory,Tòa nhà PVC,hcm,1,10.67966905,106.93286220499,Xã Phước An,,out-of-footprint,1|3|4,pitch,True,False,"Tòa nhà PVC, Lê Hồng Phong, Xã Long Thọ, Huyện Nhơn Trạch, Tỉnh Đồng Nai, Việt Nam",,Lê Hồng Phong,"leisure:[pitch] ;; sport:[soccer, badminton, tennis]"
update,b73438c2-1cf0-4cde-bbf2-c558294635b1,246200406,directory,Trường Tiểu học Thường Tân,hcm,1,11.0381923,106.847551916904,Xã Thường Tân,,out-of-footprint,1,pitch,True,False,"Trường Tiểu học Thường Tân, Đường tỉnh 746, Xã Thường Tân, Huyện Bắc Tân Uyên, Tỉnh Bình Dương, 76913, Việt Nam",,Đường tỉnh 746,grades:[1-5] ;; leisure:[pitch] ;; sport:[soccer]
update,b8a537b3-dc53-4f60-832b-253fe3dc87d5,246199377,directory,Trung tâm Giáo dục Quốc phòng và An ninh tỉnh Đồng Nai,hcm,1,11.0547429,106.939078299848,Xã Tân An,,out-of-footprint,1,pitch|swimming_pool,True,False,"Trung tâm Giáo dục Quốc phòng và An ninh tỉnh Đồng Nai, Đường tỉnh 768, Xã Tân An, Huyện Vĩnh Cửu, Tỉnh Đồng Nai, Việt Nam",,Đường tỉnh 768,"landuse:[military] ;; leisure:[pitch, swimming_pool] ;; sport:[soccer]"
update,c635c6c2-da9c-4101-9cd7-467e1bbf1c79,246204506,directory,Trường Tiểu học Tân An,hcm,1,11.03411325,106.915119527224,Xã Tân An,,out-of-footprint,,pitch,True,False,"Trường Tiểu học Tân An, Đường tỉnh 768, Xã Tân An, Huyện Vĩnh Cửu, Tỉnh Đồng Nai, Việt Nam",,Đường tỉnh 768,leisure:[pitch] ;; sport:[volleyball]
update,52491198-d5a4-4e98-a3f4-1fecfd13ec47,246689433,directory,,hcm,1,10.7441126083466,106.836956950336,Xã Đại Phước,,out-of-footprint,1,pitch,True,False,"Xã Đại Phước, Huyện Nhơn Trạch, Tỉnh Đồng Nai, Việt Nam",,,oneway:[yes] ;; leisure:[pitch] ;; sport:[soccer]
update,255fb6f6-1abc-4b7f-af12-73b9e0156ad5,246670596,directory,Cát Lái,hcm,1,10.7512198377172,106.796250490717,Xã Đại Phước,,out-of-footprint,,pitch,True,False,"Cát Lái, Xã Phú Hữu, Huyện Nhơn Trạch, Tỉnh Đồng Nai, 76260, Việt Nam",,,leisure:[pitch] ;; sport:[volleyball]
update,26f9a582-6fca-474a-8942-15b2878dc502,246690548,directory,Cù Lao,hcm,1,10.7353036158313,106.828512462609,Xã Đại Phước,,out-of-footprint,4,pitch|swimming_pool,True,False,"Cù Lao, Xã Đại Phước, Huyện Nhơn Trạch, Tỉnh Đồng Nai, 76260, Việt Nam",,,"oneway:[yes] ;; leisure:[pitch, swimming_pool] ;; sport:[tennis]"
update,2a03b76a-c5f5-4478-bd69-028b8f752384,246682381,directory,Trường Tiểu học Phú Hữu,hcm,1,10.74718065,106.795207728929,Xã Đại Phước,,out-of-footprint,1,pitch,True,False,"Trường Tiểu học Phú Hữu, Phan Văn Đáng, Xã Phú Hữu, Huyện Nhơn Trạch, Tỉnh Đồng Nai, 76260, Việt Nam",,Phan Văn Đáng,leisure:[pitch] ;; sport:[soccer]
update,e7f53e20-b342-4a1d-a5de-16cbc122372a,246549586,directory,,hcm,1,10.7511156538693,106.667834391071,hcm_andong,Quận 5,contains,4,pitch,True,True,"Hẻm 107 Trần Hưng Đạo, Phường 5, Quận 5, Thành phố Hồ Chí Minh, 73000, Việt Nam",,Hẻm 107 Trần Hưng Đạo,lanes:[2] ;; oneway:[no] ;; surface:[asphalt] ;; maxweight:[1] ;; leisure:[pitch] ;; sport:[tennis]
update,0a335b57-6d1e-48b4-aee3-e6014425b1bc,246534561,directory,Công viên nước Đại Thế Giới,hcm,1,10.75160165,106.668769537664,hcm_andong,Quận 5,contains,4,pitch,True,True,"Công viên nước Đại Thế Giới, Võ Văn Kiệt, Phường 5, Quận 5, Thành phố Hồ Chí Minh, 73009, Việt Nam",,Võ Văn Kiệt,leisure:[pitch] ;; sport:[tennis]
update,9623dd8b-7f31-442f-8208-da3b373964f6,246587108,directory,,hcm,1,10.8526539,106.6575974,hcm_anhoidong,Quận Gò Vấp,contains,,swimming_pool,False,True,"Hẻm 1163 Lê Đức Thọ, Phường 15, Quận Gò Vấp, Thành phố Hồ Chí Minh, 71500, Việt Nam",,Hẻm 1163 Lê Đức Thọ,lanes:[2] ;; surface:[asphalt] ;; leisure:[swimming_pool]
update,65508d5a-3cdb-400e-aac3-ba9e9fc0c48e,246575213,directory,Hồ bơi Nhà Thiếu nhi Gò Vấp,hcm,1,10.84370185,106.669621111993,hcm_anhoidong,Quận Gò Vấp,contains,,swimming_pool,False,True,"Hồ bơi Nhà Thiếu nhi Gò Vấp, Hẻm 27/1 Đường số 9, Phường 16, Quận Gò Vấp, Thành phố Hồ Chí Minh, 71500, Việt Nam",,Hẻm 27/1 Đường số 9,leisure:[swimming_pool]
update,cb93a809-d741-48d9-9734-48f5695bc6da,246588286,directory,Sân Bóng Thanh Niên 2,hcm,1,10.8539822,106.6736209,hcm_anhoidong,Quận Gò Vấp,contains,1,pitch,True,True,"Sân Bóng Thanh Niên 2, Hẻm 2 Tô Ngọc Vân, Phường 15, Quận Gò Vấp, Thành phố Hồ Chí Minh, 71500, Việt Nam",,Hẻm 2 Tô Ngọc Vân,sport:[soccer] ;; leisure:[pitch]
update,f5609f05-54c7-4844-8697-b68265e99b34,246565633,directory,Sân Vận Động Đạt Đức,hcm,1,10.8388016,106.6684478,hcm_anhoidong,Quận Gò Vấp,contains,,stadium,False,True,"Sân Vận Động Đạt Đức, Đường số 11, Phường 16, Quận Gò Vấp, Thành phố Hồ Chí Minh, 72100, Việt Nam",,Đường số 11,leisure:[stadium]
update,07594f53-fb07-422b-ba4a-3f4c060998c9,246588066,directory,Sân vận động Đạt Đức,hcm,1,10.8394168,106.668394086634,hcm_anhoidong,Quận Gò Vấp,contains,,sports_centre|stadium,False,True,"Sân vận động Đạt Đức, Đường số 11, Phường 16, Quận Gò Vấp, Thành phố Hồ Chí Minh, 72100, Việt Nam",,Đường số 11,"leisure:[sports_centre, stadium]"
update,f871a65b-6442-4219-a8fc-545ca354981a,246590990,directory,Trường Tiểu học Lê Đức Thọ,hcm,1,10.84956655,106.675029566717,hcm_anhoidong,Quận Gò Vấp,contains,1,pitch,True,True,"Trường Tiểu học Lê Đức Thọ, 688/57/44, Hẻm 688 Lê Đức Thọ, Phường 15, Quận Gò Vấp, Thành phố Hồ Chí Minh, 71500, Việt Nam",,Hẻm 688 Lê Đức Thọ,leisure:[pitch] ;; sport:[soccer]
update,21195272-1d4a-414e-a5fd-646a9a37f21e,246577110,directory,Block 2,hcm,1,10.8549243,106.649125321531,hcm_anhoitay,Quận Gò Vấp,contains,,swimming_pool,False,True,"Block 2, Hẻm 237/98 Phạm Văn Chiêu, Phường 14, Quận Gò Vấp, Thành phố Hồ Chí Minh, 71500, Việt Nam",,Hẻm 237/98 Phạm Văn Chiêu,leisure:[swimming_pool]
update,ad982675-5929-4f59-81d6-1c79581acbc2,246575139,directory,Làng Trẻ em SOS Gò Vấp,hcm,1,10.83903585,106.645969380346,hcm_anhoitay,Quận Gò Vấp,contains,1,pitch,True,True,"Làng Trẻ em SOS Gò Vấp, Đường số 14, Phường 8, Quận Gò Vấp, Thành phố Hồ Chí Minh, 71500, Việt Nam",,Đường số 14,building:[yes] ;; leisure:[pitch] ;; sport:[soccer]
update,9f18464b-4df9-4970-89bd-c93899dee4df,246578311,directory,Sân Vận Động Quân Đội Nhân Dân,hcm,1,10.83038845,106.641000240784,hcm_anhoitay,Quận Gò Vấp,contains,,pitch,False,True,"Sân Vận Động Quân Đội Nhân Dân, Hẻm 203 Huỳnh Văn Nghệ, Phường 12, Quận Gò Vấp, Thành phố Hồ Chí Minh, 71509, Việt Nam",,Hẻm 203 Huỳnh Văn Nghệ,access:[permissive] ;; leisure:[pitch]
update,0c83e35a-399b-4dfb-afe4-8a4caafa0412,246555106,directory,,hcm,1,10.806992771098,106.747141865023,hcm_ankhanh,Phường Thảo Điền,contains,4,pitch,True,True,"Phường Thảo Điền, Thành phố Thủ Đức, 71108, Việt Nam",,,lanes:[1] ;; access:[permit] ;; surface:[asphalt] ;; leisure:[pitch] ;; sport:[tennis]
update,1d869841-ec0a-4994-b8a0-6642e7803aee,246558561,directory,,hcm,1,10.8064286,106.736839802627,hcm_ankhanh,Phường Thảo Điền,contains,,swimming_pool,False,True,"11, Orchid, Phường Thảo Điền, Thành phố Thủ Đức, 71108, Việt Nam",11,Orchid,leisure:[swimming_pool]
update,1fe36d15-7c7e-4d42-9010-baffc11bf42a,246564409,directory,,hcm,1,10.8085998122706,106.735600837383,hcm_ankhanh,Phường Thảo Điền,contains,,swimming_pool,True,True,"Tulip, Phường Thảo Điền, Thành phố Thủ Đức, 71107, Việt Nam",,Tulip,leisure:[swimming_pool] ;; sport:[swimming]
update,26f97773-c732-45f1-b229-878b5d40fdee,246581749,directory,,hcm,1,10.8185333946078,106.731376812151,hcm_ankhanh,Phường Thảo Điền,contains,,swimming_pool,False,True,"Hẻm 189D Nguyễn Văn Hưởng, Phường Thảo Điền, Thành phố Thủ Đức, 71107, Việt Nam",,Hẻm 189D Nguyễn Văn Hưởng,leisure:[swimming_pool]
update,30633ec9-e470-40b2-a61d-ca2f6ed140e8,246551328,directory,,hcm,1,10.8080892103431,106.736276405933,hcm_ankhanh,Phường Thảo Điền,contains,4,pitch|swimming_pool,True,True,"Lotus, Phường Thảo Điền, Thành phố Thủ Đức, 71107, Việt Nam",,Lotus,"leisure:[pitch, swimming_pool] ;; sport:[tennis]"
update,3b13c789-d39f-4fd0-9d13-f88c03f6a867,246572082,directory,,hcm,1,10.80746165,106.737562600448,hcm_ankhanh,Phường Thảo Điền,contains,,swimming_pool,False,True,"23, Orchid, Phường Thảo Điền, Thành phố Thủ Đức, 71108, Việt Nam",23,Orchid,leisure:[swimming_pool]
update,51d552c9-229b-4d54-90ce-899ef99d2b55,246539071,directory,,hcm,1,10.7694585276351,106.72302173926,hcm_ankhanh,Phường An Lợi Đông,contains,,pitch,False,True,"Phường An Lợi Đông, Thành phố Thủ Đức, 71800, Việt Nam",,,oneway:[yes] ;; leisure:[pitch]
update,7c5b15f8-251b-4e09-a6ac-8ebe78f99f0a,246551689,directory,,hcm,1,10.7712254126525,106.721658310046,hcm_ankhanh,Phường An Lợi Đông,contains,4,pitch|swimming_pool,True,True,"Hoàng Thế Thiện, Phường An Lợi Đông, Thành phố Thủ Đức, 72806, Việt Nam",,Hoàng Thế Thiện,"leisure:[pitch, swimming_pool] ;; sport:[tennis]"
update,87f0055b-7c86-4a58-9dbe-7e42e6716023,246561700,directory,,hcm,1,10.8112382134978,106.735593639306,hcm_ankhanh,Phường Thảo Điền,contains,,swimming_pool,True,True,"Đường Số 1, Phường Thảo Điền, Thành phố Thủ Đức, 71107, Việt Nam",,Đường Số 1,leisure:[swimming_pool] ;; sport:[swimming]
update,97cf8539-7ab6-43bc-919b-03a59841f22f,246547342,directory,,hcm,1,10.7799907307221,106.723044722334,hcm_ankhanh,Phường Thủ Thiêm,contains,,swimming_pool,False,True,"Đường D3, Khu phố 3, Phường Thủ Thiêm, Thành phố Thủ Đức, 71108, Việt Nam",,Đường D3,leisure:[swimming_pool]
update,b7beaef1-61e5-4e4f-801e-3a036e95ac16,246582679,directory,,hcm,1,10.8152170852317,106.733388631575,hcm_ankhanh,Phường Thảo Điền,contains,,swimming_pool,False,True,"Hem 202, Phường Thảo Điền, Thành phố Thủ Đức, 71107, Việt Nam",,Hem 202,leisure:[swimming_pool]
update,cdf9f074-6583-471e-8043-c51218e461ee,246549459,directory,,hcm,1,10.80700945,106.737263005315,hcm_ankhanh,Phường Thảo Điền,contains,,swimming_pool,False,True,"17, Orchid, Phường Thảo Điền, Thành phố Thủ Đức, 71108, Việt Nam",17,Orchid,leisure:[swimming_pool]
update,d4906f3e-5c36-48f2-bc8a-a19b8cc0c263,246559234,directory,,hcm,1,10.8076451879518,106.737268180893,hcm_ankhanh,Phường Thảo Điền,contains,,swimming_pool,True,True,"Lily, Phường Thảo Điền, Thành phố Thủ Đức, 71108, Việt Nam",,Lily,leisure:[swimming_pool] ;; sport:[swimming]
update,e51b2692-1c17-4bca-9cf7-cf0f7ba0cb61,246561043,directory,,hcm,1,10.8084585,106.7493881,hcm_ankhanh,Phường An Phú,contains,,swimming_pool,False,True,"Đường số 5, Khu phố 16, Phường An Phú, Thành phố Thủ Đức, 71108, Việt Nam",,Đường số 5,leisure:[swimming_pool]
update,fb7a0b45-f107-4e8a-980d-5885282ca1af,246562857,directory,,hcm,1,10.8060498288332,106.737728178416,hcm_ankhanh,Phường Thảo Điền,contains,,swimming_pool,True,True,"Cherry Blossom, Phường Thảo Điền, Thành phố Thủ Đức, 71108, Việt Nam",,Cherry Blossom,sidewalk:[none] ;; leisure:[swimming_pool] ;; sport:[swimming]
update,fbe35ae4-162f-409c-88b0-13d1eebc460e,246559082,directory,,hcm,1,10.8106063,106.7358559,hcm_ankhanh,Phường Thảo Điền,contains,4,pitch,True,True,"Phường Thảo Điền, Thành phố Thủ Đức, 71107, Việt Nam",,,leisure:[pitch] ;; sport:[tennis]
update,ffb34c41-bf91-4895-9c83-1c9bdb3b82ef,246559038,directory,,hcm,1,10.8081314367445,106.734369435104,hcm_ankhanh,Phường Thảo Điền,contains,,swimming_pool,False,True,"Violet, Phường Thảo Điền, Thành phố Thủ Đức, 71107, Việt Nam",,Violet,leisure:[swimming_pool]
update,ffcd56ba-4cbc-4ea1-a363-4a32fa14094b,246555174,directory,,hcm,1,10.7706717843153,106.721745871256,hcm_ankhanh,Phường An Lợi Đông,contains,1|4,pitch,True,True,"Khu phố 4, Phường An Lợi Đông, Thành phố Thủ Đức, 72806, Việt Nam",,,"oneway:[yes] ;; surface:[asphalt] ;; leisure:[pitch] ;; sport:[tennis, soccer]"
update,7a52a92f-2905-420d-a58c-9aa911237956,246559215,directory,Australian International School Lotus Campus,hcm,1,10.8070215,106.735160309668,hcm_ankhanh,Phường Thảo Điền,contains,,swimming_pool,True,True,"Australian International School Lotus Campus, Lotus, Phường Thảo Điền, Thành phố Thủ Đức, 71107, Việt Nam",,Lotus,leisure:[swimming_pool] ;; sport:[swimming]
update,7d87b44f-8613-4f6b-8949-71406c89a750,246558733,directory,Australian International School Sports Center,hcm,1,10.80504675,106.736871580191,hcm_ankhanh,Phường Thảo Điền,contains,,pitch|sports_centre|swimming_pool,True,True,"Australian International School Sports Center, Thảo Điền, Phường Thảo Điền, Thành phố Thủ Đức, 71108, Việt Nam",,Thảo Điền,"leisure:[sports_centre, pitch, swimming_pool] ;; sport:[swimming]"
update,2f2e8b70-e6ab-4972-a4eb-4078a44ba68e,246573826,directory,Chung cư Masteri Thảo Điền,hcm,1,10.8026655239673,106.739706638147,hcm_ankhanh,Phường Thảo Điền,contains,,swimming_pool,False,True,"Chung cư Masteri Thảo Điền, Phường Thảo Điền, Thành phố Thủ Đức, 71108, Việt Nam",,,layer:[-1] ;; oneway:[yes] ;; tunnel:[yes] ;; leisure:[swimming_pool]
update,37b030b4-9ce6-4fa1-b771-33f41972cdd5,246550578,directory,Coastal,hcm,1,10.8074474,106.746006414113,hcm_ankhanh,Phường Thảo Điền,contains,,swimming_pool,False,True,"Coastal, 53, Võ Trường Toản, Khu phố 16, Phường Thảo Điền, Thành phố Thủ Đức, 71108, Việt Nam",53,Võ Trường Toản,email:[coastal@vintageemporium.net] ;; phone:[+84 0931 814 987] ;; website:[https://coastalsaigon.com/] ;; building:[yes] ;; leisure:[swimming_pool]
update,dae556c8-8480-4bee-a2cc-32faddce8e53,246561662,directory,Lô C,hcm,1,10.80513565,106.727327798555,hcm_ankhanh,Phường Thảo Điền,contains,4,pitch|swimming_pool,True,True,"Lô C, Road No.41, Phường Thảo Điền, Thành phố Thủ Đức, 72508, Việt Nam",,Road No.41,"layer:[1] ;; height:[80] ;; building:levels:[25] ;; leisure:[pitch, swimming_pool] ;; sport:[tennis]"
update,031ddead-de19-4e71-86ea-b6592c368b2b,246558369,directory,Masteri Thảo Điền,hcm,1,10.8026487,106.74239890775,hcm_ankhanh,Phường Thảo Điền,contains,,swimming_pool,False,True,"Masteri Thảo Điền, 159, Võ Nguyên Giáp, Phường Thảo Điền, Thành phố Thủ Đức, 71108, Việt Nam",159,Võ Nguyên Giáp,leisure:[swimming_pool]
update,e3d12710-9751-4914-937e-30a7ce2fa7b2,246559926,directory,Napoli Pizza,hcm,1,10.80465925,106.735628696206,hcm_ankhanh,Phường Thảo Điền,contains,4,pitch,True,True,"Napoli Pizza, Ngô Quang Huy, Phường Thảo Điền, Thành phố Thủ Đức, 71108, Việt Nam",,Ngô Quang Huy,building:[yes] ;; leisure:[pitch] ;; sport:[tennis]
update,3af24fa4-33c7-4de7-92ed-1f9e4c76bb20,246549305,directory,Pharmacity,hcm,1,10.802531,106.7382496,hcm_ankhanh,Phường Thảo Điền,contains,2,pitch,True,True,"Pharmacity, Trần Ngọc Diện, Phường Thảo Điền, Thành phố Thủ Đức, 71108, Việt Nam",,Trần Ngọc Diện,dispensing:[yes] ;; healthcare:[pharmacy] ;; drive_through:[no] ;; brand:wikidata:[Q115324413] ;; leisure:[pitch] ;; sport:[basketball]
update,0bb6e440-cb46-45e7-b05b-b7a06fdec8c6,404909110,directory,R+,hcm,1,10.7794149,106.7253304,hcm_ankhanh,Phường Thủ Thiêm,contains,,swimming_pool,False,True,"R+, 21, Tố Hữu, Khu phố 3, Phường Thủ Thiêm, Thành phố Thủ Đức, 71108, Việt Nam",21,Tố Hữu,website:[https://rcong.vn/] ;; leisure:[swimming_pool]
update,c388eb9b-ce5a-4f7b-ba8c-099f776d4eac,246580479,directory,River Garden,hcm,1,10.8151441,106.727350150024,hcm_ankhanh,Phường Thảo Điền,contains,,swimming_pool,False,True,"River Garden, 170, Nguyễn Văn Hưởng, Phường Thảo Điền, Thành phố Thủ Đức, 71107, Việt Nam",170,Nguyễn Văn Hưởng,building:levels:[25] ;; leisure:[swimming_pool]
update,335eae67-071c-42e8-95ba-1ee2760cb578,246549152,directory,SSA Sports Center,hcm,1,10.8068271,106.7385906,hcm_ankhanh,Phường Thảo Điền,contains,,swimming_pool,False,True,"SSA Sports Center, Cherry Blossom, Phường Thảo Điền, Thành phố Thủ Đức, 71108, Việt Nam",,Cherry Blossom,leisure:[swimming_pool]
update,4d4aa36b-3844-428c-afed-4b58e1e86655,246551015,directory,Sân Bóng đá & Bóng rổ Empire City,hcm,1,10.7681019,106.7120952,hcm_ankhanh,Phường Thủ Thiêm,contains,1|2,pitch,True,True,"Sân Bóng đá & Bóng rổ Empire City, Nguyễn Thiện Thành, Khu phố 1, Phường Thủ Thiêm, Thành phố Thủ Đức, 72806, Việt Nam",,Nguyễn Thiện Thành,"hoops:[2] ;; sport:[basketball, soccer] ;; access:[yes] ;; surface:[concrete] ;; leisure:[pitch]"
update,aafe8962-5988-4a5f-8008-867c8cd32883,246559554,directory,Thao Dien Pool,hcm,1,10.8023198,106.738921932384,hcm_ankhanh,Phường Thảo Điền,contains,,swimming_pool,False,True,"Thao Dien Pool, Thảo Điền, Phường Thảo Điền, Thành phố Thủ Đức, 71108, Việt Nam",,Thảo Điền,leisure:[swimming_pool]
update,bc5cf68f-a9d9-4216-b106-02b9c3ff94ea,246564708,directory,"The British International School, AP1 Campus",hcm,1,10.81116695,106.731534773558,hcm_ankhanh,Phường Thảo Điền,contains,1,pitch,True,True,"The British International School, AP1 Campus, Hẻm 215D Nguyễn Văn Hưởng, Phường Thảo Điền, Thành phố Thủ Đức, 71107, Việt Nam",,Hẻm 215D Nguyễn Văn Hưởng,leisure:[pitch] ;; sport:[soccer]
update,f213ac7b-81b3-46a7-bf8a-de66657add2e,246570351,directory,Tháp 101,hcm,1,10.81701085,106.730396478839,hcm_ankhanh,Phường Thảo Điền,contains,4,pitch,True,True,"Tháp 101, Hẻm 188 Nguyễn Văn Hưởng, Phường Thảo Điền, Thành phố Thủ Đức, 71107, Việt Nam",,Hẻm 188 Nguyễn Văn Hưởng,layer:[1] ;; building:levels:[28] ;; leisure:[pitch] ;; sport:[tennis]
update,c5c0228a-891a-44fc-b715-4ed7d723c0c2,246578632,directory,Tháp 102,hcm,1,10.8168099,106.7309146,hcm_ankhanh,Phường Thảo Điền,contains,,swimming_pool,False,True,"Tháp 102, Hẻm 189D Nguyễn Văn Hưởng, Phường Thảo Điền, Thành phố Thủ Đức, 71107, Việt Nam",,Hẻm 189D Nguyễn Văn Hưởng,layer:[1] ;; building:levels:[28] ;; leisure:[swimming_pool]
update,bd468ebb-b8df-48c9-ba35-204cf1d13834,246583721,directory,Tháp 103,hcm,1,10.81622175,106.730732144382,hcm_ankhanh,Phường Thảo Điền,contains,,swimming_pool,False,True,"Tháp 103, Hẻm 188 Nguyễn Văn Hưởng, Phường Thảo Điền, Thành phố Thủ Đức, 71107, Việt Nam",,Hẻm 188 Nguyễn Văn Hưởng,layer:[1] ;; building:levels:[28] ;; leisure:[swimming_pool]
update,edd31c51-9953-4711-9c9d-7d3e058c3b28,246568904,directory,Tháp A2,hcm,1,10.81274745,106.72853162533,hcm_ankhanh,Phường Thảo Điền,contains,4,pitch,True,True,"Tháp A2, Đường Số 61, Phường Thảo Điền, Thành phố Thủ Đức, 71107, Việt Nam",,Đường Số 61,layer:[1] ;; building:levels:[30] ;; leisure:[pitch] ;; sport:[tennis]
update,b6529fb9-df00-4d9d-8496-bcfedf5fe57d,246548050,directory,Tháp Babylon,hcm,1,10.78200205,106.735859177681,hcm_ankhanh,Phường An Khánh,contains,,swimming_pool,False,True,"Tháp Babylon, Đường Đặng Bình Thành, Phường An Khánh, Thành phố Thủ Đức, 71108, Việt Nam",,Đường Đặng Bình Thành,building:levels:[28] ;; leisure:[swimming_pool]
update,937e669a-41a4-4bc7-a6f6-94add9e4dbf7,246541048,directory,Trường Quốc tế Việt Úc - Cơ sở Sala,hcm,1,10.77381395,106.729292389282,hcm_ankhanh,Phường An Lợi Đông,contains,1|2,pitch|swimming_pool,True,True,"Trường Quốc tế Việt Úc - Cơ sở Sala, Bùi Thiện Ngộ, Phường An Lợi Đông, Thành phố Thủ Đức, 71108, Việt Nam",,Bùi Thiện Ngộ,"leisure:[pitch, swimming_pool] ;; sport:[basketball, soccer]"
update,0c59b68b-58be-407a-988d-e72add8bd3ca,246557224,directory,Trường THPT chuyên Trần Đại Nghĩa,hcm,1,10.7836076,106.737735549539,hcm_ankhanh,Phường An Khánh,contains,1,pitch,True,True,"Trường THPT chuyên Trần Đại Nghĩa, Phạm Văn Ngôn, Phường An Khánh, Thành phố Thủ Đức, 71108, Việt Nam",,Phạm Văn Ngôn,grades:[10-12] ;; wikidata:[Q7833291] ;; wikipedia:[vi:Trường Trung học phổ thông chuyên Trần Đại Nghĩa] ;; leisure:[pitch] ;; sport:[soccer]
update,87252e12-bb6c-416f-bf4c-53269b16d7db,246549232,directory,Tòa T4,hcm,1,10.8036003,106.742702941362,hcm_ankhanh,Phường Thảo Điền,contains,,swimming_pool,False,True,"Tòa T4, Đường D10, Phường Thảo Điền, Thành phố Thủ Đức, 71108, Việt Nam",,Đường D10,layer:[1] ;; leisure:[swimming_pool]
update,e4bd4ca3-2dd8-44fa-af78-437d4a1d385b,246561584,directory,Tổng Lãnh Sự Quán Ấn Độ,hcm,1,10.8075396,106.738140747481,hcm_ankhanh,Phường Thảo Điền,contains,,swimming_pool,True,True,"Tổng Lãnh Sự Quán Ấn Độ, Orchid, Phường Thảo Điền, Thành phố Thủ Đức, 71108, Việt Nam",,Orchid,target:[VN] ;; country:[IN] ;; building:[yes] ;; consulate:[consulate_general] ;; diplomatic:[consulate] ;; leisure:[swimming_pool] ;; sport:[swimming]
update,0e6f5308-54d5-4988-8e13-66fe68278bae,246575009,directory,Villa Sông Sài Gòn,hcm,1,10.8157202,106.73394906955,hcm_ankhanh,Phường Thảo Điền,contains,,swimming_pool,False,True,"Villa Sông Sài Gòn, 197/2, Hẻm 197, Phường Thảo Điền, Thành phố Thủ Đức, 71107, Việt Nam",,Hẻm 197,email:[info@villasong.com] ;; phone:[+84 78 844 6090] ;; website:[https://villasong.com/] ;; leisure:[swimming_pool]
update,3a8daa16-e593-437b-bd19-e8adc41d20a3,246524640,directory,,hcm,1,10.756470833593,106.619276924348,hcm_anlac,Quận Bình Tân,contains,4,pitch,True,True,"Đường Số 6, Phường Bình Trị Đông B, Quận Bình Tân, Thành phố Hồ Chí Minh, 73118, Việt Nam",,Đường Số 6,lanes:[2] ;; surface:[asphalt] ;; leisure:[pitch] ;; sport:[tennis]
update,9550ec5d-e6f3-489f-be10-bcfc3ef1afd2,246522558,directory,,hcm,1,10.7502349,106.6137911,hcm_anlac,Quận Bình Tân,contains,4,pitch,True,True,"108, Đường số 5, Phường Bình Trị Đông B, Quận Bình Tân, Thành phố Hồ Chí Minh, 73118, Việt Nam",108,Đường số 5,leisure:[pitch] ;; sport:[tennis]
update,a4384580-c44c-40d7-a841-db8d1c851a8f,246710305,directory,,hcm,1,10.7332767,106.6140962,hcm_anlac,Quận Bình Tân,contains,1,pitch,True,True,"Hẻm 27/37 Bùi Tư Toàn, Phường An Lạc, Quận Bình Tân, Thành phố Hồ Chí Minh, 71910, Việt Nam",,Hẻm 27/37 Bùi Tư Toàn,service:[alley] ;; leisure:[pitch] ;; sport:[soccer]
update,f6bb62e6-8d11-4168-a212-948fa5a7f90d,246704698,directory,,hcm,1,10.7328114646477,106.614327209131,hcm_anlac,Quận Bình Tân,contains,1,pitch,True,True,"Hẻm 13 Bùi Tư Toàn, Phường An Lạc, Quận Bình Tân, Thành phố Hồ Chí Minh, 71910, Việt Nam",,Hẻm 13 Bùi Tư Toàn,service:[alley] ;; surface:[asphalt] ;; leisure:[pitch] ;; sport:[soccer]
update,e2f46abb-3b66-45f8-8ad3-444e3fb8c6d6,246691106,directory,Block AK2,hcm,1,10.71754255,106.60635485767,hcm_anlac,Quận Bình Tân,contains,,swimming_pool,False,True,"Block AK2, Lê Tấn Bê, Phường An Lạc, Quận Bình Tân, Thành phố Hồ Chí Minh, 71910, Việt Nam",,Lê Tấn Bê,leisure:[swimming_pool]
update,91700021-9362-4c91-a1dc-7f0bf9c896c8,246700126,directory,Chung cư Ehome 3,hcm,1,10.7145125455539,106.610357047251,hcm_anlac,Quận Bình Tân,contains,2,pitch|swimming_pool,True,True,"Chung cư Ehome 3, Quận Bình Tân, Thành phố Hồ Chí Minh, 71910, Việt Nam",,,"leisure:[pitch, swimming_pool] ;; sport:[basketball]"
update,0cc44999-b6ba-49f4-86e7-b2fa7ee92982,246699270,directory,Quận đoàn - Nhà thiếu nhi quận Bình Tân,hcm,1,10.73283085,106.612998198794,hcm_anlac,Quận Bình Tân,contains,1|2,pitch,True,True,"Quận đoàn - Nhà thiếu nhi quận Bình Tân, Bùi Tư Toàn, Phường An Lạc, Quận Bình Tân, Thành phố Hồ Chí Minh, 71910, Việt Nam",,Bùi Tư Toàn,"leisure:[pitch] ;; sport:[soccer, basketball]"
update,ed552edd-9efc-44eb-a372-8c5fa9ace951,246699562,directory,Sân Bóng Đá Mini Nguyễn Hữu Đan,hcm,1,10.7446349,106.6107209,hcm_anlac,Quận Bình Tân,contains,1,pitch,True,True,"Sân Bóng Đá Mini Nguyễn Hữu Đan, Đường 17C, Phường Bình Trị Đông B, Quận Bình Tân, Thành phố Hồ Chí Minh, 73118, Việt Nam",,Đường 17C,sport:[soccer] ;; leisure:[pitch]
update,d7e2fe81-2d65-4cec-ba05-8134568c7ec6,246542232,directory,Sân bóng đá mini Thăng Long,hcm,1,10.75581645,106.60704295,hcm_anlac,Quận Bình Tân,contains,1,stadium,True,True,"Sân bóng đá mini Thăng Long, Đường số 4, Phường Bình Trị Đông B, Quận Bình Tân, Thành phố Hồ Chí Minh, 73118, Việt Nam",,Đường số 4,sport:[soccer] ;; leisure:[stadium]
update,0bf7b001-b0c6-4e81-b43a-8499efaa2f6e,246701786,directory,Sân quần vợt Thanh Lam,hcm,1,10.74934335,106.617657946416,hcm_anlac,Quận Bình Tân,contains,4,pitch,True,True,"Sân quần vợt Thanh Lam, Đường số 3A, Phường Bình Trị Đông B, Quận Bình Tân, Thành phố Hồ Chí Minh, 73118, Việt Nam",,Đường số 3A,sport:[tennis] ;; access:[customers] ;; leisure:[pitch]
update,2c9eb56b-6677-4774-9589-fd0f4c83b6f1,246533265,directory,Trường THCS&THPT Phan Châu Trinh,hcm,1,10.7541923,106.612833690035,hcm_anlac,Quận Bình Tân,contains,4,pitch,True,True,"Trường THCS&THPT Phan Châu Trinh, 12, Đường Số 23, Phường Bình Trị Đông B, Quận Bình Tân, Thành phố Hồ Chí Minh, 73118, Việt Nam",12,Đường Số 23,leisure:[pitch] ;; sport:[tennis]
update,08d26901-0e63-40dc-a289-54c99eaa1ef4,246698281,directory,Trường Tiểu học Lương Thế Vinh,hcm,1,10.74644635,106.616256904935,hcm_anlac,Quận Bình Tân,contains,1,pitch,True,True,"Trường Tiểu học Lương Thế Vinh, 26, Đường số 16, Phường Bình Trị Đông B, Quận Bình Tân, Thành phố Hồ Chí Minh, 73118, Việt Nam",26,Đường số 16,phone:[028 6660 2616] ;; website:[https://thluongthevinhbt.hcm.edu.vn/homemb] ;; building:[public] ;; leisure:[pitch] ;; sport:[soccer]
update,6b321cef-ca8a-42b6-8f3a-ac8fbf42745f,246535721,directory,sân bóng đường số 4,hcm,1,10.75732485,106.60722115,hcm_anlac,Quận Bình Tân,contains,1,stadium,True,True,"sân bóng đường số 4, Đường số 4, Phường Bình Trị Đông B, Quận Bình Tân, Thành phố Hồ Chí Minh, 73118, Việt Nam",,Đường số 4,sport:[soccer] ;; leisure:[stadium]
update,063c95f9-7010-4354-a6a0-afc29ab5b080,246577575,directory,Hồ bơi Bến Cát,hcm,1,10.8330231,106.68662055,hcm_annhon,Quận Gò Vấp,contains,,swimming_pool,False,True,"Hồ bơi Bến Cát, Hẻm 102 Đường số 20, Phường 5, Quận Gò Vấp, Thành phố Hồ Chí Minh, 71400, Việt Nam",,Hẻm 102 Đường số 20,leisure:[swimming_pool]
update,38e0441a-6f32-4ec2-aefb-19b97be7f3b0,246567786,directory,Trường Quốc tế Việt Úc - Cơ sở Garden Hills,hcm,1,10.82305155,106.694931095832,hcm_annhon,Quận Gò Vấp,contains,1|2,pitch,True,True,"Trường Quốc tế Việt Úc - Cơ sở Garden Hills, Đường Số 6, Quận Gò Vấp, Thành phố Hồ Chí Minh, 71400, Việt Nam",,Đường Số 6,"grades:[0-12] ;; leisure:[pitch] ;; sport:[basketball, soccer]"
update,b7cf248a-acfe-46cb-b53f-e515955bb73d,246576444,directory,Đại học Văn Lang,hcm,1,10.82683975,106.699371671805,hcm_annhon,Quận Bình Thạnh,contains,,swimming_pool,False,True,"Đại học Văn Lang, Hẻm 1/57 Đặng Thùy Trâm, Phường 13, Quận Bình Thạnh, Thành phố Hồ Chí Minh, 71400, Việt Nam",,Hẻm 1/57 Đặng Thùy Trâm,leisure:[swimming_pool]
update,e843d68d-620e-4dea-8af8-9e76313adee4,246217658,directory,Ben Duoc Tunnels - Liberation Area,hcm,1,11.1409052,106.4610506,hcm_annhontay,,contains,,swimming_pool,True,True,"Ben Duoc Tunnels - Liberation Area, Đường tỉnh 789, Thành phố Hồ Chí Minh, Tỉnh Tây Ninh, Việt Nam",,Đường tỉnh 789,leisure:[swimming_pool] ;; sport:[swimming]
update,5c46d988-0a1e-43f5-a086-ebf52d587a18,246224810,directory,National Defence Sport Shooting Range,hcm,1,11.1368401,106.457415,hcm_annhontay,,contains,,sports_centre,True,True,"National Defence Sport Shooting Range, Đường tỉnh 789, Thành phố Hồ Chí Minh, Tỉnh Tây Ninh, Việt Nam",,Đường tỉnh 789,sport:[shooting] ;; tourism:[attraction] ;; leisure:[sports_centre]
update,8bc8c04d-5e5f-45ee-958a-b4dcdcfe4b10,246217720,directory,Trường THPT An Nhơn Tây,hcm,1,11.0824826,106.508847069595,hcm_annhontay,,contains,,pitch,False,True,"Trường THPT An Nhơn Tây, Đường số 766, Thành phố Hồ Chí Minh, Việt Nam",,Đường số 766,grades:[10-12] ;; leisure:[pitch]
update,f64b044b-95d2-4a6a-9a23-82c09e511b0d,246212896,directory,Xã An Nhơn Tây,hcm,1,11.0875497562686,106.511788064841,hcm_annhontay,,contains,1,pitch,True,True,"Xã An Nhơn Tây, Thành phố Hồ Chí Minh, Việt Nam",,,leisure:[pitch] ;; sport:[soccer]
update,b29c883f-16f0-40d4-b452-47f4f1bff390,246220040,directory,khu vực bắn súng,hcm,1,11.1434677,106.4618693,hcm_annhontay,,contains,,sports_centre,True,True,"khu vực bắn súng, Tỉnh lộ 15, Thành phố Hồ Chí Minh, Việt Nam",,Tỉnh lộ 15,sport:[shooting] ;; leisure:[sports_centre]
update,ae20ffb3-96bb-45bd-9e0f-e248028771c1,246613473,directory,Trường Cao đẳng Điện Lực,hcm,1,10.8795981,106.679575115824,hcm_anphudong,Quận 12,contains,4,pitch,True,True,"Trường Cao đẳng Điện Lực, Thạnh Lộc 30, Phường Thạnh Lộc, Quận 12, Thành phố Hồ Chí Minh, 71514, Việt Nam",,Thạnh Lộc 30,leisure:[pitch] ;; sport:[tennis]
update,7e5c1b69-6070-4efe-9a9c-cb7aea0d1da3,246614998,directory,Trường THPT Thạnh Lộc,hcm,1,10.87576175,106.681763960868,hcm_anphudong,Quận 12,contains,1,pitch,True,True,"Trường THPT Thạnh Lộc, Thạnh Lộc 22, Phường Thạnh Lộc, Quận 12, Thành phố Hồ Chí Minh, 71514, Việt Nam",,Thạnh Lộc 22,grades:[10-12] ;; leisure:[pitch] ;; sport:[soccer]
update,a8a9a50e-1644-43f9-98d5-b59d576210dc,246593114,directory,Trường THPT Nguyễn Hữu Cầu,hcm,1,10.868218,106.614839007391,hcm_badiem,,contains,1,pitch,True,True,"Trường THPT Nguyễn Hữu Cầu, 3, Nguyễn Hữu Cầu, Thành phố Hồ Chí Minh, 71716, Việt Nam",3,Nguyễn Hữu Cầu,grades:[10-12] ;; wikidata:[Q85324506] ;; wikipedia:[vi:Trường Trung học phổ thông Nguyễn Hữu Cầu] ;; leisure:[pitch] ;; sport:[soccer]
update,5ec667d3-8121-4984-97f8-afbe985259bb,246570393,directory,,hcm,1,10.8059962,106.65302,hcm_bayhien,Quận Tân Bình,contains,1|4,pitch,True,True,"Phường 4, Quận Tân Bình, Thành phố Hồ Chí Minh, 72106, Việt Nam",,,"leisure:[pitch] ;; sport:[soccer, tennis]"
update,6cd0fdf2-cb36-4745-9d91-89a276b07b6c,246570371,directory,,hcm,1,10.8080357,106.6488549,hcm_bayhien,Quận Tân Bình,contains,3,,True,True,"Phường 12, Quận Tân Bình, Thành phố Hồ Chí Minh, 70500, Việt Nam",,,sport:[badminton]
update,920b7878-1cdf-4775-854e-3a2c75da1e55,246563750,directory,,hcm,1,10.7908235344732,106.643550796961,hcm_bayhien,Quận Tân Bình,contains,4,pitch,True,True,"Đường Đồng Đen, Phường 14, Quận Tân Bình, Thành phố Hồ Chí Minh, 72012, Việt Nam",,Đường Đồng Đen,lanes:[2] ;; surface:[asphalt] ;; leisure:[pitch] ;; sport:[tennis]
update,2e94ae07-6b6c-4d52-9132-66871328c311,246574266,directory,Bảo tàng Không quân,hcm,1,10.80250665,106.649352364288,hcm_bayhien,Quận Tân Bình,contains,4,pitch,True,True,"Bảo tàng Không quân, Đường Cộng Hoà, Phường 12, Quận Tân Bình, Thành phố Hồ Chí Minh, 70500, Việt Nam",,Đường Cộng Hoà,leisure:[pitch] ;; sport:[tennis]
update,5691b9a1-554d-4bf8-9a92-6cbccc932e7b,246561369,directory,CLB Quần Vợt Viettel,hcm,1,10.8077908,106.649120002212,hcm_bayhien,Quận Tân Bình,contains,4,pitch,True,True,"CLB Quần Vợt Viettel, Hẻm 158 Hoàng Hoa Thám, Phường 12, Quận Tân Bình, Thành phố Hồ Chí Minh, 70500, Việt Nam",,Hẻm 158 Hoàng Hoa Thám,sport:[tennis] ;; leisure:[pitch]
update,09731f44-9370-4ef2-b961-9ec1df746871,246575656,directory,Cộng Hòa Garden,hcm,1,10.80354135,106.652239663669,hcm_bayhien,Quận Tân Bình,contains,,swimming_pool,False,True,"Cộng Hòa Garden, Hẻm 156 Cộng Hòa, Phường 12, Quận Tân Bình, Thành phố Hồ Chí Minh, 72106, Việt Nam",,Hẻm 156 Cộng Hòa,building:levels:[3] ;; leisure:[swimming_pool]
update,ed6da824-d663-4055-abd6-993a782ecaf7,246560585,directory,Sân bóng Hoàng Hoa Thám,hcm,1,10.805219,106.64858835,hcm_bayhien,Quận Tân Bình,contains,1|4,pitch,True,True,"Sân bóng Hoàng Hoa Thám, Hoàng Hoa Thám, Phường 13, Quận Tân Bình, Thành phố Hồ Chí Minh, 70500, Việt Nam",,Hoàng Hoa Thám,"sport:[soccer, tennis] ;; leisure:[pitch]"
update,690e6bcd-18a6-4cde-8c18-573068c2cee6,246558491,directory,Cung Văn Hóa Lao Động,hcm,1,10.7763399,106.692954881349,hcm_benthanh,Quận 1,contains,4,pitch|sports_centre|swimming_pool,True,True,"Cung Văn Hóa Lao Động, Trương Định, Khu phố 7, Quận 1, Thành phố Hồ Chí Minh, 71009, Việt Nam",,Trương Định,"leisure:[sports_centre, pitch, swimming_pool] ;; sport:[tennis, swimming]"
update,17f6ccbf-d587-4ecb-ba14-95020408aa65,246546495,directory,Công An Quận 1,hcm,1,10.76695705,106.696977908917,hcm_benthanh,Quận 1,contains,1|4,pitch,True,True,"Công An Quận 1, Đường Trịnh Văn Cấn, Khu phố 9, Quận 1, Thành phố Hồ Chí Minh, 71010, Việt Nam",,Đường Trịnh Văn Cấn,"police:[offices] ;; landuse:[commercial] ;; leisure:[pitch] ;; sport:[tennis, soccer]"
update,7c42312d-4d46-468b-acde-c726ab30c2f4,400870971,directory,Công viên Tao Đàn,hcm,1,10.774328,106.6937052,hcm_benthanh,Quận 1,contains,4,pitch,True,True,"Công viên Tao Đàn, Trương Định, Khu phố 7, Quận 1, Thành phố Hồ Chí Minh, 71009, Việt Nam",,Trương Định,bus:[yes] ;; public_transport:[platform] ;; leisure:[pitch] ;; sport:[tennis]
update,b50dd4e7-a909-40af-b65d-3cd571fbd62e,246553039,directory,Dinh Độc Lập,hcm,1,10.7770348,106.695488031801,hcm_benthanh,Quận 1,contains,4,pitch,True,True,"Dinh Độc Lập, 135, Nam Kỳ Khởi Nghĩa, Khu phố 7, Quận 1, Thành phố Hồ Chí Minh, 71006, Việt Nam",135,Nam Kỳ Khởi Nghĩa,"building:[palace] ;; operator:[Hội trường Thống Nhất] ;; wikidata:[Q933384] ;; wikipedia:[vi:Dinh Độc Lập] ;; opening_date:[1966-10-31] ;; contact:phone:[+84-80-85037] ;; opening_hours:[Mo-Su 08:00-11:00,13:00-16:30] ;; contact:website:[https://dinhdoclap.gov.vn] ;; wikimedia_commons:[Category:Independence Palace] ;; leisure:[pitch] ;; sport:[tennis]"
update,d83c3821-8279-4e2e-83bf-12046d9a0003,246558317,directory,Galaxy Cinema,hcm,1,10.77318745,106.692958793004,hcm_benthanh,Quận 1,contains,,sports_centre,False,True,"Galaxy Cinema, Đặng Trần Côn, Khu phố 5, Quận 1, Thành phố Hồ Chí Minh, 71009, Việt Nam",,Đặng Trần Côn,leisure:[sports_centre]
update,8865bd9b-ab77-4f3f-8e75-ec14cdaa9680,246554992,directory,Nhà khách 108 Nguyễn Du,hcm,1,10.7754826,106.695653943405,hcm_benthanh,Quận 1,contains,4,pitch,True,True,"Nhà khách 108 Nguyễn Du, Nguyễn Du, Khu phố 7, Quận 1, Thành phố Hồ Chí Minh, 71009, Việt Nam",,Nguyễn Du,leisure:[pitch] ;; sport:[tennis]
update,f5ed8298-af3e-402e-8fa7-9b3d19f9473a,246552383,directory,Sân vận động Tao Đàn,hcm,1,10.77521205,106.694758299623,hcm_benthanh,Quận 1,contains,1|2|4,pitch,True,True,"Sân vận động Tao Đàn, Nguyễn Du, Khu phố 7, Quận 1, Thành phố Hồ Chí Minh, 71009, Việt Nam",,Nguyễn Du,"sport:[soccer, tennis, basketball] ;; leisure:[pitch]"
update,7f646afd-67e2-4e6d-8942-fe5d9b0485b1,246549906,directory,Tòa án Nhân dân TP.HCM,hcm,1,10.77570965,106.697896135491,hcm_benthanh,Quận 1,contains,4,pitch,True,True,"Tòa án Nhân dân TP.HCM, 131, Nam Kỳ Khởi Nghĩa, Khu phố 7, Quận 1, Thành phố Hồ Chí Minh, 71006, Việt Nam",131,Nam Kỳ Khởi Nghĩa,height:[13] ;; building:[yes] ;; building:colour:[#fad19d] ;; leisure:[pitch] ;; sport:[tennis]
update,1d38670c-9dd2-4ca8-a2ae-8d181e9c03f4,246710171,directory,Nhà thờ Giáo xứ Bình Chánh,hcm,1,10.66095995,106.566218255045,hcm_binhchanh,Xã Bình Chánh,contains,1,pitch,True,True,"Nhà thờ Giáo xứ Bình Chánh, Đường Trịnh Như Khuê, Xã Bình Chánh, Thành phố Hồ Chí Minh, Việt Nam",,Đường Trịnh Như Khuê,religion:[christian] ;; denomination:[catholic] ;; leisure:[pitch] ;; sport:[soccer]
update,53c798e3-bb0d-4498-a42f-80dd9090a895,246686871,directory,Conic Riverside (Block B),hcm,1,10.7188471,106.637180629105,hcm_binhdong,Quận 8,contains,,swimming_pool,False,True,"Conic Riverside (Block B), Đường Số 1, Phường 7, Quận 8, Thành phố Hồ Chí Minh, 71812, Việt Nam",,Đường Số 1,building:levels:[22] ;; leisure:[swimming_pool]
update,d5338b46-7888-48a7-a4ca-6897295790d9,246691058,directory,HQ4,hcm,1,10.6947404,106.60693523346,hcm_binhdong,,contains,,swimming_pool,False,True,"HQ4, Đường A, Thành phố Hồ Chí Minh, 71812, Việt Nam",,Đường A,leisure:[swimming_pool]
update,53291882-61ea-4f74-afca-e231e0cb9bd2,246693805,directory,Trường THPT Tạ Quang Bửu,hcm,1,10.73355825,106.660458551821,hcm_binhdong,Quận 8,contains,1,pitch,True,True,"Trường THPT Tạ Quang Bửu, 909, Tạ Quang Bửu, Phường 5, Quận 8, Thành phố Hồ Chí Minh, 72400, Việt Nam",909,Tạ Quang Bửu,grades:[10-12] ;; leisure:[pitch] ;; sport:[soccer]
update,0ccdd53a-7a83-422b-81c6-eb879bb156fc,246695976,directory,,hcm,1,10.7330263329301,106.672805479606,hcm_binhhung,,contains,1,pitch,True,True,"Hẻm 84 Phạm Hùng, Thành phố Hồ Chí Minh, 72900, Việt Nam",,Hẻm 84 Phạm Hùng,leisure:[pitch] ;; sport:[soccer]
update,11d37f00-041c-4f8a-ac8a-17b5a87ab423,246698531,directory,,hcm,1,10.7316592548596,106.672972644515,hcm_binhhung,,contains,1,pitch,True,True,"Hẻm 110 Phạm Hùng, Thành phố Hồ Chí Minh, 72900, Việt Nam",,Hẻm 110 Phạm Hùng,lanes:[1] ;; surface:[concrete] ;; maxspeed:[40] ;; leisure:[pitch] ;; sport:[soccer]
update,1c3d631a-23aa-4a7b-8def-bf249cb4dc59,246701854,directory,,hcm,1,10.7328629102067,106.678437669168,hcm_binhhung,,contains,1,pitch,True,True,"Hẻm C7C Phạm Hùng, Thành phố Hồ Chí Minh, 72900, Việt Nam",,Hẻm C7C Phạm Hùng,leisure:[pitch] ;; sport:[soccer]
update,448b8ca4-8390-41c1-af36-3aa147f347cd,246680342,directory,,hcm,1,10.7115323347572,106.640959573168,hcm_binhhung,,contains,,swimming_pool,False,True,"Đường 8A, Thành phố Hồ Chí Minh, 71812, Việt Nam",,Đường 8A,leisure:[swimming_pool]
update,537c4fda-561c-49ed-bd0a-d156bf1528d3,246692157,directory,,hcm,1,10.6903002835175,106.643634010323,hcm_binhhung,,contains,4,pitch,True,True,"Đường Số 19, Thành phố Hồ Chí Minh, 71812, Việt Nam",,Đường Số 19,leisure:[pitch] ;; sport:[tennis]
update,7b907a0b-47c6-480e-8595-e6b046c52a79,246694582,directory,,hcm,1,10.6904708765724,106.643005911716,hcm_binhhung,,contains,4,pitch,True,True,"Kim Đồng, Thành phố Hồ Chí Minh, 71812, Việt Nam",,Kim Đồng,leisure:[pitch] ;; sport:[tennis]
update,837a60e1-3b24-40c1-8538-5ac94f816276,246682449,directory,,hcm,1,10.7127622762942,106.6440592099,hcm_binhhung,,contains,4,pitch,True,True,"Đường số 4, Thành phố Hồ Chí Minh, 71812, Việt Nam",,Đường số 4,surface:[asphalt] ;; leisure:[pitch] ;; sport:[tennis]
update,a389f800-61df-4548-ae48-4f03998accbf,246679933,directory,,hcm,1,10.6896205522671,106.642155373496,hcm_binhhung,,contains,,swimming_pool,False,True,"Đường Số 23, Thành phố Hồ Chí Minh, 71812, Việt Nam",,Đường Số 23,leisure:[swimming_pool]
update,a44d29a7-ed6c-4f42-8f3d-0e8f93e0e096,246676417,directory,,hcm,1,10.7274586242693,106.688991054674,hcm_binhhung,,contains,4,pitch,True,True,"Đường Số 2, Thành phố Hồ Chí Minh, 72900, Việt Nam",,Đường Số 2,leisure:[pitch] ;; sport:[tennis]
update,b0c2b490-dbb2-4032-a6e0-b246a50cfcbc,246682388,directory,,hcm,1,10.71245305,106.64153395,hcm_binhhung,,contains,2,pitch,True,True,"30, Đường Số 5, Thành phố Hồ Chí Minh, 71812, Việt Nam",30,Đường Số 5,"leisure:[pitch] ;; sport:[volleyball, basketball]"
update,d5b3511f-bc47-4e0e-9b6e-90f788ddd51e,246691325,directory,,hcm,1,10.7286918947472,106.671168948835,hcm_binhhung,,contains,,stadium,False,True,"Đường C4 Phạm Hủng, Thành phố Hồ Chí Minh, 72900, Việt Nam",,Đường C4 Phạm Hủng,leisure:[stadium]
update,e216ac1a-acb1-4c27-bdc2-9f4bd0793f35,246689405,directory,,hcm,1,10.7362272000842,106.693904992464,hcm_binhhung,,contains,4,pitch,True,True,"Đường số 1, Thành phố Hồ Chí Minh, 72910, Việt Nam",,Đường số 1,leisure:[pitch] ;; sport:[tennis]
update,e9185d3b-c9f3-436b-8f10-e4a9aabd1035,246693101,directory,,hcm,1,10.7324364,106.6673815,hcm_binhhung,,contains,1,pitch,True,True,"Hẻm C1 Phạm Hùng, Thành phố Hồ Chí Minh, 72400, Việt Nam",,Hẻm C1 Phạm Hùng,leisure:[pitch] ;; sport:[soccer]
update,7a57ed52-d5f2-4489-916b-29e8869c0a87,246680269,directory,Block B3 & B4,hcm,1,10.70589535,106.643725822306,hcm_binhhung,,contains,4,pitch,True,True,"Block B3 & B4, Đường số 7, Thành phố Hồ Chí Minh, 71812, Việt Nam",,Đường số 7,building:levels:[25] ;; leisure:[pitch] ;; sport:[tennis]
update,171c878a-8c27-4cd2-be84-accbeb84bbe0,246691819,directory,Block C2,hcm,1,10.70567045,106.64336556692,hcm_binhhung,,contains,,swimming_pool,False,True,"Block C2, Đường số 9, Thành phố Hồ Chí Minh, 71812, Việt Nam",,Đường số 9,building:levels:[25] ;; leisure:[swimming_pool]
update,eab26a26-d35d-461c-a535-a8f2f4dff25d,246691498,directory,Block D,hcm,1,10.6915699,106.641914462938,hcm_binhhung,,contains,,swimming_pool,False,True,"Block D, Đường Số 14, Thành phố Hồ Chí Minh, 71812, Việt Nam",,Đường Số 14,leisure:[swimming_pool]
update,08b94784-703e-4ed1-844c-56e3bc579ea4,246693657,directory,British Vietnamese International School,hcm,1,10.71967945,106.685726704138,hcm_binhhung,,contains,1,pitch,True,True,"British Vietnamese International School, Đường số 4A, Thành phố Hồ Chí Minh, 72900, Việt Nam",,Đường số 4A,wikidata:[Q4971196] ;; wikipedia:[en:British Vietnamese International School] ;; leisure:[pitch] ;; sport:[soccer]
update,c4a2a4d3-1bb6-4a8b-bcbf-447c3098332e,246697955,directory,Happy City,hcm,1,10.71284815,106.650578034052,hcm_binhhung,,contains,,swimming_pool,False,True,"Happy City, Thành phố Hồ Chí Minh, 71812, Việt Nam",,,leisure:[swimming_pool]
update,6c853805-4f9e-4452-bff5-584245e90944,246691448,directory,Hồ bơi 13C,hcm,1,10.71234255,106.644493161056,hcm_binhhung,,contains,,swimming_pool,True,True,"Hồ bơi 13C, Đường số 2A, Thành phố Hồ Chí Minh, 71812, Việt Nam",,Đường số 2A,sport:[swimming] ;; building:levels:[1] ;; leisure:[swimming_pool]
update,fab6b456-9396-411c-8573-d989e43092d9,246708598,directory,Quán ăn 30 Bờ Sông,hcm,1,10.728471,106.6700386,hcm_binhhung,,contains,,stadium,False,True,"Quán ăn 30 Bờ Sông, Đường C4 Phạm Hủng, Thành phố Hồ Chí Minh, 72900, Việt Nam",,Đường C4 Phạm Hủng,cuisine:[vietnamese] ;; leisure:[stadium]
update,edc7c360-327b-4f56-9382-a03c19930990,246686441,directory,Singapore International School,hcm,1,10.7365556,106.692374918681,hcm_binhhung,,contains,1,pitch|swimming_pool,True,True,"Singapore International School, Đường 6A, Thành phố Hồ Chí Minh, 72910, Việt Nam",,Đường 6A,"leisure:[pitch, swimming_pool] ;; sport:[soccer]"
update,6b13def9-d578-4544-9b89-3d317d4b792b,246680142,directory,Sân Vận Động Thanh Long,hcm,1,10.6903715,106.657461972081,hcm_binhhung,,contains,1,pitch,True,True,"Sân Vận Động Thanh Long, Tân Liêm, Thành phố Hồ Chí Minh, 71812, Việt Nam",,Tân Liêm,sport:[soccer] ;; leisure:[pitch]
update,6fc6907d-3ce1-4856-b183-a8be7dd98a09,246700432,directory,Sân bóng đá 13C,hcm,1,10.7156649,106.642786939353,hcm_binhhung,,contains,1,pitch|sports_centre,True,True,"Sân bóng đá 13C, Đường số 1C, Thành phố Hồ Chí Minh, 71812, Việt Nam",,Đường số 1C,"sport:[soccer, billiards] ;; leisure:[sports_centre, pitch]"
update,d3fac2b7-a42c-4966-8792-628701d696aa,246696765,directory,Sân tennis khu Greenlife 13C,hcm,1,10.7128391,106.644345091138,hcm_binhhung,,contains,4,pitch,True,True,"Sân tennis khu Greenlife 13C, Đường 1B, Thành phố Hồ Chí Minh, 71812, Việt Nam",,Đường 1B,sport:[tennis] ;; building:levels:[1] ;; leisure:[pitch]
update,46411248-b284-4e3a-8af7-129fae1029eb,246685928,directory,Thuần Việt,hcm,1,10.73525555,106.69367875,hcm_binhhung,,contains,1,pitch,True,True,"Thuần Việt, Đường số 1A, Thành phố Hồ Chí Minh, 72910, Việt Nam",,Đường số 1A,sport:[soccer] ;; leisure:[pitch]
update,2088f0ea-c34c-4200-bd08-6be00f7c72ef,246689955,directory,Trung tâm TDTT CONIC,hcm,1,10.7131494,106.640419924878,hcm_binhhung,,contains,4,pitch|sports_centre|swimming_pool,True,True,"Trung tâm TDTT CONIC, Đường Số 3A, Thành phố Hồ Chí Minh, 71812, Việt Nam",,Đường Số 3A,"leisure:[sports_centre, pitch, swimming_pool] ;; sport:[tennis, swimming, multi]"
update,de402f8b-d7b0-45a4-bce2-7b0ed4ed4518,246693273,directory,Trường Cao đẳng Kiến trúc Xây dựng Thành phố Hồ Chí Minh,hcm,1,10.7145161,106.647489605944,hcm_binhhung,,contains,1,pitch,True,True,"Trường Cao đẳng Kiến trúc Xây dựng Thành phố Hồ Chí Minh, Nguyễn Văn Linh, Thành phố Hồ Chí Minh, 71812, Việt Nam",,Nguyễn Văn Linh,leisure:[pitch] ;; sport:[soccer]
update,ac02c5c2-93da-4901-9426-16a237d7028f,246688615,directory,Trường Quốc tế Bắc Mỹ,hcm,1,10.73075545,106.687699546609,hcm_binhhung,,contains,1,pitch,True,True,"Trường Quốc tế Bắc Mỹ, Đường số 20, Thành phố Hồ Chí Minh, 72900, Việt Nam",,Đường số 20,phone:[+84 28 7301 9799] ;; barrier:[wall] ;; website:[https://sna.edu.vn/] ;; leisure:[pitch] ;; sport:[soccer]
update,aae19e31-d424-4450-9163-c55bc35c3b71,246693800,directory,"Trường Tiểu học, THCS, THPT Albert Einstein",hcm,1,10.7164105,106.642348285693,hcm_binhhung,,contains,1,pitch|sports_centre|swimming_pool,True,True,"Trường Tiểu học, THCS, THPT Albert Einstein, Đường số 1C, Thành phố Hồ Chí Minh, 71812, Việt Nam",,Đường số 1C,"website:[https://aesvietnam.edu.vn/] ;; leisure:[sports_centre, pitch, swimming_pool] ;; sport:[soccer, swimming]"
update,db89f2b4-411c-4861-a5ab-4a9f113ad048,246691431,directory,Trường Đại học Văn Hiến (cơ sở Hùng Hậu),hcm,1,10.7086578,106.643887210861,hcm_binhhung,,contains,1,pitch,True,True,"Trường Đại học Văn Hiến (cơ sở Hùng Hậu), Nguyễn Văn Linh, Thành phố Hồ Chí Minh, 71812, Việt Nam",,Nguyễn Văn Linh,leisure:[pitch] ;; sport:[soccer]
update,1647f197-71cb-4e79-a52e-3e78f37afc38,246693050,directory,Xã Phong Phú,hcm,1,10.6912702473639,106.658680959,hcm_binhhung,,contains,1,pitch,True,True,"Xã Phong Phú, Thành phố Hồ Chí Minh, 71812, Việt Nam",,,leisure:[pitch] ;; sport:[soccer]
update,0780247c-59fe-40bc-b40d-90562a62b95b,246687711,directory,Đại học Kinh tế Thành phố Hồ Chí Minh (cơ sở Nguyễn Văn Linh),hcm,1,10.70601635,106.640697854964,hcm_binhhung,,contains,,pitch,False,True,"Đại học Kinh tế Thành phố Hồ Chí Minh (cơ sở Nguyễn Văn Linh), Nguyễn Văn Linh, Thành phố Hồ Chí Minh, 71812, Việt Nam",,Nguyễn Văn Linh,leisure:[pitch]
update,65be6909-2b6b-462c-8fa7-0fc6d739163b,246537471,directory,,hcm,1,10.8075095029974,106.606881482285,hcm_binhhunghoa,Quận Bình Tân,contains,1,pitch,True,True,"Hẻm 79/51/30 Đường Số 5, Phường Bình Hưng Hòa, Quận Bình Tân, Thành phố Hồ Chí Minh, 71913, Việt Nam",,Hẻm 79/51/30 Đường Số 5,surface:[ground] ;; leisure:[pitch] ;; sport:[soccer]
update,49857e04-0ec2-475f-80fd-b6da6bf28bc8,400932830,directory,Sân bóng đá Cầu Trắng,hcm,1,10.78834685,106.615451933498,hcm_binhhunghoa,Quận Bình Tân,contains,1,pitch,True,True,"Sân bóng đá Cầu Trắng, 21, Kênh Nước Đen, Phường Bình Hưng Hòa A, Quận Bình Tân, Thành phố Hồ Chí Minh, 70000, Việt Nam",21,Kênh Nước Đen,lit:[yes] ;; sport:[soccer] ;; leisure:[pitch]
update,78012ec3-de4c-4807-9d84-2811807a6384,401112305,directory,Sân bóng đá Mã Lò,hcm,1,10.7843232,106.596581269749,hcm_binhhunghoa,Quận Bình Tân,contains,1,pitch,True,True,"Sân bóng đá Mã Lò, Đường số 21, Phường Bình Hưng Hòa A, Quận Bình Tân, Thành phố Hồ Chí Minh, 71913, Việt Nam",,Đường số 21,sport:[soccer] ;; leisure:[pitch]
update,9106bfdd-cef7-419f-88db-0565b9008a23,401106686,directory,Sân bóng đá hẻm 278 Gò Xoài,hcm,1,10.78960095,106.60546811502,hcm_binhhunghoa,Quận Bình Tân,contains,1,pitch,True,True,"Sân bóng đá hẻm 278 Gò Xoài, Hẻm 278 Gò Xoài, Phường Bình Hưng Hòa A, Quận Bình Tân, Thành phố Hồ Chí Minh, 71913, Việt Nam",,Hẻm 278 Gò Xoài,sport:[soccer] ;; leisure:[pitch]
update,e2948cad-957c-4f57-ba85-9cc7430e049c,246582980,directory,Sân quần vợt TANIMEX,hcm,1,10.81685575,106.6087079,hcm_binhhunghoa,Quận Bình Tân,contains,4,pitch|sports_centre,True,True,"Sân quần vợt TANIMEX, Đường M7, Phường Bình Hưng Hòa, Quận Bình Tân, Thành phố Hồ Chí Minh, 71914, Việt Nam",,Đường M7,"area:[yes] ;; sport:[tennis] ;; leisure:[sports_centre, pitch]"
update,cc0993d3-61f2-492b-a778-c180cf30e94c,246530114,directory,Trường THPT Bình Hưng Hòa,hcm,1,10.80761825,106.604477441094,hcm_binhhunghoa,Quận Bình Tân,contains,1|2,pitch,True,True,"Trường THPT Bình Hưng Hòa, 19, Hẻm 79 đường số 4, Phường Bình Hưng Hòa, Quận Bình Tân, Thành phố Hồ Chí Minh, 71913, Việt Nam",19,Hẻm 79 đường số 4,"grades:[10-12] ;; website:[http://thptbinhhunghoa.hcm.edu.vn/] ;; leisure:[pitch] ;; sport:[soccer, basketball]"
update,b06e2bfd-0636-43fd-b9d3-ba510fd22d95,246670034,directory,Trường THCS Bình Khánh,hcm,1,10.6418558,106.787172100203,hcm_binhkhanh,,contains,,pitch,False,True,"Trường THCS Bình Khánh, Trần Quang Quờn, Thành phố Hồ Chí Minh, Việt Nam",,Trần Quang Quờn,grades:[6-9] ;; leisure:[pitch]
update,6c2dbdb6-7a7e-40b1-b05b-4ef43ee15ac9,246685653,directory,Trường THPT Bình Khánh,hcm,1,10.6412897,106.787923615798,hcm_binhkhanh,,contains,2,pitch,True,True,"Trường THPT Bình Khánh, Đường Rừng Sác, Thành phố Hồ Chí Minh, Việt Nam",,Đường Rừng Sác,"grades:[10-12] ;; leisure:[pitch] ;; sport:[basketball, volleyball]"
update,ddb29565-3a61-468c-a0f7-daeaad510a0f,246524954,directory,Trường THPT Lê Minh Xuân,hcm,1,10.768255,106.551939095353,hcm_binhloi,,contains,2,pitch,True,True,"Trường THPT Lê Minh Xuân, Đường Láng Le Bàu Cò, Thành phố Hồ Chí Minh, Việt Nam",,Đường Láng Le Bàu Cò,grades:[10-12] ;; website:[https://thptleminhxuan.hcm.edu.vn/] ;; leisure:[pitch] ;; sport:[basketball]
update,2bc012d4-a169-420d-a780-5ea120dc76f4,246591144,directory,,hcm,1,10.8203442620757,106.701013146965,hcm_binhloitrung,Quận Bình Thạnh,contains,1,pitch,True,True,"Hẻm 335 Nơ Trang Long, Phường 13, Quận Bình Thạnh, Thành phố Hồ Chí Minh, 71400, Việt Nam",,Hẻm 335 Nơ Trang Long,surface:[asphalt] ;; hgv:conditional:[no @ (weight>1)] ;; leisure:[pitch] ;; sport:[soccer]
update,831a1555-5ded-4f12-8b07-d9683194ec48,246580559,directory,,hcm,1,10.8199822,106.7014098,hcm_binhloitrung,Quận Bình Thạnh,contains,1,pitch,True,True,"Hẻm 343 Nơ Trang Long, Phường 13, Quận Bình Thạnh, Thành phố Hồ Chí Minh, 71400, Việt Nam",,Hẻm 343 Nơ Trang Long,surface:[concrete] ;; leisure:[pitch] ;; sport:[soccer]
update,e59ca20e-56ae-4a16-8a88-5e304998153d,246572108,directory,,hcm,1,10.8347298664229,106.705944635106,hcm_binhloitrung,Quận Bình Thạnh,contains,4,pitch,True,True,"Hẻm 200 Bình Lợi, Phường 13, Quận Bình Thạnh, Thành phố Hồ Chí Minh, 71400, Việt Nam",,Hẻm 200 Bình Lợi,surface:[asphalt] ;; leisure:[pitch] ;; sport:[tennis]
update,4dec28c8-ab34-4d0e-aeac-84f9a86d69d3,246571092,directory,Liber Pickleball,hcm,1,10.8324082,106.697231869409,hcm_binhloitrung,Quận Bình Thạnh,contains,5,pitch,True,True,"Liber Pickleball, Hẻm 235/50/7 Đặng Thùy Trâm, Phường 13, Quận Bình Thạnh, Thành phố Hồ Chí Minh, 71400, Việt Nam",,Hẻm 235/50/7 Đặng Thùy Trâm,sport:[pickleball] ;; access:[yes] ;; leisure:[pitch]
update,03076a37-1c2a-4457-b79f-47bceb5cb572,246578465,directory,Outdoor badminton court,hcm,1,10.8270363,106.7018339,hcm_binhloitrung,Quận Bình Thạnh,contains,3,pitch,True,True,"Outdoor badminton court, Hẻm 39/4 Đường Đặng Thùy Trâm, Phường 13, Quận Bình Thạnh, Thành phố Hồ Chí Minh, 71400, Việt Nam",,Hẻm 39/4 Đường Đặng Thùy Trâm,lit:[no] ;; sport:[badminton] ;; access:[yes] ;; surface:[asphalt] ;; leisure:[pitch]
update,cb726972-e12d-42d0-887b-bf67fb9ca4ce,246576784,directory,Pickleball 426,hcm,1,10.82675535,106.707669659457,hcm_binhloitrung,Quận Bình Thạnh,contains,5,pitch,True,True,"Pickleball 426, 16/15, Hẻm 24 Bình Lợi, Phường 13, Quận Bình Thạnh, Thành phố Hồ Chí Minh, 72309, Việt Nam",,Hẻm 24 Bình Lợi,fee:[yes] ;; lit:[yes] ;; sport:[pickleball] ;; access:[yes] ;; surface:[concrete] ;; website:[https://www.facebook.com/profile.php?id=61550922176821] ;; leisure:[pitch]
update,a6182ba4-6d54-4386-a694-c45ea6b12a7d,246587320,directory,Trường THCS Bình Lợi Trung,hcm,1,10.83063465,106.70109532751,hcm_binhloitrung,Quận Bình Thạnh,contains,1,pitch|swimming_pool,True,True,"Trường THCS Bình Lợi Trung, 179, Hẻm 179 Đặng Thùy Trâm, Phường 13, Quận Bình Thạnh, Thành phố Hồ Chí Minh, 71400, Việt Nam",179,Hẻm 179 Đặng Thùy Trâm,"leisure:[pitch, swimming_pool] ;; sport:[soccer]"
update,cb1315cd-206f-4e6e-8ae6-c717d4fa1c2f,246703964,directory,,hcm,1,10.7389558915524,106.632138759881,hcm_binhphu,Quận 6,contains,4,pitch,True,True,"Hẻm 135 Nguyễn Văn Luông, Phường 10, Quận 6, Thành phố Hồ Chí Minh, 71910, Việt Nam",,Hẻm 135 Nguyễn Văn Luông,surface:[asphalt] ;; leisure:[pitch] ;; sport:[tennis]
update,ddff3247-f498-4092-9141-8701de3beac5,246697365,directory,,hcm,1,10.7425235038334,106.626811042453,hcm_binhphu,Quận 6,contains,4,pitch,True,True,"Đường số 24, Phường 11, Quận 6, Thành phố Hồ Chí Minh, 71910, Việt Nam",,Đường số 24,surface:[asphalt] ;; leisure:[pitch] ;; sport:[tennis]
update,d5970d50-f141-4353-afb6-f5ccd0da29bf,246701471,directory,Block C,hcm,1,10.73044255,106.624549753531,hcm_binhphu,Quận 8,contains,,swimming_pool,False,True,"Block C, Hẻm 204/131 An Dương Vương, Phường 16, Quận 8, Thành phố Hồ Chí Minh, 71910, Việt Nam",,Hẻm 204/131 An Dương Vương,leisure:[swimming_pool]
update,457267a3-cd4c-4a7e-beaa-2c4588d940c2,246697217,directory,Nhà thi đấu Quận 6,hcm,1,10.74400315,106.63313984709,hcm_binhphu,Quận 6,contains,,stadium,False,True,"Nhà thi đấu Quận 6, Đường Số 10, Phường 11, Quận 6, Thành phố Hồ Chí Minh, 71910, Việt Nam",,Đường Số 10,building:[yes] ;; leisure:[stadium]
update,4356c366-1f93-4e8d-9c73-2e55f9228d0f,246711997,directory,Trường THCS Nguyễn Thái Bình,hcm,1,10.73638635,106.627786257478,hcm_binhphu,Quận 6,contains,2|4,pitch,True,True,"Trường THCS Nguyễn Thái Bình, 104, Trần Văn Kiểu, Phường 10, Quận 6, Thành phố Hồ Chí Minh, 71910, Việt Nam",104,Trần Văn Kiểu,"leisure:[pitch] ;; sport:[tennis, basketball, volleyball]"
update,0211253d-c019-4056-9341-1f5b06db69ec,246694982,directory,Trường THPT Bình Phú,hcm,1,10.73539215,106.627525699536,hcm_binhphu,Quận 6,contains,1|2,pitch,True,True,"Trường THPT Bình Phú, 102, Đường Số 44, Phường 10, Quận 6, Thành phố Hồ Chí Minh, 71910, Việt Nam",102,Đường Số 44,"grades:[10-12] ;; leisure:[pitch] ;; sport:[soccer, basketball]"
update,1757f482-c3a1-4424-a8e3-235f7cff5e66,246685979,directory,Trường THPT Nguyễn Tất Thành,hcm,1,10.7471072,106.636190597514,hcm_binhphu,Quận 6,contains,1,pitch,True,True,"Trường THPT Nguyễn Tất Thành, 249, Đường Nguyễn Văn Luông, Phường 11, Quận 6, Thành phố Hồ Chí Minh, 71910, Việt Nam",249,Đường Nguyễn Văn Luông,grades:[10-12] ;; leisure:[pitch] ;; sport:[soccer]
update,10831d37-d2b7-4ac7-b2cc-5861d05f6301,246699054,directory,Trường Tiểu học Nguyễn Văn Luông,hcm,1,10.74738485,106.637206290564,hcm_binhphu,Quận 6,contains,,swimming_pool,False,True,"Trường Tiểu học Nguyễn Văn Luông, 489B/6, Hậu Giang, Phường 11, Quận 6, Thành phố Hồ Chí Minh, 71910, Việt Nam",,Hậu Giang,leisure:[swimming_pool]
update,267210b8-c9ad-412a-b88e-4a4fa86902c1,246585128,directory,,hcm,1,10.8194274,106.7240379,hcm_binhquoi,Quận Bình Thạnh,contains,4,pitch|swimming_pool,True,True,"Hẻm 149 Bình Quới, Phường 28, Quận Bình Thạnh, Thành phố Hồ Chí Minh, 72309, Việt Nam",,Hẻm 149 Bình Quới,"leisure:[pitch, swimming_pool] ;; sport:[tennis]"
update,47f7e725-0b81-4ae3-90a3-b796291e3fec,246581648,directory,,hcm,1,10.8196540434835,106.723309661895,hcm_binhquoi,Quận Bình Thạnh,contains,4,pitch,True,True,"Hẻm 137 Bình Quới, Phường 27, Quận Bình Thạnh, Thành phố Hồ Chí Minh, 72309, Việt Nam",,Hẻm 137 Bình Quới,leisure:[pitch] ;; sport:[tennis]
update,69f91123-bc11-4330-94d3-a5a17a187649,246581901,directory,,hcm,1,10.820089473108,106.725144877618,hcm_binhquoi,Quận Bình Thạnh,contains,,pitch,True,True,"Hẻm 185 Bình Quới, Phường 28, Quận Bình Thạnh, Thành phố Hồ Chí Minh, 72309, Việt Nam",,Hẻm 185 Bình Quới,"leisure:[pitch] ;; sport:[skateboard, roller_skating]"
update,7b55eb18-cef9-4131-8adb-8125c9c43943,246577060,directory,,hcm,1,10.8181393,106.718139,hcm_binhquoi,Quận Bình Thạnh,contains,4,pitch,True,True,"Phường 27, Quận Bình Thạnh, Thành phố Hồ Chí Minh, 72309, Việt Nam",,,oneway:[yes] ;; leisure:[pitch] ;; sport:[tennis]
update,896d9120-b535-49a8-a33e-1a320e6793fd,246569049,directory,,hcm,1,10.8191556,106.721819,hcm_binhquoi,Quận Bình Thạnh,contains,4,pitch,True,True,"Hẻm 117 Bình Quới, Phường 27, Quận Bình Thạnh, Thành phố Hồ Chí Minh, 72309, Việt Nam",,Hẻm 117 Bình Quới,leisure:[pitch] ;; sport:[tennis]
update,c7c5932a-06e7-4cc7-ab56-8e9c0d4d3d7b,246577684,directory,,hcm,1,10.8159594202096,106.719859382228,hcm_binhquoi,Quận Bình Thạnh,contains,,swimming_pool,False,True,"Hẻm 82/1 Bình Quới, Phường 27, Quận Bình Thạnh, Thành phố Hồ Chí Minh, 72309, Việt Nam",,Hẻm 82/1 Bình Quới,leisure:[swimming_pool]
update,2cb2fc2a-cd9d-4d8e-8c2e-42f05e88d567,246579280,directory,Sân Bóng Đá Cỏ Nhân Tạo Mini Thành Phát,hcm,1,10.8204766,106.725953,hcm_binhquoi,Quận Bình Thạnh,contains,1,pitch,True,True,"Sân Bóng Đá Cỏ Nhân Tạo Mini Thành Phát, Bình Quới, Phường 28, Quận Bình Thạnh, Thành phố Hồ Chí Minh, 71107, Việt Nam",,Bình Quới,"sport:[skateboard, roller_skating, roller_blading, soccer] ;; access:[customers] ;; leisure:[pitch]"
update,f7c7248c-f229-4e9b-86dc-b9c344323298,246582212,directory,Trung tâm Cai nghiện Ma túy - 1051 Bình Quới,hcm,1,10.8223084,106.7301708,hcm_binhquoi,Quận Bình Thạnh,contains,4,pitch,True,True,"Trung tâm Cai nghiện Ma túy - 1051 Bình Quới, Bình Quới, Phường 28, Quận Bình Thạnh, Thành phố Hồ Chí Minh, 71107, Việt Nam",,Bình Quới,bus:[yes] ;; public_transport:[platform] ;; leisure:[pitch] ;; sport:[tennis]
update,5e2270da-bd0c-4d75-abab-71956115d037,246598198,directory,,hcm,1,10.8170064156057,106.59343197418,hcm_binhtan,Quận Bình Tân,contains,4,pitch,True,True,"Đường P1, Phường Bình Hưng Hòa B, Quận Bình Tân, Thành phố Hồ Chí Minh, 71914, Việt Nam",,Đường P1,leisure:[pitch] ;; sport:[tennis]
update,316f071f-7e33-452a-bc1d-49bb6fb38015,246575816,directory,,hcm,1,10.8166077279873,106.702729708069,hcm_binhthanh,Quận Bình Thạnh,contains,1,pitch,True,True,"Phường 12, Quận Bình Thạnh, Thành phố Hồ Chí Minh, 72309, Việt Nam",,,leisure:[pitch] ;; sport:[soccer]
update,728927b0-dab6-4cc2-95db-cff48f6bf30a,246581954,directory,CLB Thể dục Thể Thao Lido,hcm,1,10.81612825,106.698354345407,hcm_binhthanh,Quận Bình Thạnh,contains,,swimming_pool,False,True,"CLB Thể dục Thể Thao Lido, 290, Đường Nơ Trang Long, Phường 13, Quận Bình Thạnh, Thành phố Hồ Chí Minh, 72309, Việt Nam",290,Đường Nơ Trang Long,leisure:[swimming_pool]
update,a3bbd58f-7c93-4871-a8bc-d97f88a0f9ff,246567377,directory,Học viện Cán bộ Thành phố Hồ Chí Minh,hcm,1,10.812343,106.702413267837,hcm_binhthanh,Quận Bình Thạnh,contains,1,pitch,True,True,"Học viện Cán bộ Thành phố Hồ Chí Minh, 324, Chu Văn An, Phường 12, Quận Bình Thạnh, Thành phố Hồ Chí Minh, 72317, Việt Nam",324,Chu Văn An,phone:[+84 28 2243 7830] ;; office:[educational_institution] ;; barrier:[fence] ;; website:[http://hocviencanbo.hochiminhcity.gov.vn/web/guest/home] ;; opening_hours:[Mo-Sa 08:00-20:00] ;; leisure:[pitch] ;; sport:[soccer]
update,06384440-39fc-46e3-bd13-db9653337def,246583340,directory,Sân banh số 8,hcm,1,10.8129546,106.70631779968,hcm_binhthanh,Quận Bình Thạnh,contains,1,pitch,True,True,"Sân banh số 8, 29, Đường Số 8, Phường 26, Quận Bình Thạnh, Thành phố Hồ Chí Minh, 72309, Việt Nam",29,Đường Số 8,lit:[yes] ;; phone:[+84 28 6673 5953] ;; sport:[soccer] ;; surface:[grass] ;; leisure:[pitch]
update,6fb2d29f-8a01-4b02-b798-0a6d99a679f1,246566988,directory,Sân bóng đá Phan Chu Trinh,hcm,1,10.81511335,106.701374451049,hcm_binhthanh,Quận Bình Thạnh,contains,1|4,pitch,True,True,"Sân bóng đá Phan Chu Trinh, Phan Châu Trinh, Phường 12, Quận Bình Thạnh, Thành phố Hồ Chí Minh, 72317, Việt Nam",,Phan Châu Trinh,"sport:[soccer, tennis] ;; leisure:[pitch]"
update,9a6d8f40-64f8-4040-b28a-dad556c4fae4,246583505,directory,Sân vận động Gia Định,hcm,1,10.81490415,106.702348487951,hcm_binhthanh,Quận Bình Thạnh,contains,1|2,pitch|stadium,True,True,"Sân vận động Gia Định, Phan Châu Trinh, Phường 12, Quận Bình Thạnh, Thành phố Hồ Chí Minh, 72317, Việt Nam",,Phan Châu Trinh,"leisure:[stadium, pitch] ;; sport:[soccer, basketball]"
update,d2252f49-3284-4a17-b78e-2d79e87fc1bb,246551829,directory,Trung Tâm TDTT Quận Bình Thạnh,hcm,1,10.8031659,106.6957158,hcm_binhthanh,Quận Bình Thạnh,contains,,pitch,False,True,"Trung Tâm TDTT Quận Bình Thạnh, Phan Đăng Lưu, Phường 14, Quận Bình Thạnh, Thành phố Hồ Chí Minh, 72317, Việt Nam",,Phan Đăng Lưu,leisure:[pitch]
update,9a0f8242-c952-4072-b6f9-6d4da8dceb4d,246539701,directory,Công Viên iSkate,hcm,1,10.7635858,106.648881130381,hcm_binhthoi,Quận 11,contains,,pitch,True,True,"Công Viên iSkate, Đường số 5, Phường 8, Quận 11, Thành phố Hồ Chí Minh, 72415, Việt Nam",,Đường số 5,sport:[skateboard] ;; leisure:[pitch]
update,fe39cb60-2eea-4fd2-8359-82f91116d21a,246540715,directory,Công viên Nước Đầm Sen,hcm,1,10.7681426,106.636301459762,hcm_binhthoi,Quận 11,contains,,swimming_pool,True,True,"Công viên Nước Đầm Sen, 3, Đường Hòa Bình, Phường 3, Quận 11, Thành phố Hồ Chí Minh, 72015, Việt Nam",3,Đường Hòa Bình,"sport:[multi, swimming, water_slide, wave_pool, boomerang] ;; website:[https://www.damsenwaterpark.com.vn/] ;; operator:[Công viên nước Đầm Sen] ;; opening_hours:[08:00-18:00] ;; leisure:[swimming_pool]"
update,1c3f3930-76a7-45a4-ad32-a2fe81a390a6,246535089,directory,Techcombank,hcm,1,10.764196,106.6481566,hcm_binhthoi,Quận 11,contains,,pitch,False,True,"Techcombank, Hẻm 297 Lãnh Binh Thăng, Phường 8, Quận 11, Thành phố Hồ Chí Minh, 72000, Việt Nam",,Hẻm 297 Lãnh Binh Thăng,operator:[Techcombank] ;; opening_hours:[24/7] ;; brand:wikidata:[Q10541776] ;; operator:wikidata:[Q10541776] ;; leisure:[pitch]
update,05bd9a6e-07e6-4a84-b3e0-1e1aae77b6a1,246540456,directory,Trường Tiểu học Lạc Long Quân,hcm,1,10.76187895,106.650957183337,hcm_binhthoi,Quận 11,contains,1,pitch,True,True,"Trường Tiểu học Lạc Long Quân, 225, Đường Lò Siêu, Phường 8, Quận 11, Thành phố Hồ Chí Minh, 72415, Việt Nam",225,Đường Lò Siêu,leisure:[pitch] ;; sport:[soccer]
update,59d3ff07-cc0b-44ce-9f35-8c86088b3a91,246532687,directory,Sân Bóng Đá Mini Bình Trị,hcm,1,10.7605388,106.6092141,hcm_binhtridong,Quận Bình Tân,contains,1,stadium,True,True,"Sân Bóng Đá Mini Bình Trị, Chiến Lược, Phường Bình Trị Đông A, Quận Bình Tân, Thành phố Hồ Chí Minh, 73118, Việt Nam",,Chiến Lược,sport:[soccer] ;; leisure:[stadium]
update,ae55ac85-e3e3-469a-9b78-0cf663064f69,246546297,directory,Sân Cầu Lông The B Hương Lộ 2,hcm,1,10.7664071,106.6000565,hcm_binhtridong,Quận Bình Tân,contains,3,pitch,True,True,"Sân Cầu Lông The B Hương Lộ 2, 859, Hương Lộ 2, Phường Bình Trị Đông A, Quận Bình Tân, Thành phố Hồ Chí Minh, 73118, Việt Nam",859,Hương Lộ 2,sport:[badminton] ;; access:[yes] ;; surface:[asphalt] ;; leisure:[pitch]
update,2aa0d7ac-6a3b-4302-b80a-bbed628cdc99,246658906,directory,,hcm,1,10.799418786621,106.751001679624,hcm_binhtrung,Phường An Phú,contains,4,pitch,True,True,"Khu phố 12, Phường An Phú, Thành phố Thủ Đức, 71108, Việt Nam",,,oneway:[yes] ;; surface:[asphalt] ;; leisure:[pitch] ;; sport:[tennis]
update,33542550-02c4-4235-8d65-779c9ed8ce3e,246676866,directory,,hcm,1,10.7899661031264,106.77543724328,hcm_binhtrung,Phường Bình Trưng Đông,contains,1,pitch,True,True,"Phường Bình Trưng Đông, Thành phố Thủ Đức, 08408, Việt Nam",,,leisure:[pitch] ;; sport:[soccer]
update,4c019351-63de-4c74-9457-9efdec41cac4,246550957,directory,,hcm,1,10.7994522618446,106.748842632139,hcm_binhtrung,Phường An Phú,contains,2,pitch,True,True,"Khu phố 10, Phường An Phú, Thành phố Thủ Đức, 71108, Việt Nam",,,leisure:[pitch] ;; sport:[basketball]
update,4ecdd912-1691-4ca2-8502-2d4042495f61,246669324,directory,,hcm,1,10.7926973535401,106.761684744535,hcm_binhtrung,Phường An Phú,contains,1,pitch,True,True,"Khu phố 19, Phường An Phú, Thành phố Thủ Đức, 08408, Việt Nam",,,oneway:[yes] ;; leisure:[pitch] ;; sport:[soccer]
update,6407466a-0628-483e-8f40-93b564de3afc,246667527,directory,,hcm,1,10.7929808870358,106.772633198668,hcm_binhtrung,Phường An Phú,contains,2,pitch,True,True,"Đường số 6, Phường An Phú, Thành phố Thủ Đức, 08408, Việt Nam",,Đường số 6,leisure:[pitch] ;; sport:[basketball]
update,7b05cf84-2007-4506-95f7-b6ac4aeb3787,246669565,directory,,hcm,1,10.7930144543487,106.777974514546,hcm_binhtrung,Phường Bình Trưng Đông,contains,1,pitch,True,True,"Đường số 51, Phường Bình Trưng Đông, Thành phố Thủ Đức, 08408, Việt Nam",,Đường số 51,leisure:[pitch] ;; sport:[soccer]
update,be2b278b-bef3-4000-b007-b5ae1327f63b,246667809,directory,,hcm,1,10.7972599226475,106.750634570293,hcm_binhtrung,Phường An Phú,contains,4,pitch,True,True,"Khu phố 13, Phường An Phú, Thành phố Thủ Đức, 71108, Việt Nam",,,oneway:[yes] ;; surface:[asphalt] ;; leisure:[pitch] ;; sport:[tennis]
update,e5fac9d1-5063-4d7a-983e-61c65e125f10,246572613,directory,,hcm,1,10.7934482042417,106.741775981823,hcm_binhtrung,Phường An Phú,contains,4,pitch,True,True,"Khu phố 2, Phường An Phú, Thành phố Thủ Đức, 71108, Việt Nam",,,leisure:[pitch] ;; sport:[tennis]
update,e3aa358d-8325-48f1-8783-a0afff596f24,246672546,directory,Block B,hcm,1,10.7898323,106.768716597295,hcm_binhtrung,Phường Bình Trưng Đông,contains,,swimming_pool,False,True,"Block B, cầu Giồng Ông Tố, Khu phố 18, Phường Bình Trưng Đông, Thành phố Thủ Đức, 08408, Việt Nam",,cầu Giồng Ông Tố,layer:[1] ;; leisure:[swimming_pool]
update,382c82c7-eebd-41d1-bc2f-a455dade62fa,246668883,directory,Chung Cư Imperia An Phú,hcm,1,10.7990471,106.750426442933,hcm_binhtrung,Phường An Phú,contains,,swimming_pool,False,True,"Chung Cư Imperia An Phú, Đường Số 25, Khu phố 10, Phường An Phú, Thành phố Thủ Đức, 71108, Việt Nam",,Đường Số 25,building:levels:[25] ;; leisure:[swimming_pool]
update,98fb239d-fd8c-433b-8419-b188cbbc2aa8,246667597,directory,Chung cư Blue Sky Tower,hcm,1,10.79044585,106.776096955183,hcm_binhtrung,Phường Bình Trưng Đông,contains,1,pitch,True,True,"Chung cư Blue Sky Tower, Đường số 63, Phường Bình Trưng Đông, Thành phố Thủ Đức, 08408, Việt Nam",,Đường số 63,level:[1] ;; leisure:[pitch] ;; sport:[soccer]
update,488efbfb-178a-4c2a-9226-71cf3b55536a,246676804,directory,Chung cư Thủ Thiêm Xanh,hcm,1,10.78976255,106.776571203846,hcm_binhtrung,Phường Bình Trưng Đông,contains,4,pitch,True,True,"Chung cư Thủ Thiêm Xanh, Đường số 63, Phường Bình Trưng Đông, Thành phố Thủ Đức, 08408, Việt Nam",,Đường số 63,building:levels:[15] ;; leisure:[pitch] ;; sport:[tennis]
update,24252283-970f-4315-acac-b78ef63340a8,246558555,directory,Ciao Cafe,hcm,1,10.8015335,106.748900185714,hcm_binhtrung,Phường An Phú,contains,,swimming_pool,False,True,"Ciao Cafe, Song Hành, Khu phố 9, Phường An Phú, Thành phố Thủ Đức, 71108, Việt Nam",,Song Hành,building:[yes] ;; leisure:[swimming_pool]
update,55a7c52c-6b50-4807-8057-5ac688139e60,246673500,directory,Hồ bơi Lakeview City,hcm,1,10.7944699,106.777023147287,hcm_binhtrung,Phường An Phú,contains,,swimming_pool,False,True,"Hồ bơi Lakeview City, Đường T, Khu phố 18, Phường An Phú, Thành phố Thủ Đức, 08408, Việt Nam",,Đường T,access:[private] ;; length:[50] ;; location:[outdoor] ;; swimming_pool:[outdoor] ;; leisure:[swimming_pool]
update,a0175c4f-1ffb-4739-a7a2-0fd568f4605b,246555237,directory,Khu thể thao Đảo Kim Cương,hcm,1,10.778658,106.748121699008,hcm_binhtrung,Phường Bình Trưng Tây,contains,2|4,pitch|sports_centre,True,True,"Khu thể thao Đảo Kim Cương, Đường Số 103-TML, Phường Bình Trưng Tây, Thành phố Thủ Đức, 71150, Việt Nam",,Đường Số 103-TML,"sport:[tennis, basketball] ;; leisure:[sports_centre, pitch]"
update,dcd521f0-11e3-43ee-96ff-e4de40c34bca,246660013,directory,Nhà thiếu nhi TP. Thủ Đức - Cơ sở 1,hcm,1,10.7872318,106.762003891803,hcm_binhtrung,Phường Bình Trưng Tây,contains,2,pitch,True,True,"Nhà thiếu nhi TP. Thủ Đức - Cơ sở 1, 200, Đường Nguyễn Duy Trinh, Phường Bình Trưng Tây, Thành phố Thủ Đức, 08408, Việt Nam",200,Đường Nguyễn Duy Trinh,leisure:[pitch] ;; sport:[basketball]
update,4f6987f4-0c59-487c-ae86-4d7077842029,246669577,directory,Nhà văn hóa lao động Thủ Đức,hcm,1,10.7877803,106.7637602,hcm_binhtrung,Phường Bình Trưng Tây,contains,,sports_centre,False,True,"Nhà văn hóa lao động Thủ Đức, 245, Đường Nguyễn Duy Trinh, Phường Bình Trưng Tây, Thành phố Thủ Đức, 08408, Việt Nam",245,Đường Nguyễn Duy Trinh,leisure:[sports_centre]
update,d74cbf93-29da-406c-b59e-053afa768a21,246573586,directory,Sân Tennis,hcm,1,10.79837665,106.740718968418,hcm_binhtrung,Phường An Phú,contains,4,pitch,True,True,"Sân Tennis, Thái Thuận, Khu phố 5, Phường An Phú, Thành phố Thủ Đức, 71108, Việt Nam",,Thái Thuận,sport:[tennis] ;; leisure:[pitch]
update,4129722a-51ca-4f36-a9bf-98674af4b77f,246658899,directory,Sân bóng rổ,hcm,1,10.79259615,106.7714126,hcm_binhtrung,Phường An Phú,contains,2,pitch,True,True,"Sân bóng rổ, Đường 12A, Phường An Phú, Thành phố Thủ Đức, 08408, Việt Nam",,Đường 12A,sport:[basketball] ;; leisure:[pitch]
update,322702a2-4e83-4923-937b-1435e234aa84,246668699,directory,Sân bóng đá Sông Giồng,hcm,1,10.7885258,106.7529413,hcm_binhtrung,Phường An Phú,contains,1,pitch,True,True,"Sân bóng đá Sông Giồng, Thân Văn Nhiếp, Khu phố 22, Phường An Phú, Thành phố Thủ Đức, 08408, Việt Nam",,Thân Văn Nhiếp,sport:[futsal] ;; leisure:[pitch]
update,b0dd4562-51f4-4e88-a608-707847528797,246658702,directory,Sân cầu lông,hcm,1,10.7930768,106.7739263,hcm_binhtrung,Phường An Phú,contains,3,pitch,True,True,"Sân cầu lông, Đường số 9, Khu phố 18, Phường An Phú, Thành phố Thủ Đức, 08408, Việt Nam",,Đường số 9,sport:[badminton] ;; access:[yes] ;; leisure:[pitch]
update,873cccef-2434-4dab-8093-92ca6e5a667d,246548072,directory,THCS Trần Quốc Toản,hcm,1,10.7929428,106.737159616643,hcm_binhtrung,Phường An Phú,contains,1,pitch,True,True,"THCS Trần Quốc Toản, Trần Lựu, Khu phố 3, Phường An Phú, Thành phố Thủ Đức, 71108, Việt Nam",,Trần Lựu,leisure:[pitch] ;; sport:[soccer]
update,24ffc325-c3cb-4d1a-ad59-fa49e38f97b2,246548741,directory,The Estella,hcm,1,10.8000113,106.7480658,hcm_binhtrung,Phường An Phú,contains,4,pitch,True,True,"The Estella, Đường Số 24, Khu phố 7, Phường An Phú, Thành phố Thủ Đức, 71108, Việt Nam",,Đường Số 24,bus:[yes] ;; public_transport:[platform] ;; leisure:[pitch] ;; sport:[tennis]
update,771bffd3-878c-4d5f-a21c-98956d554953,246561128,directory,The Estella,hcm,1,10.8006927,106.7485636,hcm_binhtrung,Phường An Phú,contains,,swimming_pool,False,True,"The Estella, Đường Số 25, Khu phố 10, Phường An Phú, Thành phố Thủ Đức, 71108, Việt Nam",,Đường Số 25,bus:[yes] ;; public_transport:[platform] ;; leisure:[swimming_pool]
update,b89b2fca-758d-4c4d-86c3-1de05e42b331,246658486,directory,The Global City - City Park (Start),hcm,1,10.798295,106.7728574,hcm_binhtrung,Phường An Phú,contains,1,pitch,True,True,"The Global City - City Park (Start), Đường Số 4, Khu phố 14, Phường An Phú, Thành phố Thủ Đức, 71210, Việt Nam",,Đường Số 4,bus:[yes] ;; public_transport:[platform] ;; leisure:[pitch] ;; sport:[soccer]
update,34e481d9-7be3-46d3-99c9-e73ee5b923a4,246560275,directory,Tower 2,hcm,1,10.80110495,106.748157044826,hcm_binhtrung,Phường An Phú,contains,2|3,pitch,True,True,"Tower 2, Đường số 24, Khu phố 8, Phường An Phú, Thành phố Thủ Đức, 71108, Việt Nam",,Đường số 24,"building:levels:[33] ;; leisure:[pitch] ;; sport:[multi, basketball, badminton]"
update,d4dddce8-ab07-43e2-b981-0e3c01a7c30d,246564133,directory,Trung Tâm Thương Mại Estella,hcm,1,10.8017566,106.748569644547,hcm_binhtrung,Phường An Phú,contains,4,pitch|swimming_pool,True,True,"Trung Tâm Thương Mại Estella, Song Hành, Khu phố 9, Phường An Phú, Thành phố Thủ Đức, 71108, Việt Nam",,Song Hành,"layer:[0] ;; parking:[underground] ;; building:[yes] ;; building:levels:[5] ;; leisure:[pitch, swimming_pool] ;; sport:[tennis]"
update,35fa150a-0cdd-48e2-878e-0d4d8e0948e7,246547715,directory,Trung tâm Tần số vô tuyến điện khu vực II,hcm,1,10.79518835,106.74066531049,hcm_binhtrung,Phường An Phú,contains,4,pitch,True,True,"Trung tâm Tần số vô tuyến điện khu vực II, 45, Trần Lựu, Khu phố 3, Phường An Phú, Thành phố Thủ Đức, 71108, Việt Nam",45,Trần Lựu,leisure:[pitch] ;; sport:[tennis]
update,4f2ba046-69cc-4cb0-86c6-68456fb7411b,246674727,directory,Trường Quốc tế The American School,hcm,1,10.7943913,106.762960231112,hcm_binhtrung,Phường An Phú,contains,1|4,pitch|swimming_pool,True,True,"Trường Quốc tế The American School, Đường song hành cao tốc Long Thành - Dầu Giây, Khu phố 19, Phường An Phú, Thành phố Thủ Đức, 08408, Việt Nam",,Đường song hành cao tốc Long Thành - Dầu Giây,"leisure:[pitch, swimming_pool] ;; sport:[baseball, soccer, tennis]"
update,efc3b8dd-4b4c-477b-b3ad-e2c22c7a413c,246553475,directory,Trường THPT Thủ Thiêm,hcm,1,10.79717175,106.743914698304,hcm_binhtrung,Phường An Phú,contains,,swimming_pool,False,True,"Trường THPT Thủ Thiêm, 1, Vũ Tông Phan, Khu phố 2, Phường An Phú, Thành phố Thủ Đức, 71108, Việt Nam",1,Vũ Tông Phan,grades:[10-12] ;; website:[https://thptthuthiem.hcm.edu.vn] ;; leisure:[swimming_pool]
update,59c47ac6-55eb-4258-b95b-a511f3d458fa,246562560,directory,ÔNG ĐỊA PICKLEBALL CLUB,hcm,1,10.7958978,106.7457683,hcm_binhtrung,Phường An Phú,contains,5,pitch,True,True,"ÔNG ĐỊA PICKLEBALL CLUB, Nguyễn Hoàng, Khu phố 7, Phường An Phú, Thành phố Thủ Đức, 71108, Việt Nam",,Nguyễn Hoàng,sport:[pickleball] ;; leisure:[pitch]
update,8e959495-34e4-45aa-aa3c-2d2c72dfdd83,246551906,directory,Đảo Kim Cương,hcm,1,10.7790484,106.7466616,hcm_binhtrung,Phường Bình Trưng Tây,contains,,swimming_pool,False,True,"Đảo Kim Cương, Cầu Trần Quý Kiên, Phường Bình Trưng Tây, Thành phố Thủ Đức, 71150, Việt Nam",,Cầu Trần Quý Kiên,residential:[apartments] ;; leisure:[swimming_pool]
update,7500b6f9-ab39-48d9-bb1b-0ef3ad17afc9,246443206,directory,EVN HCMC PC Duyen Hai,hcm,1,10.41131525,106.969929371593,hcm_cangio,,contains,4,pitch,True,True,"EVN HCMC PC Duyen Hai, Đường Đặng Văn Kiều, Thành phố Hồ Chí Minh, Việt Nam",,Đường Đặng Văn Kiều,landuse:[commercial] ;; leisure:[pitch] ;; sport:[tennis]
update,11d7ea97-fa79-42c4-9dac-f3ac34c87f03,246450498,directory,Nhà văn hoá lao động Huyện Cần Giờ,hcm,1,10.40924235,106.954707031884,hcm_cangio,,contains,4,pitch,True,True,"Nhà văn hoá lao động Huyện Cần Giờ, Đường Lê Hùng Yên, Thành phố Hồ Chí Minh, Việt Nam",,Đường Lê Hùng Yên,leisure:[pitch] ;; sport:[tennis]
update,824fa242-72d6-4e13-91cf-3becd5129d91,246449699,directory,Thị trấn Cần Thạnh,hcm,1,10.407492,106.9559777,hcm_cangio,,contains,1,pitch,True,True,"Thị trấn Cần Thạnh, Thành phố Hồ Chí Minh, Việt Nam",,,leisure:[pitch] ;; sport:[soccer]
update,1bd144ea-a7cb-4af9-86cd-024b039ca1bb,246667141,directory,,hcm,1,10.7792526386434,106.755646258451,hcm_catlai,Phường Thạnh Mỹ Lợi,contains,4,pitch,True,True,"Phường Thạnh Mỹ Lợi, Thành phố Thủ Đức, 71150, Việt Nam",,,leisure:[pitch] ;; sport:[tennis]
update,3aca2972-7116-4906-8461-e6ee39960023,246670523,directory,,hcm,1,10.7653713277354,106.757489037962,hcm_catlai,Phường Thạnh Mỹ Lợi,contains,4,pitch,True,True,"Đường Số 87-TML, Phường Thạnh Mỹ Lợi, Thành phố Thủ Đức, 71150, Việt Nam",,Đường Số 87-TML,lanes:[2] ;; surface:[asphalt] ;; leisure:[pitch] ;; sport:[tennis]
update,68600821-8ff3-4bcc-9085-7f13290f9303,246670484,directory,,hcm,1,10.7735247775909,106.756464796076,hcm_catlai,Phường Thạnh Mỹ Lợi,contains,,pitch,False,True,"Đặng Như Mai, Phường Thạnh Mỹ Lợi, Thành phố Thủ Đức, 71150, Việt Nam",,Đặng Như Mai,lanes:[2] ;; surface:[asphalt] ;; leisure:[pitch]
update,6dd0b58e-6f95-4f60-988a-e0f67a4fa423,246661110,directory,,hcm,1,10.7633415,106.7886677,hcm_catlai,Phường Cát Lái,contains,4,pitch,True,True,"Phường Cát Lái, Thành phố Thủ Đức, 76260, Việt Nam",,,leisure:[pitch] ;; sport:[tennis]
update,a8f0233f-6be1-43e5-bdc2-57766276adad,246671066,directory,,hcm,1,10.7789188677275,106.757951367454,hcm_catlai,Phường Thạnh Mỹ Lợi,contains,4,pitch,True,True,"Đường Số 1, Phường Thạnh Mỹ Lợi, Thành phố Thủ Đức, 08408, Việt Nam",,Đường Số 1,lanes:[1] ;; surface:[asphalt] ;; maxspeed:type:[VN:urban] ;; leisure:[pitch] ;; sport:[tennis]
update,c7c1da36-c660-461b-96d1-b1b422c4e8a3,246671805,directory,,hcm,1,10.7617753951761,106.785946519911,hcm_catlai,Phường Cát Lái,contains,,swimming_pool,True,True,"Đường số 3, Phường Cát Lái, Thành phố Thủ Đức, 76260, Việt Nam",,Đường số 3,leisure:[swimming_pool] ;; sport:[swimming]
update,2b0e03c7-cb55-4c4b-aecb-8fda3f1f85e9,246660292,directory,Cảng Cát Lái,hcm,1,10.7724089752355,106.79751008866,hcm_catlai,Phường Cát Lái,contains,4,pitch,True,True,"Cảng Cát Lái, Phường Cát Lái, Thành phố Thủ Đức, 76260, Việt Nam",,,leisure:[pitch] ;; sport:[tennis]
update,c63e0664-4238-4341-a6c5-ed9af8c0e584,246677603,directory,Snow Town,hcm,1,10.7739837,106.762328,hcm_catlai,Phường Thạnh Mỹ Lợi,contains,,swimming_pool,False,True,"Snow Town, Đường Đồng Văn Cống, Phường Thạnh Mỹ Lợi, Thành phố Thủ Đức, 71150, Việt Nam",,Đường Đồng Văn Cống,leisure:[swimming_pool]
update,f7e77120-3016-4d5f-ade6-c14a4808aa87,246676249,directory,Tháp Jardin,hcm,1,10.77654425,106.751026885793,hcm_catlai,Phường Thạnh Mỹ Lợi,contains,4,pitch,True,True,"Tháp Jardin, Đường Tạ Hiện, Phường Thạnh Mỹ Lợi, Thành phố Thủ Đức, 71150, Việt Nam",,Đường Tạ Hiện,leisure:[pitch] ;; sport:[tennis]
update,2bcaef6e-7291-46e7-a34a-d5f6aaf82eb4,246555847,directory,,hcm,1,10.7953539193549,106.687168101051,hcm_caukieu,Quận Phú Nhuận,contains,4,pitch,True,True,"Trường Sa, Phường 2, Quận Phú Nhuận, Thành phố Hồ Chí Minh, 72210, Việt Nam",,Trường Sa,lanes:[2] ;; surface:[asphalt] ;; leisure:[pitch] ;; sport:[tennis]
update,b210aa2c-b7a8-4ea6-8616-94d304878b22,246579934,directory,,hcm,1,10.796307,106.6871581,hcm_caukieu,Quận Phú Nhuận,contains,,stadium,False,True,"1, Hoa Phượng, Phường 2, Quận Phú Nhuận, Thành phố Hồ Chí Minh, 72210, Việt Nam",1,Hoa Phượng,leisure:[stadium]
update,efb5432f-13c4-426f-9f37-71d0b90f9370,246554437,directory,Hồ bơi Rạch Miễu,hcm,1,10.7958385,106.687841869403,hcm_caukieu,Quận Phú Nhuận,contains,,sports_centre|swimming_pool,True,True,"Hồ bơi Rạch Miễu, Hoa Phượng, Phường 2, Quận Phú Nhuận, Thành phố Hồ Chí Minh, 72210, Việt Nam",,Hoa Phượng,"sport:[swimming] ;; leisure:[sports_centre, swimming_pool]"
update,461fefca-0016-4f9c-975e-37aa3f3f1cca,246536462,directory,Hồ Bơi 258,hcm,1,10.76163135,106.687994080739,hcm_cauonglanh,Quận 1,contains,,swimming_pool,False,True,"Hồ Bơi 258, Hẻm 258 Trần Hưng Đạo, Phường Nguyễn Cư Trinh, Quận 1, Thành phố Hồ Chí Minh, 72760, Việt Nam",,Hẻm 258 Trần Hưng Đạo,leisure:[swimming_pool]
update,fd767616-83d0-4126-bdf5-e274810fb757,246541422,directory,Nguyễn Trãi,hcm,1,10.7603133,106.6837907,hcm_cauonglanh,Quận 1,contains,4,pitch,True,True,"Nguyễn Trãi, Đường Nguyễn Văn Cừ, Phường Nguyễn Cư Trinh, Quận 1, Thành phố Hồ Chí Minh, 72760, Việt Nam",,Đường Nguyễn Văn Cừ,bin:[no] ;; bus:[yes] ;; lit:[no] ;; bench:[yes] ;; shelter:[yes] ;; public_transport:[platform] ;; leisure:[pitch] ;; sport:[tennis]
update,a9d265f4-1284-404c-9e38-2e60b5d62769,246682338,directory,,hcm,1,10.7407676805958,106.66453144602,hcm_chanhhung,Quận 8,contains,4,pitch,True,True,"Dương Bạch Mai, Phường 5, Quận 8, Thành phố Hồ Chí Minh, 72400, Việt Nam",,Dương Bạch Mai,surface:[asphalt] ;; leisure:[pitch] ;; sport:[tennis]
update,5bae8117-442f-4a86-8d6f-75c847d6aa05,246693912,directory,Block A2,hcm,1,10.7386571,106.679982403524,hcm_chanhhung,Quận 8,contains,,swimming_pool,False,True,"Block A2, Hẻm 45 Cao Lỗ, Phường 4, Quận 8, Thành phố Hồ Chí Minh, 72900, Việt Nam",,Hẻm 45 Cao Lỗ,leisure:[swimming_pool]
update,839894f3-9092-4f87-a560-2fc60dd1aabe,246699948,directory,Block A2,hcm,1,10.7369743,106.667982879859,hcm_chanhhung,Quận 8,contains,4,pitch,True,True,"Block A2, Hoàng Kim Giao, Phường 5, Quận 8, Thành phố Hồ Chí Minh, 72400, Việt Nam",,Hoàng Kim Giao,building:levels:[22] ;; leisure:[pitch] ;; sport:[tennis]
update,cb76ea21-ba11-4d7f-a7a7-543351271f05,246681918,directory,Khán đài A,hcm,1,10.739435,106.66733165,hcm_chanhhung,Quận 8,contains,4,pitch,True,True,"Khán đài A, Dương Quang Đông, Phường 5, Quận 8, Thành phố Hồ Chí Minh, 72400, Việt Nam",,Dương Quang Đông,leisure:[pitch] ;; sport:[tennis]
update,192e30f9-6d13-4a60-9bb6-0ad281a2c017,246700086,directory,Sân vận động Quận 8,hcm,1,10.73972585,106.667788610223,hcm_chanhhung,Quận 8,contains,1,pitch|stadium,True,True,"Sân vận động Quận 8, Thanh Loan, Phường 5, Quận 8, Thành phố Hồ Chí Minh, 72400, Việt Nam",,Thanh Loan,"leisure:[stadium, pitch] ;; sport:[soccer]"
update,d188d5c7-c7a8-425c-a281-0dbd3edae4a9,246684359,directory,Trung tâm TDTT Quận 8,hcm,1,10.7405152,106.6687283,hcm_chanhhung,Quận 8,contains,,sports_centre,False,True,"Trung tâm TDTT Quận 8, Hồ Thành Biên, Phường 5, Quận 8, Thành phố Hồ Chí Minh, 73009, Việt Nam",,Hồ Thành Biên,leisure:[sports_centre]
update,c5804426-7d08-4f75-a214-bdac942ec9f7,246700804,directory,Viện Y tế Công cộng TP.HCM,hcm,1,10.7487565,106.677544330731,hcm_chanhhung,Quận 8,contains,4,pitch,True,True,"Viện Y tế Công cộng TP.HCM, 159, Hưng Phú, Phường Hưng Phú, Quận 8, Thành phố Hồ Chí Minh, 72760, Việt Nam",159,Hưng Phú,landuse:[commercial] ;; leisure:[pitch] ;; sport:[tennis]
update,15ced3b5-d76c-4ecd-b1bb-a41257b60a65,246543682,directory,,hcm,1,10.7554488624308,106.663599982487,hcm_cholon,Quận 5,contains,,pitch,True,True,"Hồng Bàng, Phường 11, Quận 5, Thành phố Hồ Chí Minh, 72415, Việt Nam",,Hồng Bàng,lanes:[3] ;; oneway:[yes] ;; surface:[asphalt] ;; bus:lanes:[yes|yes|no] ;; mofa:lanes:[no|yes|yes] ;; moped:lanes:[no|yes|yes] ;; motorcycle:lanes:[no|yes|yes] ;; motor_vehicle:lanes:[designated|yes|yes] ;; leisure:[pitch] ;; sport:[volleyball]
update,957e01cf-df04-4837-b268-60cd6e5efb9a,246545108,directory,Lô E,hcm,1,10.75442995,106.6641862,hcm_cholon,Quận 5,contains,4,pitch,True,True,"Lô E, Đường Tản Đà, Chợ Lớn, Quận 5, Thành phố Hồ Chí Minh, 73000, Việt Nam",,Đường Tản Đà,leisure:[pitch] ;; sport:[tennis]
update,63c31122-eb85-4259-a694-9f7cf56d1a45,246548244,directory,Phòng Tập California Wow Yoga & Fitness,hcm,1,10.7560367,106.6626301,hcm_cholon,Quận 5,contains,,sports_centre,False,True,"Phòng Tập California Wow Yoga & Fitness, Floor 5, Lý Thường Kiệt, Phường 12, Quận 5, Thành phố Hồ Chí Minh, 72415, Việt Nam",,Lý Thường Kiệt,leisure:[sports_centre]
update,fe6af30d-c8c2-485a-8353-88a28aff9b8e,246560714,directory,Trường THPT Hùng Vương,hcm,1,10.75669815,106.663880474139,hcm_cholon,Quận 5,contains,1,pitch,True,True,"Trường THPT Hùng Vương, 124, Đường Hồng Bàng, Phường 12, Quận 5, Thành phố Hồ Chí Minh, 72415, Việt Nam",124,Đường Hồng Bàng,grades:[10-12] ;; leisure:[pitch] ;; sport:[soccer]
update,3b049820-b2b0-46e1-940a-422af742c533,246541613,directory,Đại giảng đường,hcm,1,10.7544612,106.663317281319,hcm_cholon,Quận 5,contains,,pitch,False,True,"Đại giảng đường, Đường Tản Đà, Chợ Lớn, Quận 5, Thành phố Hồ Chí Minh, 73000, Việt Nam",,Đường Tản Đà,leisure:[pitch]
update,2500642e-7266-4fd2-b8f5-6270e6c4829a,246553687,directory,Hồ Bơi Lam Sơn,hcm,1,10.76199485,106.680768523065,hcm_choquan,Quận 5,contains,,swimming_pool,True,True,"Hồ Bơi Lam Sơn, Hẻm 320 Trần Bình Trọng, Phường 4, Quận 5, Thành phố Hồ Chí Minh, 72760, Việt Nam",,Hẻm 320 Trần Bình Trọng,sport:[swimming] ;; leisure:[swimming_pool]
update,b073cb46-4452-4ce0-8c29-9f5574343336,246546269,directory,Lam Sơn Football Field,hcm,1,10.7623432,106.679990721827,hcm_choquan,Quận 5,contains,,sports_centre,False,True,"Lam Sơn Football Field, Hẻm 320 Trần Bình Trọng, Phường 4, Quận 5, Thành phố Hồ Chí Minh, 72760, Việt Nam",,Hẻm 320 Trần Bình Trọng,leisure:[sports_centre]
update,46f79040-1010-4c84-bf9d-4c58bd51f279,404307186,directory,Trường Đại học Sài Gòn – cơ sở chính,hcm,1,10.75976805,106.681715521021,hcm_choquan,Quận 5,contains,1,pitch,True,True,"Trường Đại học Sài Gòn – cơ sở chính, 273, An Dương Vương, Phường 2, Quận 5, Thành phố Hồ Chí Minh, 72760, Việt Nam",273,An Dương Vương,"email:[daihocsaigon@sgu.edu.vn] ;; website:[https://www.sgu.edu.vn] ;; operator:[Ủy ban nhân dân Thành phố Hồ Chí Minh] ;; wikidata:[Q368923] ;; wikipedia:[en:Saigon University] ;; operator:type:[government] ;; internet_access:[wlan] ;; wikimedia_commons:[Category:Saigon University] ;; internet_access:fee:[no] ;; leisure:[pitch] ;; sport:[soccer, volleyball]"
update,bfd91a1a-2d53-421d-b493-7167e1c23192,246599177,directory,,hcm,1,10.9636703522588,106.501192476297,hcm_cuchi,,contains,1,pitch,True,True,"Đường Số 15, Thành phố Hồ Chí Minh, 75500, Việt Nam",,Đường Số 15,leisure:[pitch] ;; sport:[soccer]
update,4046ccb4-3e04-4e01-ba87-c80c8201bf49,246598037,directory,Hồ Bơi Tân Thông Hội,hcm,1,10.9634514,106.5125519,hcm_cuchi,,contains,,swimming_pool,False,True,"Hồ Bơi Tân Thông Hội, Trần Văn Chầm, Thành phố Hồ Chí Minh, 71608, Việt Nam",,Trần Văn Chầm,opening_hours:[Mo-Su 07:00-19:00] ;; leisure:[swimming_pool]
update,7787612b-ccef-4051-aa5d-8e003b7a2923,246603523,directory,Trường THPT Tân Thông Hội,hcm,1,10.95695765,106.527533350011,hcm_cuchi,,contains,1,pitch,True,True,"Trường THPT Tân Thông Hội, Suối Lội, Thành phố Hồ Chí Minh, 71608, Việt Nam",,Suối Lội,grades:[10-12] ;; leisure:[pitch] ;; sport:[soccer]
update,7db31020-25f8-4509-9506-edb2cee27295,246551121,directory,,hcm,1,10.7683346,106.6652132,hcm_dienhong,Quận 10,contains,4,pitch,True,True,"Hẻm 3/25 Đường Thành Thái, Phường 14, Quận 10, Thành phố Hồ Chí Minh, 72000, Việt Nam",,Hẻm 3/25 Đường Thành Thái,motorcycle:[yes] ;; motor_vehicle:[no] ;; leisure:[pitch] ;; sport:[tennis]
update,a4cb15d4-c65d-4781-9afa-107fd234bfd3,246539062,directory,,hcm,1,10.7598234,106.6643809,hcm_dienhong,Quận 10,contains,4,pitch,True,True,"179, Đào Duy Từ, Phường 6, Quận 10, Thành phố Hồ Chí Minh, 72415, Việt Nam",179,Đào Duy Từ,leisure:[pitch] ;; sport:[tennis]
update,bbb71590-1dc9-453c-9816-84b9fcb5b900,246544699,directory,,hcm,1,10.7598471,106.6644895,hcm_dienhong,Quận 10,contains,4,pitch,True,True,"173, Đào Duy Từ, Phường 6, Quận 10, Thành phố Hồ Chí Minh, 72415, Việt Nam",173,Đào Duy Từ,leisure:[pitch] ;; sport:[tennis]
update,d9751bc1-810d-449b-9104-96a616d5dcb9,246536024,directory,,hcm,1,10.7610009372656,106.664708574338,hcm_dienhong,Quận 10,contains,4,pitch,True,True,"Hẻm 41 Ngô Quyền, Phường 6, Quận 10, Thành phố Hồ Chí Minh, 72415, Việt Nam",,Hẻm 41 Ngô Quyền,surface:[concrete] ;; leisure:[pitch] ;; sport:[tennis]
update,e338e1f3-fc6e-4f8d-bfdf-50a342a4bc71,246538849,directory,Nhà B11,hcm,1,10.7743282,106.660327523551,hcm_dienhong,Quận 10,contains,5,pitch,True,True,"Nhà B11, Đường D8, Phường 14, Quận 10, Thành phố Hồ Chí Minh, 72000, Việt Nam",,Đường D8,leisure:[pitch] ;; sport:[pickleball]
update,e213c7d7-f028-4504-a28a-2ed89c3d0fb3,246540024,directory,Nhà B2,hcm,1,10.7718808,106.659106341144,hcm_dienhong,Quận 10,contains,1,pitch,True,True,"Nhà B2, 268, Lý Thường Kiệt, Phường 14, Quận 10, Thành phố Hồ Chí Minh, 72000, Việt Nam",268,Lý Thường Kiệt,building:levels:[4] ;; leisure:[pitch] ;; sport:[soccer]
update,0a911547-d00d-48fa-9dfc-069d5d963d96,246528650,directory,Nhà B6,hcm,1,10.77379115,106.659158254246,hcm_dienhong,Quận 10,contains,2,pitch,True,True,"Nhà B6, Tam Đảo, Phường 14, Quận 10, Thành phố Hồ Chí Minh, 72000, Việt Nam",,Tam Đảo,leisure:[pitch] ;; sport:[basketball]
update,f7a45242-27dc-4b15-87ea-2e5306a7e9f2,246541589,directory,Nhà C1,hcm,1,10.7748004,106.65950865794,hcm_dienhong,Quận 10,contains,4,pitch,True,True,"Nhà C1, Tam Đảo, Phường 14, Quận 10, Thành phố Hồ Chí Minh, 72000, Việt Nam",,Tam Đảo,leisure:[pitch] ;; sport:[tennis]
update,f71ff8b4-7e83-4776-aeb2-d5213f217d59,246545193,directory,Nhà C2,hcm,1,10.77427115,106.660822280455,hcm_dienhong,Quận 10,contains,1,pitch,True,True,"Nhà C2, Hẻm 350 Đường Tô Hiến Thành, Phường 14, Quận 10, Thành phố Hồ Chí Minh, 72000, Việt Nam",,Hẻm 350 Đường Tô Hiến Thành,leisure:[pitch] ;; sport:[soccer]
update,7b7537e7-a64d-4c23-9334-d2840dfd0007,246529146,directory,Sân Pickleball Thành Thái,hcm,1,10.768478,106.6655597,hcm_dienhong,Quận 10,contains,5,pitch,True,True,"Sân Pickleball Thành Thái, Hẻm 3/5 Thành Thái, Phường 14, Quận 10, Thành phố Hồ Chí Minh, 72000, Việt Nam",,Hẻm 3/5 Thành Thái,sport:[pickleball] ;; leisure:[pitch]
update,84c5195e-844b-42bb-8113-0023c66bd697,246544338,directory,Sân vận động Thống Nhất,hcm,1,10.7608154,106.663287070826,hcm_dienhong,Quận 10,contains,1,pitch|stadium,True,True,"Sân vận động Thống Nhất, Hẻm 256 Đường Tân Phước, Phường 6, Quận 10, Thành phố Hồ Chí Minh, 72415, Việt Nam",,Hẻm 256 Đường Tân Phước,"sport:[soccer] ;; wikidata:[Q2051647] ;; wikipedia:[vi:Sân vận động Thống Nhất] ;; wikimedia_commons:[Category:Thống Nhất Stadium] ;; leisure:[stadium, pitch]"
update,74b8ea9d-2751-46cd-b322-c49e28b33296,246544406,directory,Trung tâm Thể dục Thể thao Quận 10,hcm,1,10.7699495,106.665835315096,hcm_dienhong,Quận 10,contains,,sports_centre,False,True,"Trung tâm Thể dục Thể thao Quận 10, Hẻm 7 Thành Thái, Phường 14, Quận 10, Thành phố Hồ Chí Minh, 72000, Việt Nam",,Hẻm 7 Thành Thái,leisure:[sports_centre]
update,60336603-34ee-4682-9fde-9c95e7d994a1,246528028,directory,Trường Quốc tế Việt Úc,hcm,1,10.766434,106.663131481502,hcm_dienhong,Quận 10,contains,,swimming_pool,False,True,"Trường Quốc tế Việt Úc, 594, Đường 3 Tháng 2, Phường 6, Quận 10, Thành phố Hồ Chí Minh, 72415, Việt Nam",594,Đường 3 Tháng 2,grades:[0-12] ;; leisure:[swimming_pool]
update,20eebf21-13e6-4975-94ad-c275a49d3dcc,246540166,directory,Trường THCS Nguyễn Văn Tố,hcm,1,10.77664325,106.660820060244,hcm_dienhong,Quận 10,contains,1,pitch,True,True,"Trường THCS Nguyễn Văn Tố, Đường Tam Đảo, Phường 14, Quận 10, Thành phố Hồ Chí Minh, 72000, Việt Nam",,Đường Tam Đảo,grades:[6-9] ;; leisure:[pitch] ;; sport:[soccer]
update,accc114d-1dd7-4f3c-af9a-b75c3e0f27ae,246593450,directory,Block A,hcm,1,10.8298602,106.618774518194,hcm_donghungthuan,Quận 12,contains,,swimming_pool,False,True,"Block A, Tân Thới Nhất 12, Phường Tân Thới Nhất, Quận 12, Thành phố Hồ Chí Minh, 71509, Việt Nam",,Tân Thới Nhất 12,building:levels:[20] ;; leisure:[swimming_pool]
update,edbe51a0-4a09-4959-95f4-2d697226cde3,246597024,directory,Block A3,hcm,1,10.82912235,106.619750002278,hcm_donghungthuan,Quận 12,contains,,swimming_pool,False,True,"Block A3, Tân Thới Nhất 12, Phường Tân Thới Nhất, Quận 12, Thành phố Hồ Chí Minh, 71509, Việt Nam",,Tân Thới Nhất 12,leisure:[swimming_pool]
update,62ca5567-587c-4046-a108-e57371f7a8df,246600473,directory,,hcm,1,10.889507,106.6140512,hcm_dongthanh,,contains,,stadium,False,True,"Đường Trịnh Thị Miếng, Thành phố Hồ Chí Minh, 71716, Việt Nam",,Đường Trịnh Thị Miếng,lanes:[2] ;; leisure:[stadium]
update,a3722c97-4eaf-4835-89b1-1032d20b8935,246609360,directory,Sân bóng Đông Thạnh,hcm,1,10.90506715,106.635671281887,hcm_dongthanh,,contains,1,pitch,True,True,"Sân bóng Đông Thạnh, Đông Thạnh 3, Thành phố Hồ Chí Minh, 71716, Việt Nam",,Đông Thạnh 3,sport:[soccer] ;; leisure:[pitch]
update,371c36fc-a5e7-465a-90d2-f584e3ba2e07,246598178,directory,Xã Thới Tam Thôn,hcm,1,10.8902248,106.6153434,hcm_dongthanh,,contains,,pitch,False,True,"Xã Thới Tam Thôn, Thành phố Hồ Chí Minh, 71716, Việt Nam",,,leisure:[pitch]
update,e242e4bd-fe9d-4fb1-be79-9cd528869391,246568632,directory,,hcm,1,10.8047499,106.675842,hcm_ducnhuan,Quận Phú Nhuận,contains,4,pitch,True,True,"Hẻm 81 Hồ Văn Huê, Phường 9, Quận Phú Nhuận, Thành phố Hồ Chí Minh, 72215, Việt Nam",,Hẻm 81 Hồ Văn Huê,leisure:[pitch] ;; sport:[tennis]
update,ec73f3e3-b59e-4165-9ea8-84ca55437ac6,246553549,directory,,hcm,1,10.8106452477703,106.67667779502,hcm_ducnhuan,Quận Phú Nhuận,contains,1,pitch,True,True,"Đường Đặng Văn Sâm, Phường 9, Quận Phú Nhuận, Thành phố Hồ Chí Minh, 71409, Việt Nam",,Đường Đặng Văn Sâm,surface:[asphalt] ;; leisure:[pitch] ;; sport:[soccer]
update,7eed2316-7e73-4d76-aa5f-29f3818bb125,246578768,directory,CLB Cầu Lông Hoàng Văn Thụ,hcm,1,10.8002755,106.6700708,hcm_ducnhuan,Quận Phú Nhuận,contains,3,pitch,True,True,"CLB Cầu Lông Hoàng Văn Thụ, 202B, Hoàng Văn Thụ, Phường 9, Quận Phú Nhuận, Thành phố Hồ Chí Minh, 72215, Việt Nam",,Hoàng Văn Thụ,"sport:[badminton] ;; access:[customers] ;; description:[Sân Cầu, Giao Lưu & Thi Đấu] ;; leisure:[pitch]"
update,d585cbfc-4e25-413e-afa8-b9d00c06fa58,246567949,directory,Cà Phê Gió Bấc,hcm,1,10.8018269,106.6693083,hcm_ducnhuan,Quận Tân Bình,contains,4,pitch,True,True,"Cà Phê Gió Bấc, Hẻm 202/5 Hoàng Văn Thụ, Phường 2, Quận Tân Bình, Thành phố Hồ Chí Minh, 72215, Việt Nam",,Hẻm 202/5 Hoàng Văn Thụ,leisure:[pitch] ;; sport:[tennis]
update,882d286e-519b-4121-9bff-a5634676440e,246561477,directory,Cà Phê TeaCup,hcm,1,10.8109794,106.6760719,hcm_ducnhuan,Quận Phú Nhuận,contains,1,pitch,True,True,"Cà Phê TeaCup, Đường Hoàng Minh Giám, Phường 9, Quận Phú Nhuận, Thành phố Hồ Chí Minh, 71409, Việt Nam",,Đường Hoàng Minh Giám,leisure:[pitch] ;; sport:[soccer]
update,a5c23698-1d2d-4cef-90b7-c5318d47cd82,246565248,directory,Hồ Bơi Chi Lăng,hcm,1,10.8052385,106.6879272,hcm_ducnhuan,Quận Phú Nhuận,contains,,swimming_pool,True,True,"Hồ Bơi Chi Lăng, Hẻm 19 Lộ Giới, Phường 5, Quận Phú Nhuận, Thành phố Hồ Chí Minh, 72317, Việt Nam",,Hẻm 19 Lộ Giới,sport:[swimming] ;; leisure:[swimming_pool]
update,c679962f-42e9-42bc-8b6c-1bce896b193d,246563898,directory,Lô A,hcm,1,10.80308025,106.674843343868,hcm_ducnhuan,Quận Phú Nhuận,contains,,pitch,False,True,"Lô A, Hẻm 43R Hồ Văn Huê, Phường 9, Quận Phú Nhuận, Thành phố Hồ Chí Minh, 72215, Việt Nam",,Hẻm 43R Hồ Văn Huê,leisure:[pitch]
update,07c84ae4-770f-4c98-a1b8-ba079c6d1a13,246567897,directory,Nhà thi đấu Quân khu 7,hcm,1,10.8009081,106.668846856166,hcm_ducnhuan,Quận Phú Nhuận,contains,4,pitch|sports_centre,True,True,"Nhà thi đấu Quân khu 7, 202, Hoàng Văn Thụ, Phường 9, Quận Phú Nhuận, Thành phố Hồ Chí Minh, 72215, Việt Nam",202,Hoàng Văn Thụ,"sport:[multi, tennis] ;; leisure:[sports_centre, pitch]"
update,440ae2d4-ce50-4435-b138-6bb61958e5fc,246564794,directory,Trung Tâm Hội Nghị Capella,hcm,1,10.8093443,106.6775723,hcm_ducnhuan,Quận Phú Nhuận,contains,1,pitch,True,True,"Trung Tâm Hội Nghị Capella, 03, Đường Đặng Văn Sâm, Phường 9, Quận Phú Nhuận, Thành phố Hồ Chí Minh, 71409, Việt Nam",3,Đường Đặng Văn Sâm,leisure:[pitch] ;; sport:[soccer]
update,d49c3ece-ec55-4c66-aaa7-25c294d5e522,246561488,directory,Trung tâm Anh ngữ ILA,hcm,1,10.8097342,106.6729797,hcm_ducnhuan,Quận Phú Nhuận,contains,,swimming_pool,False,True,"Trung tâm Anh ngữ ILA, 127, Hồng Hà, Phường 9, Quận Phú Nhuận, Thành phố Hồ Chí Minh, 72215, Việt Nam",127,Hồng Hà,leisure:[swimming_pool]
update,19a7ca49-6775-4eb6-bc4b-d34fe27a44a1,246567578,directory,Trường Trung học phổ thông Phú Nhuận,hcm,1,10.80950535,106.675653459351,hcm_ducnhuan,Quận Phú Nhuận,contains,1,pitch,True,True,"Trường Trung học phổ thông Phú Nhuận, 5, Đường Hoàng Minh Giám, Phường 9, Quận Phú Nhuận, Thành phố Hồ Chí Minh, 71409, Việt Nam",5,Đường Hoàng Minh Giám,grades:[10-12] ;; website:[https://thptphunhuan.hcm.edu.vn/] ;; leisure:[pitch] ;; sport:[soccer]
update,3b2e28cf-2c7c-471c-85d1-5034177e6026,246553528,directory,CLB Hồ bơi Đại Đồng,hcm,1,10.80721355,106.694437616497,hcm_giadinh,Quận Bình Thạnh,contains,,swimming_pool,True,True,"CLB Hồ bơi Đại Đồng, 25, Hẻm 23 Nơ Trang Long, Phường 7, Quận Bình Thạnh, Thành phố Hồ Chí Minh, 72317, Việt Nam",25,Hẻm 23 Nơ Trang Long,sport:[swimming] ;; leisure:[swimming_pool]
update,007226fb-619e-410c-a7e6-6a9b9ce7d954,246586167,directory,,hcm,1,10.8471351,106.6773235,hcm_govap,Quận Gò Vấp,contains,4,pitch,True,True,"Hẻm 469 Nguyễn Oanh, Phường 17, Quận Gò Vấp, Thành phố Hồ Chí Minh, 71400, Việt Nam",,Hẻm 469 Nguyễn Oanh,leisure:[pitch] ;; sport:[tennis]
update,01eca2fb-ebd9-4000-9a9d-456c66059ad1,246578304,directory,,hcm,1,10.8282673795731,106.668586572398,hcm_govap,Quận Gò Vấp,contains,,stadium,False,True,"Hẻm 385/33 Quang Trung, Phường 10, Quận Gò Vấp, Thành phố Hồ Chí Minh, 72100, Việt Nam",,Hẻm 385/33 Quang Trung,service:[alley] ;; leisure:[stadium]
update,1c1d2d49-e404-4926-bd05-369b0aa6bea6,246580397,directory,,hcm,1,10.8348066426225,106.673417577782,hcm_govap,Quận Gò Vấp,contains,4,pitch,True,True,"Hẻm 209 Nguyễn Văn Lượng, Phường 10, Quận Gò Vấp, Thành phố Hồ Chí Minh, 70048, Việt Nam",,Hẻm 209 Nguyễn Văn Lượng,leisure:[pitch] ;; sport:[tennis]
update,6a41e7b2-b1fd-4bdc-a685-8238315af9bd,246588500,directory,,hcm,1,10.8469165954773,106.676989484853,hcm_govap,Quận Gò Vấp,contains,4,pitch,True,True,"Phường 17, Quận Gò Vấp, Thành phố Hồ Chí Minh, 71400, Việt Nam",,,leisure:[pitch] ;; sport:[tennis]
update,95f54e27-5ba6-4300-9147-080b26ab5c11,246579885,directory,,hcm,1,10.8326566102359,106.671328472475,hcm_govap,Quận Gò Vấp,contains,,swimming_pool,False,True,"Hẻm 1263 Phan Văn Trị, Phường 10, Quận Gò Vấp, Thành phố Hồ Chí Minh, 70048, Việt Nam",,Hẻm 1263 Phan Văn Trị,service:[alley] ;; motorcar:[destination] ;; leisure:[swimming_pool]
update,eee026b7-35ab-49b4-af0a-48fe36e6e2ea,246574878,directory,,hcm,1,10.8336833606106,106.676198340409,hcm_govap,Quận Gò Vấp,contains,1,pitch,True,True,"Nguyễn Oanh, Phường 17, Quận Gò Vấp, Thành phố Hồ Chí Minh, 70048, Việt Nam",,Nguyễn Oanh,"lanes:[2] ;; oneway:[yes] ;; surface:[asphalt] ;; turn:lanes:[left, through|through, right] ;; leisure:[pitch] ;; sport:[soccer]"
update,f71d77ed-238f-4b03-a53e-fbf615d48e8a,246578610,directory,,hcm,1,10.8326268445567,106.670882153403,hcm_govap,Quận Gò Vấp,contains,4,pitch,True,True,"Hẻm 1265 Đường Phan Văn Trị, Phường 10, Quận Gò Vấp, Thành phố Hồ Chí Minh, 72100, Việt Nam",,Hẻm 1265 Đường Phan Văn Trị,service:[alley] ;; leisure:[pitch] ;; sport:[tennis]
update,e6c667be-d70b-4713-b4a2-1d5228976384,246566168,directory,Block CH2B (P3),hcm,1,10.8359589,106.667581724871,hcm_govap,Quận Gò Vấp,contains,,swimming_pool,False,True,"Block CH2B (P3), Đường số 8, Quận Gò Vấp, Thành phố Hồ Chí Minh, 72100, Việt Nam",,Đường số 8,building:levels:[6] ;; leisure:[swimming_pool]
update,9b3418a7-2767-49d9-9f00-439d9d7f3014,246575308,directory,,hcm,1,10.831747488161,106.680787689441,hcm_hanhthong,Quận Gò Vấp,contains,4,pitch,True,True,"Hẻm 4 Phạm Huy Thông, Phường 1, Quận Gò Vấp, Thành phố Hồ Chí Minh, 71400, Việt Nam",,Hẻm 4 Phạm Huy Thông,surface:[asphalt] ;; leisure:[pitch] ;; sport:[tennis]
update,c3edcb2e-074f-45b5-b170-8dce74cedc83,246572408,directory,,hcm,1,10.8218616706271,106.673670079629,hcm_hanhthong,Quận Gò Vấp,contains,4,pitch,True,True,"Nguyễn Văn Công, Phường 3, Quận Gò Vấp, Thành phố Hồ Chí Minh, 70048, Việt Nam",,Nguyễn Văn Công,leisure:[pitch] ;; sport:[tennis]
update,f0df27cc-ad01-4bd0-a466-c413c9819256,246571039,directory,Chung cư K26,hcm,1,10.8308878,106.6866677,hcm_hanhthong,Quận Gò Vấp,contains,,pitch,True,True,"Chung cư K26, Quận Gò Vấp, Thành phố Hồ Chí Minh, 71400, Việt Nam",,,leisure:[pitch] ;; sport:[volleyball]
update,1c889624-95bb-49f2-a9d9-f40e7676e4ae,246583170,directory,,hcm,1,10.8311072929673,106.729519181249,hcm_hiepbinh,Phường Hiệp Bình Chánh,contains,4,pitch,True,True,"Đường số 10, Phường Hiệp Bình Chánh, Thành phố Thủ Đức, 72309, Việt Nam",,Đường số 10,leisure:[pitch] ;; sport:[tennis]
update,20d7358e-09c3-4c8d-a641-9c77b8a2a90a,246581829,directory,,hcm,1,10.8373195,106.718249,hcm_hiepbinh,Phường Hiệp Bình Phước,contains,1,pitch,True,True,"Hẻm 82/6 Đường Số 2, Khu phố 30, Phường Hiệp Bình Phước, Thành phố Thủ Đức, 72309, Việt Nam",,Hẻm 82/6 Đường Số 2,leisure:[pitch] ;; sport:[soccer]
update,8e651433-5e7b-417a-a8cc-ecaff58bd087,246586708,directory,,hcm,1,10.8649488,106.7173907,hcm_hiepbinh,Phường Hiệp Bình Phước,contains,1,pitch,True,True,"Khu phố 1, Phường Hiệp Bình Phước, Thành phố Thủ Đức, 70000, Việt Nam",,,leisure:[pitch] ;; sport:[soccer]
update,9fb6710e-b30e-4a20-bb01-4296ce13fa5c,246569947,directory,,hcm,1,10.827496,106.7121072,hcm_hiepbinh,Phường Hiệp Bình Chánh,contains,4,pitch,True,True,"Phường Hiệp Bình Chánh, Thành phố Thủ Đức, 72309, Việt Nam",,,leisure:[pitch] ;; sport:[tennis]
update,c4f7c2a0-f907-4756-8ca8-d98748d68986,246580367,directory,,hcm,1,10.8361075,106.7093953,hcm_hiepbinh,Phường Hiệp Bình Phước,contains,4,pitch,True,True,"Khu phố 32, Phường Hiệp Bình Phước, Thành phố Thủ Đức, 72309, Việt Nam",,,leisure:[pitch] ;; sport:[tennis]
update,963aa540-156f-43f1-ab70-e4df4a6a0367,246569696,directory,Block A2,hcm,1,10.8250017,106.725846685262,hcm_hiepbinh,Phường Hiệp Bình Chánh,contains,,swimming_pool,False,True,"Block A2, Đường Số 2, Phường Hiệp Bình Chánh, Thành phố Thủ Đức, 72309, Việt Nam",,Đường Số 2,leisure:[swimming_pool]
update,fb371c99-1cfd-438f-8b50-f001f61d03e6,246581933,directory,Chung cư 4S Riverside Garden Bình Triệu,hcm,1,10.82202275,106.718301553629,hcm_hiepbinh,Phường Hiệp Bình Chánh,contains,,swimming_pool,False,True,"Chung cư 4S Riverside Garden Bình Triệu, Hẻm 75 Đường Số 17, Phường Hiệp Bình Chánh, Thành phố Thủ Đức, 72309, Việt Nam",,Hẻm 75 Đường Số 17,leisure:[swimming_pool]
update,083b1b8d-8872-4673-9d81-87afa6b19306,246570312,directory,Lux Wine,hcm,1,10.8418449,106.7063487,hcm_hiepbinh,Phường Hiệp Bình Phước,contains,4,pitch|sports_centre,True,True,"Lux Wine, 1A, Đường số 18, Khu phố 22, Phường Hiệp Bình Phước, Thành phố Thủ Đức, 71400, Việt Nam",,Đường số 18,"opening_hours:[Mo-Su 06:00-23:00] ;; leisure:[sports_centre, pitch] ;; sport:[climbing, tennis]"
update,ced5e4a4-3122-4a8a-9eaf-4cb112af24a9,246581040,directory,Sân Bóng Mini,hcm,1,10.8263739,106.7229646,hcm_hiepbinh,Phường Hiệp Bình Chánh,contains,,sports_centre,False,True,"Sân Bóng Mini, Đường số 20, Phường Hiệp Bình Chánh, Thành phố Thủ Đức, 72309, Việt Nam",,Đường số 20,leisure:[sports_centre]
update,735728ac-8c24-42f0-9d2d-54b2bd39dc30,246582013,directory,Sân Bóng Xuân Trường,hcm,1,10.823611,106.7254556,hcm_hiepbinh,Phường Hiệp Bình Chánh,contains,,sports_centre,False,True,"Sân Bóng Xuân Trường, Đường số 10, Phường Hiệp Bình Chánh, Thành phố Thủ Đức, 72309, Việt Nam",,Đường số 10,leisure:[sports_centre]
update,8502fd9e-beed-4388-b56f-8532374bbdc7,246582028,directory,Sân bóng chuyền khu phố 3,hcm,1,10.8217351,106.719354231866,hcm_hiepbinh,Phường Hiệp Bình Chánh,contains,,pitch,True,True,"Sân bóng chuyền khu phố 3, Đường Số 9, Phường Hiệp Bình Chánh, Thành phố Thủ Đức, 72309, Việt Nam",,Đường Số 9,sport:[volleyball] ;; leisure:[pitch]
update,1c611040-b46e-4d1c-8bda-2afd78a927fa,246570047,directory,Trụ sở Khu phố 5,hcm,1,10.8310876,106.729124910169,hcm_hiepbinh,Phường Hiệp Bình Chánh,contains,4,pitch,True,True,"Trụ sở Khu phố 5, 22, Đường số 8, Phường Hiệp Bình Chánh, Thành phố Thủ Đức, 72309, Việt Nam",22,Đường số 8,leisure:[pitch] ;; sport:[tennis]
update,22c95226-2bd0-4064-8863-12e81f5dd932,246703523,directory,,hcm,1,10.6485917445541,106.737606537459,hcm_hiepphuoc,,contains,1,pitch,True,True,"Đường số 1, Thành phố Hồ Chí Minh, Việt Nam",,Đường số 1,oneway:[yes] ;; leisure:[pitch] ;; sport:[soccer]
update,cca48e6d-4fe4-4d92-b450-be38588db8af,246538992,directory,Chung cư 312,hcm,1,10.7680552,106.64413186592,hcm_hoabinh,Quận 11,contains,4,pitch,True,True,"Chung cư 312, 312, Đường Lạc Long Quân, Phường 5, Quận 11, Thành phố Hồ Chí Minh, 72015, Việt Nam",312,Đường Lạc Long Quân,building:levels:[0] ;; leisure:[pitch] ;; sport:[tennis]
update,15cda647-9ec2-4c8c-bf25-feebed3cdf80,246533468,directory,,hcm,1,10.7707681972571,106.671354517563,hcm_hoahung,Quận 10,contains,4,pitch,True,True,"Hẻm 16 Trần Thiện Chánh, Phường 12, Quận 10, Thành phố Hồ Chí Minh, 72406, Việt Nam",,Hẻm 16 Trần Thiện Chánh,oneway:[no] ;; leisure:[pitch] ;; sport:[tennis]
update,47bd2b1c-94ec-4966-8e81-e5d2940b965c,246529076,directory,,hcm,1,10.7754632681909,106.67061607421,hcm_hoahung,Quận 10,contains,4,pitch,True,True,"Cao Thắng, Phường 12, Quận 10, Thành phố Hồ Chí Minh, 70150, Việt Nam",,Cao Thắng,leisure:[pitch] ;; sport:[tennis]
update,a74fa7d2-6ae6-49a3-b1cf-dce570c5d546,246568202,directory,,hcm,1,10.7818355656156,106.660378535014,hcm_hoahung,Quận 10,contains,1,pitch,True,True,"Phường 15, Quận 10, Thành phố Hồ Chí Minh, 72117, Việt Nam",,,leisure:[pitch] ;; sport:[soccer]
update,ac67798b-f574-4fa6-8b62-598131f69ead,246534324,directory,,hcm,1,10.7746615823757,106.669740177196,hcm_hoahung,Quận 10,contains,,swimming_pool,False,True,"Phường 12, Quận 10, Thành phố Hồ Chí Minh, 72000, Việt Nam",,,leisure:[swimming_pool]
update,cdc7eab6-84f3-4ee3-8458-3e2416368be5,246564420,directory,,hcm,1,10.7849782,106.6633601,hcm_hoahung,Quận 10,contains,4,pitch|swimming_pool,True,True,"Hẻm 61 Bắc Hải, Phường 15, Quận 10, Thành phố Hồ Chí Minh, 72117, Việt Nam",,Hẻm 61 Bắc Hải,"leisure:[pitch, swimming_pool] ;; sport:[tennis]"
update,eb7a88b7-5505-4561-a29c-8b9e1fc2a8ad,246571233,directory,,hcm,1,10.7847302,106.6632202,hcm_hoahung,Quận 10,contains,4,pitch,True,True,"Hẻm 61/6 Bắc Hải, Phường 15, Quận 10, Thành phố Hồ Chí Minh, 72117, Việt Nam",,Hẻm 61/6 Bắc Hải,leisure:[pitch] ;; sport:[tennis]
update,42361aa3-f2e9-4bd1-8fa7-36152d62ca6d,246558534,directory,Câu lạc bộ Bơi lặn Nguyễn Tri Phương,hcm,1,10.78120775,106.661010476402,hcm_hoahung,Quận 10,contains,,sports_centre|swimming_pool,True,True,"Câu lạc bộ Bơi lặn Nguyễn Tri Phương, 27, Đồng Nai, Phường 15, Quận 10, Thành phố Hồ Chí Minh, 72117, Việt Nam",27,Đồng Nai,"sport:[swimming] ;; leisure:[sports_centre, swimming_pool]"
update,ce3918ec-af07-44c4-96e6-5bb98c73a91d,246545189,directory,Kho Điện Máy Thiên Hòa,hcm,1,10.775923,106.67018198381,hcm_hoahung,Quận 10,contains,1|4,pitch,True,True,"Kho Điện Máy Thiên Hòa, Hẻm 456/43 Cao Thắng, Phường 12, Quận 10, Thành phố Hồ Chí Minh, 70150, Việt Nam",,Hẻm 456/43 Cao Thắng,"leisure:[pitch] ;; sport:[soccer, tennis]"
update,8fbda4f5-963e-4af8-92fa-9bc5c82a477a,246533282,directory,Khách sạn Kỳ Hòa,hcm,1,10.7729579,106.674232534356,hcm_hoahung,Quận 10,contains,4,pitch,True,True,"Khách sạn Kỳ Hòa, Đường 3 Tháng 2, Phường 12, Quận 10, Thành phố Hồ Chí Minh, 72406, Việt Nam",,Đường 3 Tháng 2,building:[yes] ;; leisure:[pitch] ;; sport:[tennis]
update,43e1e664-ba25-4f0d-bddf-9e32f65459f1,246545219,directory,Lan Anh,hcm,1,10.77903355,106.6783624,hcm_hoahung,Quận 3,contains,,swimming_pool,False,True,"Lan Anh, Cách Mạng Tháng 8, Phường 9, Quận 3, Thành phố Hồ Chí Minh, 70001, Việt Nam",,Cách Mạng Tháng 8,cuisine:[vietnamese] ;; building:[yes] ;; leisure:[swimming_pool]
update,e040452b-2120-47c9-b5b4-5189a25e15ac,246545693,directory,Lan Anh Pickleball,hcm,1,10.778715,106.6780456,hcm_hoahung,Quận 10,contains,5,pitch,True,True,"Lan Anh Pickleball, Hẻm 285/36 Cách mạng tháng 8, Phường 12, Quận 10, Thành phố Hồ Chí Minh, 70001, Việt Nam",,Hẻm 285/36 Cách mạng tháng 8,sport:[pickleball] ;; leisure:[pitch]
update,72603418-5fca-4866-a4cf-077457c4d2dd,246542915,directory,National Academy of Public Administration,hcm,1,10.7737637,106.676320478483,hcm_hoahung,Quận 10,contains,,pitch,False,True,"National Academy of Public Administration, Đường 3 Tháng 2, Phường 12, Quận 10, Thành phố Hồ Chí Minh, 72406, Việt Nam",,Đường 3 Tháng 2,leisure:[pitch]
update,f9a36d18-9df7-43e7-87ce-bd4661cd6c68,246566454,directory,Sân Bóng đá mini Nguyễn Tri Phương,hcm,1,10.78175865,106.6607874335,hcm_hoahung,Quận 10,contains,1,pitch|sports_centre,True,True,"Sân Bóng đá mini Nguyễn Tri Phương, Đồng Nai, Phường 15, Quận 10, Thành phố Hồ Chí Minh, 72117, Việt Nam",,Đồng Nai,"leisure:[sports_centre, pitch] ;; sport:[soccer]"
update,ac8253b5-85ec-48a1-b491-009d4118c844,246545698,directory,Sân khấu Lan Anh,hcm,1,10.77852135,106.677733786319,hcm_hoahung,Quận 10,contains,4,pitch,True,True,"Sân khấu Lan Anh, Hẻm 285/36 Cách mạng tháng 8, Phường 12, Quận 10, Thành phố Hồ Chí Minh, 70001, Việt Nam",,Hẻm 285/36 Cách mạng tháng 8,building:[yes] ;; leisure:[pitch] ;; sport:[tennis]
update,b44e8b59-82cb-4fa3-b6aa-25bc51e9d0f7,246538387,directory,Sân khấu kịch Hoàng Thái Thanh,hcm,1,10.78095705,106.659773725253,hcm_hoahung,Quận 10,contains,1,pitch|sports_centre,True,True,"Sân khấu kịch Hoàng Thái Thanh, 139, Bắc Hải, Phường 14, Quận 10, Thành phố Hồ Chí Minh, 72117, Việt Nam",139,Bắc Hải,"building:[yes] ;; leisure:[sports_centre, pitch] ;; sport:[soccer]"
update,5d4c72a4-0989-4c79-9488-c748a9dbdffe,246534331,directory,Trường THPT Nguyễn Du,hcm,1,10.7787774,106.661899307561,hcm_hoahung,Quận 10,contains,1,pitch,True,True,"Trường THPT Nguyễn Du, 21, Đồng Nai, Phường 15, Quận 10, Thành phố Hồ Chí Minh, 72117, Việt Nam",21,Đồng Nai,grades:[10-12] ;; leisure:[pitch] ;; sport:[soccer]
update,fd5c72ba-2083-480d-9a0d-45270b8bdf70,246543992,directory,Trại giam Chí Hòa,hcm,1,10.7771531,106.668849410055,hcm_hoahung,Quận 10,contains,1,pitch,True,True,"Trại giam Chí Hòa, 324, Hẻm 824 Sư Vạn Hạnh, Phường 13, Quận 10, Thành phố Hồ Chí Minh, 72000, Việt Nam",324,Hẻm 824 Sư Vạn Hạnh,wikidata:[Q1319844] ;; leisure:[pitch] ;; sport:[soccer]
update,adc6b5f6-a119-4f0e-803b-4b899cc0ca6b,246529257,directory,VFF,hcm,1,10.77459115,106.673829753387,hcm_hoahung,Quận 10,contains,4,pitch,True,True,"VFF, Cao Thắng, Phường 12, Quận 10, Thành phố Hồ Chí Minh, 72406, Việt Nam",,Cao Thắng,building:[office] ;; leisure:[pitch] ;; sport:[tennis]
update,6a686d6f-f273-4c3c-8e52-afc8e06fb496,246604962,directory,Trường THPT Hồ Thị Bi,hcm,1,10.89716835,106.587533885904,hcm_hocmon,,contains,,pitch,True,True,"Trường THPT Hồ Thị Bi, Tân Hiệp 28, Thành phố Hồ Chí Minh, 71717, Việt Nam",,Tân Hiệp 28,grades:[10-12] ;; leisure:[pitch] ;; sport:[volleyball]
update,0150120d-1bdc-4dd6-ac2d-031bccf1e74c,246716244,directory,Trường THPT Đa Phước,hcm,1,10.66916415,106.648391752129,hcm_hunglong,,contains,1,pitch,True,True,"Trường THPT Đa Phước, Tập Đoàn 16, Thành phố Hồ Chí Minh, 71812, Việt Nam",,Tập Đoàn 16,grades:[10-12] ;; website:[https://thptdaphuoc.edu.vn/] ;; leisure:[pitch] ;; sport:[soccer]
update,97f0efcb-5215-46af-84aa-d146dc4bb97e,246535668,directory,Hồ bơi Vân Đồn,hcm,1,10.7571534,106.700921795746,hcm_khanhhoi,Quận 4,contains,,swimming_pool,True,True,"Hồ bơi Vân Đồn, Đường Số 38, Phường 4, Quận 4, Thành phố Hồ Chí Minh, 72800, Việt Nam",,Đường Số 38,sport:[swimming] ;; leisure:[swimming_pool]
update,e52e02de-f82f-4219-8333-6d35289e6704,246539356,directory,Phòng Tập GetFit Gym,hcm,1,10.7604587,106.6990903,hcm_khanhhoi,Quận 4,contains,,sports_centre,False,True,"Phòng Tập GetFit Gym, Hoàng Diệu, Phường 9, Quận 4, Thành phố Hồ Chí Minh, 72806, Việt Nam",,Hoàng Diệu,leisure:[sports_centre]
update,cc7ea3ca-6e97-4dcf-80f0-00c8c434dc02,246549038,directory,Trung Tâm Thể Dục Thể Thao Quận 4,hcm,1,10.7566764,106.7010507,hcm_khanhhoi,Quận 4,contains,,sports_centre,False,True,"Trung Tâm Thể Dục Thể Thao Quận 4, 120-122, Khánh Hội, Phường 4, Quận 4, Thành phố Hồ Chí Minh, 72800, Việt Nam",,Khánh Hội,leisure:[sports_centre]
update,d0ded4f6-3cf2-43f4-a467-edbc8ad77741,246549065,directory,Trung tâm TDTT Quận 4,hcm,1,10.7571064,106.70114880027,hcm_khanhhoi,Quận 4,contains,4,pitch|sports_centre|swimming_pool,True,True,"Trung tâm TDTT Quận 4, 120-122, Khánh Hội, Phường 3, Quận 4, Thành phố Hồ Chí Minh, 72800, Việt Nam",,Khánh Hội,"leisure:[sports_centre, pitch, swimming_pool] ;; sport:[tennis, swimming]"
update,464485fa-8972-408e-84dc-e6193e9239de,246650416,directory,,hcm,1,10.8537320635743,106.753049687614,hcm_linhxuan,Phường Linh Tây,contains,1,pitch,True,True,"Nguyễn Văn Lịch, Phường Linh Tây, Thành phố Thủ Đức, 71221, Việt Nam",,Nguyễn Văn Lịch,leisure:[pitch] ;; sport:[soccer]
update,52bb5174-799b-4b10-9ecf-2d6356c93ccb,246606083,directory,,hcm,1,10.8820906805674,106.775732144882,hcm_linhxuan,Phường Linh Xuân,contains,1,pitch,True,True,"Khu phố 3, Phường Linh Xuân, Thành phố Thủ Đức, 75350, Việt Nam",,,leisure:[pitch] ;; sport:[soccer]
update,c5f29157-e6a2-4cc1-b3e7-5e80a1aaaeed,246652724,directory,,hcm,1,10.8661676384777,106.777284565094,hcm_linhxuan,Phường Linh Trung,contains,1,pitch,True,True,"Đường số 15, Phường Linh Trung, Thành phố Thủ Đức, 00848, Việt Nam",,Đường số 15,leisure:[pitch] ;; sport:[soccer]
update,d5c869ed-a411-414c-96f6-94a98612859e,246607080,directory,,hcm,1,10.8822073029611,106.765462534566,hcm_linhxuan,Phường Linh Xuân,contains,,pitch,False,True,"Hẻm 21, Khu phố 21, Phường Linh Xuân, Thành phố Thủ Đức, 75350, Việt Nam",,Hẻm 21,leisure:[pitch]
update,e7af7421-de54-45f4-9671-cb3af1190091,246658092,directory,Flora Novia - Block B,hcm,1,10.8648791,106.75980738438,hcm_linhxuan,Phường Linh Tây,contains,,swimming_pool,False,True,"Flora Novia - Block B, Đường Phạm Văn Đồng, Phường Linh Tây, Thành phố Thủ Đức, 75350, Việt Nam",,Đường Phạm Văn Đồng,building:levels:[18] ;; leisure:[swimming_pool]
update,257a13fa-103c-4f23-84f6-ba4a4935c949,246638322,directory,Nhà thi đấu ĐH KHXH&NV,hcm,1,10.8706902,106.801261644063,hcm_linhxuan,Phường Linh Trung,contains,3,sports_centre,True,True,"Nhà thi đấu ĐH KHXH&NV, Hàn Thuyên, Khu phố 22, Phường Linh Trung, Thành phố Thủ Đức, 71300, Việt Nam",,Hàn Thuyên,sport:[badminton] ;; building:[yes] ;; leisure:[sports_centre]
update,31dc0646-d916-4db7-862c-f7938fbdcfc3,246645734,directory,Sân Bóng UIT,hcm,1,10.86900285,106.803412410975,hcm_linhxuan,Phường Linh Trung,contains,1,pitch,True,True,"Sân Bóng UIT, Đường đến trạm xe bus, Khu phố 23, Phường Linh Trung, Thành phố Thủ Đức, 71300, Việt Nam",,Đường đến trạm xe bus,sport:[soccer] ;; leisure:[pitch]
update,b8525b64-2068-4976-b58f-dcbed9768ad2,246651302,directory,Sân đa môn,hcm,1,10.87028425,106.789200235709,hcm_linhxuan,Phường Linh Trung,contains,,pitch,False,True,"Sân đa môn, Đường số 6, Khu phố 22, Phường Linh Trung, Thành phố Thủ Đức, 71300, Việt Nam",,Đường số 6,leisure:[pitch]
update,0fc8e4ef-82f0-4bba-ba5e-1fe9feb41f29,246651827,directory,Trường THCS Linh Trung,hcm,1,10.86358365,106.762263345267,hcm_linhxuan,Phường Linh Trung,contains,4,pitch,True,True,"Trường THCS Linh Trung, Đường Linh Trung, Khu phố 3, Phường Linh Trung, Thành phố Thủ Đức, 75350, Việt Nam",,Đường Linh Trung,leisure:[pitch] ;; sport:[tennis]
update,23e5c29b-ed9b-4c81-838a-e812d50b4dde,246617278,directory,Trường THPT Đào Sơn Tây,hcm,1,10.87810715,106.773121393249,hcm_linhxuan,Phường Linh Xuân,contains,1,pitch,True,True,"Trường THPT Đào Sơn Tây, Đường số 10, Khu phố 10, Phường Linh Xuân, Thành phố Thủ Đức, 75350, Việt Nam",,Đường số 10,leisure:[pitch] ;; sport:[soccer]
update,ec75a4c0-4218-4c8b-becc-14a37d0b32f5,246651501,directory,Trường Tiểu học Hoàng Diệu,hcm,1,10.85593995,106.773248917286,hcm_linhxuan,Phường Linh Trung,contains,1,pitch,True,True,"Trường Tiểu học Hoàng Diệu, 33, Đường Lê Văn Chí, Khu phố 11, Phường Linh Trung, Thành phố Thủ Đức, 00848, Việt Nam",33,Đường Lê Văn Chí,leisure:[pitch] ;; sport:[soccer]
update,1a83b11c-364b-4165-a1e1-aeb54e95a48b,246651233,directory,Trường Trung học phổ thông Linh Trung,hcm,1,10.86200775,106.784222894245,hcm_linhxuan,Phường Linh Trung,contains,2,pitch,True,True,"Trường Trung học phổ thông Linh Trung, 5, Đường số 16, Khu phố 14, Phường Linh Trung, Thành phố Thủ Đức, 71300, Việt Nam",5,Đường số 16,grades:[10-12] ;; website:[https://thptlinhtrung.hcm.edu.vn/] ;; leisure:[pitch] ;; sport:[basketball]
update,001137a3-b630-4560-8af2-83013049811e,246638089,directory,Trường Đại học An ninh Nhân dân,hcm,1,10.87245225,106.804930626592,hcm_linhxuan,Phường Đông Hòa,contains,1|4,pitch|stadium,True,True,"Trường Đại học An ninh Nhân dân, Nguyễn Văn Huyên, Phường Đông Hòa, Thành phố Dĩ An, Tỉnh Bình Dương, 71300, Việt Nam",,Nguyễn Văn Huyên,"leisure:[stadium, pitch] ;; sport:[tennis, soccer]"
update,2e1efc1c-789f-4ec7-bdac-de89adad18bf,246646358,directory,Trường Đại học Công nghệ Thông tin,hcm,1,10.8694943,106.803307301772,hcm_linhxuan,Phường Linh Trung,contains,2|4,pitch,True,True,"Trường Đại học Công nghệ Thông tin, Đường đến trạm xe bus, Khu phố 23, Phường Linh Trung, Thành phố Thủ Đức, 71300, Việt Nam",,Đường đến trạm xe bus,"leisure:[pitch] ;; sport:[tennis, basketball]"
update,f966bb97-252e-48dd-963c-5c87378bd2d9,246655115,directory,Trường Đại học Kinh tế - Luật,hcm,1,10.87131315,106.77853162622,hcm_linhxuan,Phường Linh Xuân,contains,1|2|3|5,pitch|sports_centre,True,True,"Trường Đại học Kinh tế - Luật, Cầu vượt Bộ hành Quốc lộ 1, Khu phố 6, Phường Linh Xuân, Thành phố Thủ Đức, 75350, Việt Nam",,Cầu vượt Bộ hành Quốc lộ 1,"operator:[Đại học Quốc gia thành phố Hồ Chí Minh] ;; leisure:[sports_centre, pitch] ;; sport:[badminton, soccer, basketball, pickleball]"
update,83721fd7-b0bc-4961-938e-03bd2aca5dc6,246639112,directory,Trường Đại học Nông Lâm TP.HCM,hcm,1,10.87192465,106.791339748388,hcm_linhxuan,Phường Đông Hòa,contains,1,pitch,True,True,"Trường Đại học Nông Lâm TP.HCM, Đường số 6, Phường Đông Hòa, Thành phố Dĩ An, Tỉnh Bình Dương, 70000, Việt Nam",,Đường số 6,"phone:[+842838966780] ;; website:[https://hcmuaf.edu.vn] ;; leisure:[pitch] ;; sport:[soccer, volleyball]"
update,6c89630d-5e0e-4dbf-a43c-77f1f8dedccb,246651465,directory,Trường Đại học Thể dục Thể thao TP.HCM,hcm,1,10.87205595,106.795781088719,hcm_linhxuan,Phường Linh Trung,contains,1|2|3|4,pitch|swimming_pool,True,True,"Trường Đại học Thể dục Thể thao TP.HCM, Võ Trường Toản, Khu phố 22, Phường Linh Trung, Thành phố Thủ Đức, 71300, Việt Nam",,Võ Trường Toản,"phone:[0932944442] ;; leisure:[pitch, swimming_pool] ;; sport:[tennis, basketball, handball, badminton, soccer, shooting]"
update,925dff17-b788-45bb-a6de-a5da84e09f8c,246648569,directory,Trạm Y Tế Phường Linh Trung,hcm,1,10.86466235,106.761953595814,hcm_linhxuan,Phường Linh Trung,contains,1,pitch,True,True,"Trạm Y Tế Phường Linh Trung, Đường Kha Vạn Cân, Khu phố 2, Phường Linh Trung, Thành phố Thủ Đức, 75350, Việt Nam",,Đường Kha Vạn Cân,leisure:[pitch] ;; sport:[soccer]
update,5e16e890-a6e4-47ea-ae5e-f74991d662d1,246617783,directory,sân bóng đá,hcm,1,10.88363355,106.775843719727,hcm_linhxuan,Phường Đông Hòa,contains,1,pitch,True,True,"sân bóng đá, Trần Đại Nghĩa, Tân Quý, Phường Đông Hòa, Thành phố Dĩ An, Tỉnh Bình Dương, 75350, Việt Nam",,Trần Đại Nghĩa,sport:[soccer] ;; leisure:[pitch]
update,1934eaa4-2193-412d-922b-5b48a5859110,246640508,directory,,hcm,1,10.9662238383562,106.87667616914,hcm_longbinh,Phường Hố Nai,contains,1,pitch,True,True,"Khu phố 13, Phường Hố Nai, Thành phố Biên Hòa, Tỉnh Đồng Nai, 76111, Việt Nam",,,leisure:[pitch] ;; sport:[soccer]
update,2616d56e-7c93-45e7-bcda-f4c57774be7e,246633543,directory,,hcm,1,10.9563455,106.8787076,hcm_longbinh,Phường Long Bình,contains,,swimming_pool,False,True,"Khu phố 1, Phường Long Bình, Thành phố Biên Hòa, Tỉnh Đồng Nai, 76111, Việt Nam",,,leisure:[swimming_pool]
update,63568bc9-0613-4b77-a132-b735b703def7,246625738,directory,,hcm,1,10.9569323,106.9319379,hcm_longbinh,Phường Long Bình,contains,1,pitch,True,True,"Phường Long Bình, Thành phố Biên Hòa, Tỉnh Đồng Nai, Việt Nam",,,leisure:[pitch] ;; sport:[soccer]
update,6625a65d-f614-4ca1-8863-94c39103fa45,246654951,directory,,hcm,1,10.8384055363873,106.842287529966,hcm_longbinh,Phường Long Bình,contains,,stadium,False,True,"Đường V3, Phường Long Bình, Thành phố Thủ Đức, 71216, Việt Nam",,Đường V3,leisure:[stadium]
update,7e88ecab-5437-45d5-9b3f-62133dd8b2a4,246635288,directory,,hcm,1,10.9628547,106.9026217,hcm_longbinh,Phường Tân Biên,contains,1,pitch,True,True,"Khu phố 9, Phường Tân Biên, Thành phố Biên Hòa, Tỉnh Đồng Nai, 76111, Việt Nam",,,leisure:[pitch] ;; sport:[soccer]
update,8222f3a2-dcaa-4c48-be3f-0bfea5a35fa5,246662490,directory,,hcm,1,10.8447588231023,106.807291988915,hcm_longbinh,Phường Long Thạnh Mỹ,contains,1,pitch,True,True,"Đường N3, Phường Long Thạnh Mỹ, Thành phố Thủ Đức, 71216, Việt Nam",,Đường N3,surface:[asphalt] ;; leisure:[pitch] ;; sport:[soccer]
update,c21ce8a2-f90a-40f1-bb0e-5ff3ba180254,246637157,directory,,hcm,1,10.9063196297481,106.892406213594,hcm_longbinh,Phường Long Bình,contains,1,pitch,True,True,"Khu phố 7A, Phường Long Bình, Thành phố Biên Hòa, Tỉnh Đồng Nai, Việt Nam",,,lanes:[2] ;; lane_markings:[no] ;; leisure:[pitch] ;; sport:[soccer]
update,cfd2c62f-a8ef-4897-8567-4ba4e53daf4e,246638568,directory,,hcm,1,10.864907,106.8274771,hcm_longbinh,Phường Long Bình,contains,4,pitch|swimming_pool,True,True,"Phường Long Bình, Thành phố Thủ Đức, 71216, Việt Nam",,,"access:[private] ;; surface:[asphalt] ;; leisure:[pitch, swimming_pool] ;; sport:[tennis]"
update,e1fad371-6c33-4035-a925-345a1560a0cb,246646719,directory,,hcm,1,10.8641963273737,106.82680323609,hcm_longbinh,Phường Long Bình,contains,4,pitch|swimming_pool,True,True,"Lâm Viên, Phường Long Bình, Thành phố Thủ Đức, 71216, Việt Nam",,Lâm Viên,"surface:[asphalt] ;; maxspeed:[35] ;; leisure:[pitch, swimming_pool] ;; sport:[tennis]"
update,e70ff35b-3c0a-4ca5-96d9-30fb9085273b,246664109,directory,,hcm,1,10.8355130472917,106.830035011834,hcm_longbinh,Phường Long Thạnh Mỹ,contains,1,pitch,True,True,"Đường Nguyễn Xiển, Phường Long Thạnh Mỹ, Thành phố Thủ Đức, 71216, Việt Nam",,Đường Nguyễn Xiển,"lanes:[2] ;; surface:[asphalt] ;; hgv:conditional:[no @ (06:00-08:30,16:00-20:00)] ;; maxweight:conditional:[5 @ (06:00-22:00)] ;; leisure:[pitch] ;; sport:[soccer]"
update,f73a4ecf-ef46-4964-b0ae-a511a70eec1e,246623849,directory,,hcm,1,10.8781563625731,106.825128978134,hcm_longbinh,Phường Bình Thắng,contains,,swimming_pool,False,True,"Phường Bình Thắng, Thành phố Thủ Đức, Tỉnh Bình Dương, 71216, Việt Nam",,,leisure:[swimming_pool]
update,3713184b-23ce-4b93-8379-caa90a8a2cef,246672111,directory,BOSS Pickleball,hcm,1,10.8433413,106.8293668,hcm_longbinh,Phường Long Thạnh Mỹ,contains,5,pitch,True,True,"BOSS Pickleball, Nguyễn Xiển, Phường Long Thạnh Mỹ, Thành phố Thủ Đức, 71216, Việt Nam",,Nguyễn Xiển,sport:[pickleball] ;; leisure:[pitch]
update,361a6cf3-4767-446e-aaec-fcf7106e3fa9,246648620,directory,Bãi đậu xe ngoài trời S9,hcm,1,10.8460081,106.8373279,hcm_longbinh,Phường Long Bình,contains,2|4,pitch,True,True,"Bãi đậu xe ngoài trời S9, Đường D7, Phường Long Bình, Thành phố Thủ Đức, 71216, Việt Nam",,Đường D7,"leisure:[pitch] ;; sport:[basketball, tennis]"
update,33c6aadd-8017-45f2-836f-ebe4129f3a24,246669117,directory,Bếp Nhà Gỗ,hcm,1,10.8368868,106.8345018,hcm_longbinh,Phường Long Thạnh Mỹ,contains,5,,True,True,"Bếp Nhà Gỗ, Đường Nguyễn Xiển – Long Phước, Phường Long Thạnh Mỹ, Thành phố Thủ Đức, 71216, Việt Nam",,Đường Nguyễn Xiển – Long Phước,sport:[pickleball]
update,939c60a4-d195-4de6-b6a6-c64c3ced0b6b,246664820,directory,Bệnh viện Quốc tế Vinmec,hcm,1,10.8358715,106.845645667273,hcm_longbinh,Phường Long Bình,contains,1,pitch,True,True,"Bệnh viện Quốc tế Vinmec, Đường V3, Phường Long Bình, Thành phố Thủ Đức, 71216, Việt Nam",,Đường V3,healthcare:[hospital] ;; construction:[yes] ;; leisure:[pitch] ;; sport:[soccer]
update,b58a2100-117c-4a2e-98e7-1b2e016e9dde,246640414,directory,Công ty TNHH MTV Tổng Công ty Tân Cảng,hcm,1,10.91366165,106.899431514346,hcm_longbinh,Phường Long Bình,contains,4,pitch,True,True,"Công ty TNHH MTV Tổng Công ty Tân Cảng, Đường Phan Đăng Lưu, Khu phố 7, Phường Long Bình, Thành phố Biên Hòa, Tỉnh Đồng Nai, Việt Nam",,Đường Phan Đăng Lưu,landuse:[industrial] ;; leisure:[pitch] ;; sport:[tennis]
update,3ba721af-3ca2-4c59-a713-a1e2c4814eec,246653786,directory,Cầu Gò Công,hcm,1,10.8347107,106.8300604,hcm_longbinh,Phường Long Thạnh Mỹ,contains,1,pitch,True,True,"Cầu Gò Công, Đường Nguyễn Xiển, Phường Long Thạnh Mỹ, Thành phố Thủ Đức, 71216, Việt Nam",,Đường Nguyễn Xiển,layer:[1] ;; leisure:[pitch] ;; sport:[soccer]
update,03ed4ef3-b9ca-40aa-b7df-a6bd9ecfbfe5,246663836,directory,DD9,hcm,1,10.8338899,106.8313298,hcm_longbinh,Phường Long Thạnh Mỹ,contains,5,pitch,True,True,"DD9, Đường Nguyễn Xiển, Phường Long Thạnh Mỹ, Thành phố Thủ Đức, 71216, Việt Nam",,Đường Nguyễn Xiển,sport:[pickleball] ;; leisure:[pitch]
update,061a5e7d-6aeb-4e0a-928c-b84e600e40f0,246646146,directory,Hồ bơi nội khu S10,hcm,1,10.8457123,106.8394174,hcm_longbinh,Phường Long Bình,contains,,swimming_pool,False,True,"Hồ bơi nội khu S10, Đường D5, Phường Long Bình, Thành phố Thủ Đức, 71216, Việt Nam",,Đường D5,leisure:[swimming_pool]
update,673fcdec-0ae1-453a-a934-a1b0bd7cdc32,246670282,directory,Hồ bơi nội khu S2 - S3,hcm,1,10.838426,106.8333856,hcm_longbinh,Phường Long Thạnh Mỹ,contains,,swimming_pool,False,True,"Hồ bơi nội khu S2 - S3, Đường nội khu, Phường Long Thạnh Mỹ, Thành phố Thủ Đức, 71216, Việt Nam",,Đường nội khu,leisure:[swimming_pool]
update,34e63cb5-dcd1-47b8-acdc-c7bc8fd811e4,246654658,directory,Hồ bơi nội khu S5,hcm,1,10.8406519,106.8371481,hcm_longbinh,Phường Long Thạnh Mỹ,contains,,swimming_pool,False,True,"Hồ bơi nội khu S5, Đường Cầu Vồng, Phường Long Thạnh Mỹ, Thành phố Thủ Đức, 71216, Việt Nam",,Đường Cầu Vồng,leisure:[swimming_pool]
update,0def7f03-c423-4cae-ab81-ac6d1c403c26,246663857,directory,Hồ bơi nội khu S6,hcm,1,10.8428155,106.8381044,hcm_longbinh,Phường Long Bình,contains,,swimming_pool,False,True,"Hồ bơi nội khu S6, Đường D6, Phường Long Bình, Thành phố Thủ Đức, 71216, Việt Nam",,Đường D6,leisure:[swimming_pool]
update,a1427734-8da3-4d84-8c7e-21171bd4eeaa,246653298,directory,Hồ bơi nội khu S7,hcm,1,10.84367055,106.837208744243,hcm_longbinh,Phường Long Bình,contains,,swimming_pool,False,True,"Hồ bơi nội khu S7, Đường D6, Phường Long Bình, Thành phố Thủ Đức, 71216, Việt Nam",,Đường D6,leisure:[swimming_pool]
update,50c09dec-063c-4a9d-ae2f-23951dab3402,246647538,directory,Hồ bơi nội khu S8,hcm,1,10.84420145,106.83641510724,hcm_longbinh,Phường Long Bình,contains,2,pitch|swimming_pool,True,True,"Hồ bơi nội khu S8, Đường D7, Phường Long Bình, Thành phố Thủ Đức, 71216, Việt Nam",,Đường D7,"leisure:[pitch, swimming_pool] ;; sport:[basketball]"
update,0744694c-9374-4372-99a7-4b7171e0ff91,246646290,directory,Hồ bơi nội khu S9,hcm,1,10.8469003,106.8374197,hcm_longbinh,Phường Long Bình,contains,2,pitch|swimming_pool,True,True,"Hồ bơi nội khu S9, Đường D7, Phường Long Bình, Thành phố Thủ Đức, 71216, Việt Nam",,Đường D7,"leisure:[pitch, swimming_pool] ;; sport:[basketball]"
update,6c82c4d4-ed82-48b3-861f-b0cfc8b4383e,246634442,directory,Hội dòng Mến Thánh giá Xuân Lộc,hcm,1,10.97442895,106.880905929909,hcm_longbinh,Phường Hố Nai,contains,1,pitch,True,True,"Hội dòng Mến Thánh giá Xuân Lộc, Đường Nguyễn Ái Quốc, Khu phố 11, Phường Hố Nai, Thành phố Biên Hòa, Tỉnh Đồng Nai, 76050, Việt Nam",,Đường Nguyễn Ái Quốc,religion:[christian] ;; denomination:[roman_catholic] ;; leisure:[pitch] ;; sport:[soccer]
update,cdf6286d-db9e-4705-ad77-c40e7c941102,246670978,directory,Kinh Bắc Tennis,hcm,1,10.8292066,106.831497822742,hcm_longbinh,Phường Long Thạnh Mỹ,contains,4,pitch,True,True,"Kinh Bắc Tennis, Đường Số 23, Phường Long Thạnh Mỹ, Thành phố Thủ Đức, 71216, Việt Nam",,Đường Số 23,sport:[tennis] ;; leisure:[pitch]
update,3da9e3ea-f602-4652-9a7a-78aa0255a9d6,246654686,directory,Lumière Boulevard - Tower A,hcm,1,10.8403263,106.839644563788,hcm_longbinh,Phường Long Bình,contains,1|3,pitch,True,True,"Lumière Boulevard - Tower A, Đường D1, Phường Long Bình, Thành phố Thủ Đức, 71216, Việt Nam",,Đường D1,"leisure:[pitch] ;; sport:[badminton, soccer]"
update,bcf79c78-4364-499d-863a-6c76c3727daa,246671185,directory,Masteri Centre Point - Tower B,hcm,1,10.84103315,106.839964797309,hcm_longbinh,Phường Long Bình,contains,2,pitch,True,True,"Masteri Centre Point - Tower B, Đường D1, Phường Long Bình, Thành phố Thủ Đức, 71216, Việt Nam",,Đường D1,"leisure:[pitch] ;; sport:[volleyball, basketball]"
update,86c902ed-dc72-4a1a-baa6-593523f0e276,246631760,directory,Nhà máy Quốc phòng Z114,hcm,1,10.9188747,106.89506242476,hcm_longbinh,Phường Long Bình,contains,4,pitch,True,True,"Nhà máy Quốc phòng Z114, Đường Phan Đăng Lưu, Khu phố 7, Phường Long Bình, Thành phố Biên Hòa, Tỉnh Đồng Nai, Việt Nam",,Đường Phan Đăng Lưu,landuse:[military] ;; leisure:[pitch] ;; sport:[tennis]
update,694ba65f-3b97-436a-ad6c-8294461a2877,246636649,directory,Nhà máy Quốc phòng Z756,hcm,1,10.92200575,106.891418983981,hcm_longbinh,Phường Long Bình,contains,4,pitch,True,True,"Nhà máy Quốc phòng Z756, Đường Bùi Văn Hòa, Khu phố 7, Phường Long Bình, Thành phố Biên Hòa, Tỉnh Đồng Nai, 76111, Việt Nam",,Đường Bùi Văn Hòa,landuse:[military] ;; leisure:[pitch] ;; sport:[tennis]
update,628f0a53-9001-4963-9840-0082a1bdf470,246645470,directory,Oasis Swimming Pool,hcm,1,10.84692215,106.843696980882,hcm_longbinh,Phường Long Bình,contains,,swimming_pool,False,True,"Oasis Swimming Pool, Đường Phước Thiện, Phường Long Bình, Thành phố Thủ Đức, 71216, Việt Nam",,Đường Phước Thiện,access:[private] ;; swimming_pool:[swimming_pool] ;; leisure:[swimming_pool]
update,5218ee81-c93e-4ca9-91e4-807a09fe9bb5,246670838,directory,S1,hcm,1,10.83792105,106.830667781673,hcm_longbinh,Phường Long Thạnh Mỹ,contains,,pitch|swimming_pool,True,True,"S1, Đường Nguyễn Xiển, Phường Long Thạnh Mỹ, Thành phố Thủ Đức, 71216, Việt Nam",,Đường Nguyễn Xiển,"leisure:[pitch, swimming_pool] ;; sport:[volleyball]"
update,4a977b9d-7089-4994-983c-812ee1d695b1,246669207,directory,S1.05,hcm,1,10.839023,106.830502232778,hcm_longbinh,Phường Long Thạnh Mỹ,contains,,pitch,True,True,"S1.05, Đường Cầu Vồng 5, Phường Long Thạnh Mỹ, Thành phố Thủ Đức, 71216, Việt Nam",,Đường Cầu Vồng 5,level:[25] ;; leisure:[pitch] ;; sport:[table_tennis]
update,d37926a4-12af-4b96-988f-43c9c1126bdb,246646092,directory,S10.02,hcm,1,10.84511345,106.838833582263,hcm_longbinh,Phường Long Bình,contains,2|3,pitch,True,True,"S10.02, Đường D4, Phường Long Bình, Thành phố Thủ Đức, 71216, Việt Nam",,Đường D4,"leisure:[pitch] ;; sport:[basketball, badminton]"
update,33ec74e7-e122-4ce7-9148-2e59effdb3ec,246651798,directory,S10.03,hcm,1,10.8466216,106.839261408063,hcm_longbinh,Phường Long Bình,contains,2|4,pitch,True,True,"S10.03, Đường D4, Phường Long Bình, Thành phố Thủ Đức, 71216, Việt Nam",,Đường D4,"level:[34] ;; leisure:[pitch] ;; sport:[tennis, basketball, volleyball]"
update,cf264df8-e8ba-4708-9fa7-d2a0d2864784,246664982,directory,S2.03,hcm,1,10.83861305,106.832644593222,hcm_longbinh,Phường Long Thạnh Mỹ,contains,,pitch,True,True,"S2.03, Đường Cầu Vồng 3, Phường Long Thạnh Mỹ, Thành phố Thủ Đức, 71216, Việt Nam",,Đường Cầu Vồng 3,level:[25] ;; leisure:[pitch] ;; sport:[table_tennis]
update,66a16f8b-f1c2-49c8-8fca-501f59a3734a,246679832,directory,S2.05,hcm,1,10.83791285,106.832659000409,hcm_longbinh,Phường Long Thạnh Mỹ,contains,,pitch,True,True,"S2.05, Đường Nguyễn Xiển – Long Phước, Phường Long Thạnh Mỹ, Thành phố Thủ Đức, 71216, Việt Nam",,Đường Nguyễn Xiển – Long Phước,level:[34] ;; leisure:[pitch] ;; sport:[volleyball]
update,ec017df5-d92a-4ebc-8422-f3fe217012e8,246664443,directory,S3.02,hcm,1,10.83938405,106.834288316111,hcm_longbinh,Phường Long Thạnh Mỹ,contains,,pitch,True,True,"S3.02, Đường Cầu Vồng 3, Phường Long Thạnh Mỹ, Thành phố Thủ Đức, 71216, Việt Nam",,Đường Cầu Vồng 3,operator:[Vinhomes Grand Park] ;; leisure:[pitch] ;; sport:[volleyball]
update,16dad2ea-463e-4e3e-8ec0-8c44a372b6e2,246654532,directory,S3.03,hcm,1,10.8388265,106.834865370122,hcm_longbinh,Phường Long Thạnh Mỹ,contains,,pitch,True,True,"S3.03, Đường Nguyễn Xiển – Long Phước, Phường Long Thạnh Mỹ, Thành phố Thủ Đức, 71216, Việt Nam",,Đường Nguyễn Xiển – Long Phước,level:[25] ;; leisure:[pitch] ;; sport:[table_tennis]
update,3649fe9c-f91e-498b-90b8-db76a446786d,246665262,directory,S5.01,hcm,1,10.84020385,106.836862465503,hcm_longbinh,Phường Long Thạnh Mỹ,contains,1|2|5,pitch,True,True,"S5.01, Đường Cầu Vồng, Phường Long Thạnh Mỹ, Thành phố Thủ Đức, 71216, Việt Nam",,Đường Cầu Vồng,"leisure:[pitch] ;; sport:[soccer, basketball, volleyball, table_tennis, pickleball]"
update,9651f9c7-3739-4a67-9038-41f561bab423,246663569,directory,S6.02,hcm,1,10.84256285,106.837628312885,hcm_longbinh,Phường Long Bình,contains,2|4,pitch,True,True,"S6.02, Đường D6, Phường Long Bình, Thành phố Thủ Đức, 71216, Việt Nam",,Đường D6,"level:[25] ;; leisure:[pitch] ;; sport:[tennis, basketball]"
update,9297ab93-7269-4b51-82cd-0807c8b84914,246646740,directory,S6.03,hcm,1,10.8439465,106.838239032447,hcm_longbinh,Phường Long Bình,contains,2|3,pitch,True,True,"S6.03, Đường D6, Phường Long Bình, Thành phố Thủ Đức, 71216, Việt Nam",,Đường D6,"level:[25] ;; leisure:[pitch] ;; sport:[badminton, basketball]"
update,9b302eb4-eb73-4119-b043-14294f09dbad,246651379,directory,S7.03,hcm,1,10.8445368,106.837092364637,hcm_longbinh,Phường Long Bình,contains,2,pitch,True,True,"S7.03, Đường D7, Phường Long Bình, Thành phố Thủ Đức, 71216, Việt Nam",,Đường D7,level:[34] ;; leisure:[pitch] ;; sport:[basketball]
update,0afd8394-ad80-417b-b631-768f8c70e505,246646528,directory,S8.02,hcm,1,10.84449065,106.835971175999,hcm_longbinh,Phường Long Bình,contains,3|4,pitch,True,True,"S8.02, Đường V1, Phường Long Bình, Thành phố Thủ Đức, 71216, Việt Nam",,Đường V1,"level:[25] ;; leisure:[pitch] ;; sport:[tennis, volleyball, badminton]"
update,6477ca3f-6255-4864-bb56-91f3f7dacd29,246644003,directory,S9.02,hcm,1,10.8464793,106.836872465092,hcm_longbinh,Phường Long Bình,contains,2,pitch,True,True,"S9.02, Đường V1, Phường Long Bình, Thành phố Thủ Đức, 71216, Việt Nam",,Đường V1,"leisure:[pitch] ;; sport:[volleyball, basketball]"
update,a0db234c-b84d-4432-bac9-46864e3e2fde,246677514,directory,Sân Tennis S2 - S3,hcm,1,10.8380369,106.833608094739,hcm_longbinh,Phường Long Thạnh Mỹ,contains,2|4,pitch,True,True,"Sân Tennis S2 - S3, Đường Nguyễn Xiển – Long Phước, Phường Long Thạnh Mỹ, Thành phố Thủ Đức, 71216, Việt Nam",,Đường Nguyễn Xiển – Long Phước,"sport:[tennis, basketball, table_tennis] ;; leisure:[pitch]"
update,afd6e302-6fbe-4502-b478-96426d4f2243,246664366,directory,Sân bóng rổ,hcm,1,10.83795175,106.833404357694,hcm_longbinh,Phường Long Thạnh Mỹ,contains,2|3,pitch,True,True,"Sân bóng rổ, Đường Nguyễn Xiển – Long Phước, Phường Long Thạnh Mỹ, Thành phố Thủ Đức, 71216, Việt Nam",,Đường Nguyễn Xiển – Long Phước,"sport:[basketball, badminton] ;; leisure:[pitch]"
update,58f821ac-05b5-4575-b41c-a0a973b46bca,246670532,directory,Tower B,hcm,1,10.83984255,106.840069674924,hcm_longbinh,Phường Long Bình,contains,4,pitch,True,True,"Tower B, Đường Masterise Homes Q9, Phường Long Bình, Thành phố Thủ Đức, 71216, Việt Nam",,Đường Masterise Homes Q9,leisure:[pitch] ;; sport:[tennis]
update,d37eaf15-e04c-47f8-9483-4f2d58426971,246661027,directory,Trung tâm Công nghệ Hàng không - Học viện Hàng không Vietjet,hcm,1,10.8349773,106.806550704707,hcm_longbinh,Phường Long Thạnh Mỹ,contains,1|4,pitch|swimming_pool,True,True,"Trung tâm Công nghệ Hàng không - Học viện Hàng không Vietjet, Đường D2, Phường Long Thạnh Mỹ, Thành phố Thủ Đức, 71216, Việt Nam",,Đường D2,"leisure:[pitch, swimming_pool] ;; sport:[soccer, tennis]"
update,afd7bc24-9ef6-4b44-ba3a-96750c8d253a,246650343,directory,Trung tâm Đào tạo Sát hạch Lái xe Hải Vân,hcm,1,10.9601916,106.881676559562,hcm_longbinh,Phường Long Bình,contains,4,pitch|swimming_pool,True,True,"Trung tâm Đào tạo Sát hạch Lái xe Hải Vân, Quốc lộ 1, Khu phố 1, Phường Long Bình, Thành phố Biên Hòa, Tỉnh Đồng Nai, 76111, Việt Nam",,Quốc lộ 1,"layer:[1] ;; landuse:[commercial] ;; leisure:[pitch, swimming_pool] ;; sport:[tennis]"
update,11e13a95-2d11-4c2f-81c3-3bce90601b2c,246626247,directory,Trường THPT Lê Hồng Phong,hcm,1,10.9686251,106.880239784629,hcm_longbinh,Phường Hố Nai,contains,1,pitch,True,True,"Trường THPT Lê Hồng Phong, Hẻm 335 Nguyễn Ái Quốc, Khu phố 7, Phường Hố Nai, Thành phố Biên Hòa, Tỉnh Đồng Nai, 76111, Việt Nam",,Hẻm 335 Nguyễn Ái Quốc,grades:[10-12] ;; leisure:[pitch] ;; sport:[soccer]
update,eaf975be-cc2f-4b33-8ff3-bf041086ccb1,246637859,directory,Trường Tiểu học Long Bình,hcm,1,10.85184965,106.836223563966,hcm_longbinh,Phường Long Thạnh Mỹ,contains,,swimming_pool,False,True,"Trường Tiểu học Long Bình, Hẻm 894 Nguyễn Xiển, Phường Long Thạnh Mỹ, Thành phố Thủ Đức, 71216, Việt Nam",,Hẻm 894 Nguyễn Xiển,leisure:[swimming_pool]
update,ce85ad56-725e-4544-bfe1-02a994a90fbc,246661041,directory,Trường liên cấp Vin School Cơ sở 2,hcm,1,10.83632815,106.844067698285,hcm_longbinh,Phường Long Bình,contains,1|2|4,pitch|swimming_pool,True,True,"Trường liên cấp Vin School Cơ sở 2, Đường Nguyễn Xiển – Long Phước, Phường Long Bình, Thành phố Thủ Đức, 71216, Việt Nam",,Đường Nguyễn Xiển – Long Phước,"leisure:[pitch, swimming_pool] ;; sport:[tennis, basketball, soccer]"
update,97c460cb-76e7-43ea-90c7-98b2f69c5fac,246655581,directory,Trường Đại học Công Nghệ Chi nhánh CNC,hcm,1,10.8404449,106.808715864078,hcm_longbinh,Phường Long Thạnh Mỹ,contains,1,pitch,True,True,"Trường Đại học Công Nghệ Chi nhánh CNC, Đường D1, Phường Long Thạnh Mỹ, Thành phố Thủ Đức, 71216, Việt Nam",,Đường D1,leisure:[pitch] ;; sport:[soccer]
update,f5d59445-2cab-40b2-aeb7-0eae79f596e4,246655617,directory,Trường Đại học FPT TP.HCM,hcm,1,10.8414168,106.810074472587,hcm_longbinh,Phường Long Thạnh Mỹ,contains,1,pitch,True,True,"Trường Đại học FPT TP.HCM, Lô E2a-7, Đường D1, Phường Long Thạnh Mỹ, Thành phố Thủ Đức, 71216, Việt Nam",,Đường D1,website:[https://hcmuni.fpt.edu.vn] ;; wikidata:[Q610220] ;; wikipedia:[vi:Trường Đại học FPT] ;; leisure:[pitch] ;; sport:[soccer]
update,bc36c488-7b7d-4da6-90a8-3b79b56aa7f6,246626141,directory,Trạm xăng dầu Đoàn 22,hcm,1,10.95862095,106.878647828816,hcm_longbinh,Phường Long Bình,contains,,swimming_pool,False,True,"Trạm xăng dầu Đoàn 22, Quốc lộ 1, Khu phố 1, Phường Long Bình, Thành phố Biên Hòa, Tỉnh Đồng Nai, 76111, Việt Nam",,Quốc lộ 1,opening_hours:[24/7] ;; leisure:[swimming_pool]
update,7ee0ea82-1af1-4d3f-9410-851d7f805880,246660564,directory,Tòa nhà S2.05,hcm,1,10.8377218,106.8331494,hcm_longbinh,Phường Long Thạnh Mỹ,contains,2,pitch,True,True,"Tòa nhà S2.05, Đường Nguyễn Xiển – Long Phước, Phường Long Thạnh Mỹ, Thành phố Thủ Đức, 71216, Việt Nam",,Đường Nguyễn Xiển – Long Phước,bin:[yes] ;; bus:[yes] ;; bench:[yes] ;; shelter:[yes] ;; public_transport:[platform] ;; leisure:[pitch] ;; sport:[basketball]
update,6e241034-a5fb-4c9e-a7dd-0606273c5ceb,246638593,directory,VietinBank,hcm,1,10.95095105,106.872354278534,hcm_longbinh,Phường Long Bình,contains,4,pitch,True,True,"VietinBank, Quốc lộ 1, Khu phố 4, Phường Long Bình, Thành phố Biên Hòa, Tỉnh Đồng Nai, 76111, Việt Nam",,Quốc lộ 1,landuse:[commercial] ;; brand:wikidata:[Q7928459] ;; brand:wikipedia:[en:Vietinbank] ;; leisure:[pitch] ;; sport:[tennis]
update,027f8e43-46f6-4bc8-b087-830d6bfd3d73,246655224,directory,Vinhomes Grand Park,hcm,1,10.8338175539907,106.845764263827,hcm_longbinh,Phường Long Bình,contains,2|4,pitch,True,True,"Vinhomes Grand Park, Phường Long Bình, Thành phố Thủ Đức, 71216, Việt Nam",,,"leisure:[pitch] ;; sport:[tennis, basketball]"
update,37c9ea93-9f05-41e3-8176-963fa2297b90,246654731,directory,Vinhomes Grand Park,hcm,1,10.8378781,106.8313285,hcm_longbinh,Phường Long Thạnh Mỹ,contains,2,pitch,True,True,"Vinhomes Grand Park, Phường Long Thạnh Mỹ, Thành phố Thủ Đức, 71216, Việt Nam",,,leisure:[pitch] ;; sport:[basketball]
update,b971a31f-50a1-4dd0-ab4d-4d09ffa53fa0,246665130,directory,WinMart+,hcm,1,10.8384463,106.8311075,hcm_longbinh,Phường Long Thạnh Mỹ,contains,4,pitch,True,True,"WinMart+, Đường Cầu Vồng 2, Phường Long Thạnh Mỹ, Thành phố Thủ Đức, 71216, Việt Nam",,Đường Cầu Vồng 2,brand:wikidata:[Q113236478] ;; leisure:[pitch] ;; sport:[tennis]
update,d72acfb3-97b3-43fd-9945-6fcdd8643603,246656125,directory,Hồ bơi BCR,hcm,1,10.8071088,106.843752432229,hcm_longphuoc,Phường Trường Thạnh,contains,,swimming_pool,True,True,"Hồ bơi BCR, Đường Số 09, Phường Trường Thạnh, Thành phố Thủ Đức, 71216, Việt Nam",,Đường Số 09,sport:[swimming] ;; covered:[no] ;; leisure:[swimming_pool]
update,a0d2526d-a617-47ef-841d-d8d833a6821a,246663895,directory,PicknBoom,hcm,1,10.8251462,106.8300437,hcm_longphuoc,Phường Trường Thạnh,contains,5,pitch,True,True,"PicknBoom, Hẻm 258 Nguyễn Xiển, Phường Trường Thạnh, Thành phố Thủ Đức, 71216, Việt Nam",,Hẻm 258 Nguyễn Xiển,sport:[pickleball] ;; leisure:[pitch]
update,2cdbd776-6dd2-4456-acd4-05c852e30133,246682213,directory,,hcm,1,10.800092780883,106.795351492832,hcm_longtruong,Phường Phú Hữu,contains,,swimming_pool,False,True,"Đường N5 Cherry, Phường Phú Hữu, Thành phố Thủ Đức, 71350, Việt Nam",,Đường N5 Cherry,leisure:[swimming_pool]
update,612087b8-8075-4ebf-a4d8-bb3271c10d5f,246671942,directory,,hcm,1,10.7996877,106.7928707,hcm_longtruong,Phường Phú Hữu,contains,4,pitch,True,True,"Đường N1, Phường Phú Hữu, Thành phố Thủ Đức, 71350, Việt Nam",,Đường N1,oneway:[yes] ;; surface:[asphalt] ;; leisure:[pitch] ;; sport:[tennis]
update,e79c9db4-6a9d-482d-9d57-8187cd0a695a,246677544,directory,,hcm,1,10.7813236695364,106.792908810656,hcm_longtruong,Phường Phú Hữu,contains,2|4,pitch|sports_centre,True,True,"Phường Phú Hữu, Thành phố Thủ Đức, 08408, Việt Nam",,,"leisure:[sports_centre, pitch] ;; sport:[swimming, tennis, basketball]"
update,f7c00ab8-41b5-4925-8619-acecf8efa35d,246667542,directory,Block D,hcm,1,10.8016078,106.793897865114,hcm_longtruong,Phường Phú Hữu,contains,,swimming_pool,False,True,"Block D, Đường Số 518, Phường Phú Hữu, Thành phố Thủ Đức, 71350, Việt Nam",,Đường Số 518,leisure:[swimming_pool]
update,7450fd0f-e45f-40b6-bf69-bb598cb0662d,246657218,directory,Căn hộ Flora Kikyo,hcm,1,10.79799345,106.787699547091,hcm_longtruong,Phường An Phú,contains,,swimming_pool,False,True,"Căn hộ Flora Kikyo, Đường Số 19, Phường An Phú, Thành phố Thủ Đức, 08408, Việt Nam",,Đường Số 19,leisure:[swimming_pool]
update,4582854a-0388-4d33-9237-a3956f252798,246670262,directory,KDC Đại học Bách Khoa,hcm,1,10.7934960356312,106.783285341728,hcm_longtruong,Phường Phú Hữu,contains,,swimming_pool,False,True,"KDC Đại học Bách Khoa, Phường Phú Hữu, Thành phố Thủ Đức, 08408, Việt Nam",,,leisure:[swimming_pool]
update,1cba5014-2351-4cc7-a472-dbe497261aee,246670506,directory,KIKYO RESIDENCES,hcm,1,10.7980288956196,106.786811730929,hcm_longtruong,Phường Phú Hữu,contains,,swimming_pool,False,True,"KIKYO RESIDENCES, Phường Phú Hữu, Thành phố Thủ Đức, 71350, Việt Nam",,,leisure:[swimming_pool]
update,6c886379-fb5d-4762-ba38-81ae70e31b84,246655783,directory,LUCASTA KHANG ĐIỀN,hcm,1,10.80385945,106.79652746171,hcm_longtruong,Phường Phú Hữu,contains,,swimming_pool,False,True,"LUCASTA KHANG ĐIỀN, Phường Phú Hữu, Thành phố Thủ Đức, 71350, Việt Nam",,,oneway:[yes] ;; leisure:[swimming_pool]
update,dfb00f6a-60a1-4a76-a48f-f1a0b4158f89,246674890,directory,Mega Ruby Khang Điền Tennis Court,hcm,1,10.8003395,106.794370725121,hcm_longtruong,Phường Phú Hữu,contains,4,pitch,True,True,"Mega Ruby Khang Điền Tennis Court, Đường N5 Cherry, Phường Phú Hữu, Thành phố Thủ Đức, 71350, Việt Nam",,Đường N5 Cherry,area:[yes] ;; sport:[tennis] ;; leisure:[pitch]
update,89424f8c-a0af-40cd-b3ed-3789012c5a56,246653525,directory,Trường Đại học Tài chính - Marketing,hcm,1,10.8148672,106.810183948766,hcm_longtruong,Phường Long Trường,contains,3|4,pitch,True,True,"Trường Đại học Tài chính - Marketing, 306, Võ Văn Hát, Phường Long Trường, Thành phố Thủ Đức, 71350, Việt Nam",306,Võ Văn Hát,"leisure:[pitch] ;; sport:[tennis, badminton]"
update,948a14d5-9137-4e03-b371-fa3c2ed25636,246690204,directory,Block 1,hcm,1,10.7176245,106.703551311851,hcm_nhabe,,contains,1,pitch,True,True,"Block 1, Đường Nguyễn Hữu Thọ, Thành phố Hồ Chí Minh, 72915, Việt Nam",,Đường Nguyễn Hữu Thọ,leisure:[pitch] ;; sport:[soccer]
update,54fd20a1-95c8-4f00-9fdc-cef5d018a714,246690794,directory,Block 2,hcm,1,10.7171474,106.703762111804,hcm_nhabe,,contains,,swimming_pool,False,True,"Block 2, Đường Nguyễn Hữu Thọ, Thành phố Hồ Chí Minh, 72915, Việt Nam",,Đường Nguyễn Hữu Thọ,leisure:[swimming_pool]
update,5d01d2ce-3972-4b91-9e7a-bdcccd48798b,246685185,directory,Block 3,hcm,1,10.71681765,106.70399845,hcm_nhabe,,contains,,swimming_pool,False,True,"Block 3, Đường Nguyễn Hữu Thọ, Thành phố Hồ Chí Minh, 72915, Việt Nam",,Đường Nguyễn Hữu Thọ,leisure:[swimming_pool]
update,d396198b-b03b-438a-955f-2544740cdd39,246694122,directory,Block B,hcm,1,10.7095729,106.70973031299,hcm_nhabe,,contains,4,pitch,True,True,"Block B, Nguyễn Hữu Thọ, Thành phố Hồ Chí Minh, 72915, Việt Nam",,Nguyễn Hữu Thọ,leisure:[pitch] ;; sport:[tennis]
update,c9b961f2-ce6d-4097-8384-16cdd50fc034,246680348,directory,Blossom Tower,hcm,1,10.71257985,106.707161765612,hcm_nhabe,,contains,,swimming_pool,False,True,"Blossom Tower, Nguyễn Hữu Thọ, Thành phố Hồ Chí Minh, 72915, Việt Nam",,Nguyễn Hữu Thọ,leisure:[swimming_pool]
update,4805848f-92fe-4c19-8d2d-79d3a097237d,246686923,directory,Building A,hcm,1,10.72131825,106.703365416122,hcm_nhabe,,contains,2|4,pitch,True,True,"Building A, Đường Nguyễn Hữu Thọ, Thành phố Hồ Chí Minh, 72915, Việt Nam",,Đường Nguyễn Hữu Thọ,"building:levels:[29] ;; leisure:[pitch] ;; sport:[tennis, basketball]"
update,914999f7-5899-4c1b-9a97-4d0c28a046f8,246677308,directory,Citimart,hcm,1,10.7193065,106.701197772409,hcm_nhabe,,contains,4,pitch,True,True,"Citimart, Đường Nguyễn Hữu Thọ, Thành phố Hồ Chí Minh, 72915, Việt Nam",,Đường Nguyễn Hữu Thọ,building:[yes] ;; leisure:[pitch] ;; sport:[tennis]
update,9d5b162b-28bc-415b-849f-238d149b2ddf,246702296,directory,Căn Hộ Hoàng Anh Gia Lai Gold House,hcm,1,10.71137615,106.704404108128,hcm_nhabe,,contains,,swimming_pool,True,True,"Căn Hộ Hoàng Anh Gia Lai Gold House, Đường C2, Thành phố Hồ Chí Minh, 72915, Việt Nam",,Đường C2,leisure:[swimming_pool] ;; sport:[swimming]
update,358fb228-7c90-4e2f-a4a7-d8cf8f0b22de,246676679,directory,D,hcm,1,10.7200389,106.70017855,hcm_nhabe,,contains,,swimming_pool,False,True,"D, Lê Văn Lương, Thành phố Hồ Chí Minh, 72915, Việt Nam",,Lê Văn Lương,leisure:[swimming_pool]
update,1d72be25-384b-424f-b60c-6b4bf10797b8,246680362,directory,Daisy Tower,hcm,1,10.7118124,106.708007741401,hcm_nhabe,,contains,4,pitch,True,True,"Daisy Tower, Nguyễn Hữu Thọ, Thành phố Hồ Chí Minh, 72915, Việt Nam",,Nguyễn Hữu Thọ,leisure:[pitch] ;; sport:[tennis]
update,c5563134-2ddc-479c-9d38-8b928c66609a,246708773,directory,Hồ bơi nhà thiếu nhi huyện Nhà Bè,hcm,1,10.675275,106.731613185222,hcm_nhabe,,contains,,swimming_pool,False,True,"Hồ bơi nhà thiếu nhi huyện Nhà Bè, Đường Phạm Thị Kỳ, Thành phố Hồ Chí Minh, Việt Nam",,Đường Phạm Thị Kỳ,leisure:[swimming_pool]
update,e5692147-9d67-4357-b398-73046ede4218,246687976,directory,Sunrise Riverside - Khu E,hcm,1,10.7226597,106.70542649155,hcm_nhabe,Quận 7,contains,,swimming_pool,False,True,"Sunrise Riverside - Khu E, Phạm Văn Nghị, Phường Tân Phong, Quận 7, Thành phố Hồ Chí Minh, 72915, Việt Nam",,Phạm Văn Nghị,operator:[Novaland] ;; leisure:[swimming_pool]
update,3c93c73d-2e49-49b4-8748-c5baf94f9128,246692000,directory,Sunrise Riverside - Khu G,hcm,1,10.7227835,106.703404955129,hcm_nhabe,,contains,,swimming_pool,False,True,"Sunrise Riverside - Khu G, Nguyễn Hữu Thọ, Thành phố Hồ Chí Minh, 72915, Việt Nam",,Nguyễn Hữu Thọ,leisure:[swimming_pool]
update,741b8ae4-d879-4164-9aab-da3e59f7580e,246723004,directory,Sân bóng rổ nhà thiếu nhi huyện Nhà Bè,hcm,1,10.67545515,106.7309514,hcm_nhabe,,contains,2,pitch,True,True,"Sân bóng rổ nhà thiếu nhi huyện Nhà Bè, Hẻm 434 Nguyễn Bình, Thành phố Hồ Chí Minh, Việt Nam",,Hẻm 434 Nguyễn Bình,sport:[basketball] ;; leisure:[pitch]
update,cbbf328f-1c52-4d99-a635-7ab455cf8853,246707503,directory,Sân bóng đá nhà thiếu nhi huyện Nhà Bè,hcm,1,10.67552485,106.731469403249,hcm_nhabe,,contains,1,pitch,True,True,"Sân bóng đá nhà thiếu nhi huyện Nhà Bè, Đường Phạm Thị Kỳ, Thành phố Hồ Chí Minh, Việt Nam",,Đường Phạm Thị Kỳ,sport:[soccer] ;; leisure:[pitch]
update,1cb42389-ed07-4a58-b7c5-bee63aa2c2c1,246686925,directory,The ABC International School,hcm,1,10.72116795,106.704920188596,hcm_nhabe,,contains,1,pitch,True,True,"The ABC International School, 2, Đường Nguyễn Hữu Thọ, Thành phố Hồ Chí Minh, 72915, Việt Nam",2,Đường Nguyễn Hữu Thọ,phone:[+84 28 5431 1833] ;; barrier:[wall] ;; website:[https://www.theabcis.com/] ;; leisure:[pitch] ;; sport:[soccer]
update,9a1101aa-0a66-486e-8080-a54c155133e9,246695233,directory,Toà Nhà Hoàng Anh Gold House,hcm,1,10.7105409,106.7034163,hcm_nhabe,,contains,,swimming_pool,True,True,"Toà Nhà Hoàng Anh Gold House, 187A, Lê Văn Lương, Thành phố Hồ Chí Minh, 72915, Việt Nam",,Lê Văn Lương,residential:[apartments] ;; leisure:[swimming_pool] ;; sport:[swimming]
update,ab2372ee-bf57-4b2e-8736-5d6f6eb67235,246709179,directory,Trường THPT Dương Văn Dương,hcm,1,10.67953685,106.741265335274,hcm_nhabe,,contains,1,pitch,True,True,"Trường THPT Dương Văn Dương, Hẻm 2266 Đường Huỳnh Tấn Phát, Thành phố Hồ Chí Minh, Việt Nam",,Hẻm 2266 Đường Huỳnh Tấn Phát,grades:[10-12] ;; leisure:[pitch] ;; sport:[soccer]
update,7ccf83f1-ee76-41e9-9cc6-159f645bdf24,246679217,directory,Trường THPT Phước Kiển,hcm,1,10.7026181,106.705090082047,hcm_nhabe,,contains,1,pitch,True,True,"Trường THPT Phước Kiển, Lê Văn Lương, Thành phố Hồ Chí Minh, 72915, Việt Nam",,Lê Văn Lương,grades:[10-12] ;; leisure:[pitch] ;; sport:[soccer]
update,23e2a374-ee68-4027-87df-8e8809c051ad,246703431,directory,Xã Phước Kiển,hcm,1,10.7240503130888,106.703120796657,hcm_nhabe,,contains,1|4,pitch,True,True,"Xã Phước Kiển, Thành phố Hồ Chí Minh, 72915, Việt Nam",,,"leisure:[pitch] ;; sport:[soccer, tennis]"
update,99c5c842-6da6-4d82-85d1-4ba94cfe11a6,246566507,directory,,hcm,1,10.7807915024776,106.680198357176,hcm_nhieuloc,Quận 3,contains,,swimming_pool,False,True,"Hẻm 62 Nguyễn Thông, Phường 9, Quận 3, Thành phố Hồ Chí Minh, 70150, Việt Nam",,Hẻm 62 Nguyễn Thông,service:[alley] ;; motorcar:[destination] ;; leisure:[swimming_pool]
update,5a1d6714-c528-4710-b0d0-0ae274cef0f5,246556675,directory,Căn Tin Thông Tin Tin Hiêu Đường Săt Sài Gòn,hcm,1,10.7827822,106.6768976,hcm_nhieuloc,Quận 3,contains,4,pitch,True,True,"Căn Tin Thông Tin Tin Hiêu Đường Săt Sài Gòn, Trần Văn Ðang, Phường 9, Quận 3, Thành phố Hồ Chí Minh, 70150, Việt Nam",,Trần Văn Ðang,cuisine:[vietnamese] ;; leisure:[pitch] ;; sport:[tennis]
update,ac833fb9-90f1-4ad7-aeba-2570e6c466f2,246557269,directory,Nhà Sách Anh Cường,hcm,1,10.7825093,106.6794885,hcm_nhieuloc,Quận 3,contains,4,pitch,True,True,"Nhà Sách Anh Cường, 13a, Trần Văn Ðang, Phường 9, Quận 3, Thành phố Hồ Chí Minh, 70150, Việt Nam",,Trần Văn Ðang,leisure:[pitch] ;; sport:[tennis]
update,86fa2591-d8bf-4f20-bfbf-ff3240cdc97d,246556156,directory,Trödel,hcm,1,10.7880243,106.6695691,hcm_nhieuloc,Quận 3,contains,4,pitch,True,True,"Trödel, Hoàng Sa, Phường 11, Quận 3, Thành phố Hồ Chí Minh, 70150, Việt Nam",,Hoàng Sa,leisure:[pitch] ;; sport:[tennis]
update,5a012497-bb55-4435-85ca-8fc07a39320f,246210447,directory,Cu Chi Tunnels,hcm,1,11.0628579,106.5292334,hcm_nhuanduc,,contains,4,pitch,True,True,"Cu Chi Tunnels, Tỉnh lộ 15, Thành phố Hồ Chí Minh, Việt Nam",,Tỉnh lộ 15,wikidata:[Q192721] ;; wikipedia:[en:Củ Chi tunnels] ;; leisure:[pitch] ;; sport:[tennis]
update,3019e1b4-a0b6-4373-a6f9-e66d63eb94bc,246218199,directory,Xã Phạm Văn Cội,hcm,1,11.0594065430146,106.527706960564,hcm_nhuanduc,,contains,,pitch,True,True,"Xã Phạm Văn Cội, Thành phố Hồ Chí Minh, Việt Nam",,,leisure:[pitch] ;; sport:[shooting]
update,79dfefaf-dd9b-4a15-9ca6-0aa881ffac16,246698541,directory,Trường THPT Chuyên năng khiếu TDTT Nguyễn Thị Định,hcm,1,10.7238361,106.621815817747,hcm_phudinh,Quận 8,contains,1,pitch|swimming_pool,True,True,"Trường THPT Chuyên năng khiếu TDTT Nguyễn Thị Định, 215, Hẻm 146 An Dương Vương, Phường 16, Quận 8, Thành phố Hồ Chí Minh, 71910, Việt Nam",215,Hẻm 146 An Dương Vương,"leisure:[pitch, swimming_pool] ;; sport:[soccer]"
update,63783825-b19a-4089-ad67-3b193caf5487,246702131,directory,Trường THPT Ngô Gia Tự,hcm,1,10.7345197,106.637802293337,hcm_phudinh,Quận 8,contains,1,pitch,True,True,"Trường THPT Ngô Gia Tự, 360E, Bến Bình Đông, Phường 15, Quận 8, Thành phố Hồ Chí Minh, 71910, Việt Nam",,Bến Bình Đông,grades:[10-12] ;; leisure:[pitch] ;; sport:[soccer]
update,93efa10e-fe9e-45ad-bc90-9e7afe30c8f4,246697534,directory,Trường THPT Võ Văn Kiệt,hcm,1,10.7445663,106.653525144285,hcm_phudinh,Quận 8,contains,1,pitch,True,True,"Trường THPT Võ Văn Kiệt, 629, Đường Bình Đông, Phường Xóm Củi, Quận 8, Thành phố Hồ Chí Minh, 72400, Việt Nam",629,Đường Bình Đông,grades:[10-12] ;; leisure:[pitch] ;; sport:[soccer]
update,315d7551-8f03-4247-a380-abd82fe0babd,246601492,directory,Trường THCS Tân Thạnh Tây,hcm,1,10.9879448,106.566804155734,hcm_phuhoadong,,contains,1,pitch,True,True,"Trường THCS Tân Thạnh Tây, Đường Láng The, Thành phố Hồ Chí Minh, Việt Nam",,Đường Láng The,leisure:[pitch] ;; sport:[soccer]
update,8a283821-3d8e-4947-b2c1-aeb3e1818f64,246695950,directory,Hồ bơi Phú Lâm,hcm,1,10.7484399,106.62778148816,hcm_phulam,Quận 6,contains,,swimming_pool,False,True,"Hồ bơi Phú Lâm, 157, Đường Kinh Dương Vương, Phường 12, Quận 6, Thành phố Hồ Chí Minh, 71910, Việt Nam",157,Đường Kinh Dương Vương,access:[customers] ;; leisure:[swimming_pool]
update,e444a814-da74-4259-9556-ce4ecb250fa7,246578156,directory,,hcm,1,10.7947024158416,106.675932365714,hcm_phunhuan,Quận Phú Nhuận,contains,4,pitch,True,True,"Hẻm 151 Nguyễn Văn Trỗi, Phường 11, Quận Phú Nhuận, Thành phố Hồ Chí Minh, 72215, Việt Nam",,Hẻm 151 Nguyễn Văn Trỗi,layer:[1] ;; leisure:[pitch] ;; sport:[tennis]
update,06f21d48-daf7-470a-a2dc-ad68e1b81232,246564158,directory,Khách Sạn Eastin Grand Sài Gòn,hcm,1,10.7962818,106.67308139341,hcm_phunhuan,Quận Phú Nhuận,contains,,swimming_pool,False,True,"Khách Sạn Eastin Grand Sài Gòn, 235, Nguyễn Văn Trỗi, Phường 10, Quận Phú Nhuận, Thành phố Hồ Chí Minh, 72215, Việt Nam",235,Nguyễn Văn Trỗi,phone:[+84 8 38449222] ;; stars:[5] ;; building:[yes] ;; leisure:[swimming_pool]
update,dfc80aa2-812d-4446-b46c-a989f9a1dbb5,246573037,directory,Nhà thi đấu quận Phú Nhuận,hcm,1,10.79599895,106.670436528839,hcm_phunhuan,Quận Phú Nhuận,contains,,sports_centre,True,True,"Nhà thi đấu quận Phú Nhuận, Hoàng Diệu, Phường 10, Quận Phú Nhuận, Thành phố Hồ Chí Minh, 72215, Việt Nam",,Hoàng Diệu,sport:[taekwondo] ;; leisure:[sports_centre]
update,68ea7d54-c59e-487e-acbe-956b0eeb45cb,246568569,directory,Trung Tâm TDTT Quận Phú Nhận,hcm,1,10.7953192,106.6754471,hcm_phunhuan,Quận Phú Nhuận,contains,,sports_centre,False,True,"Trung Tâm TDTT Quận Phú Nhận, Nguyễn Đình Chính, Phường 11, Quận Phú Nhuận, Thành phố Hồ Chí Minh, 72215, Việt Nam",,Nguyễn Đình Chính,leisure:[sports_centre]
update,036a1599-e214-4f0c-bd11-3a82961b7d1b,246662602,directory,,hcm,1,10.8344713668548,106.770768169854,hcm_phuoclong,Phường Phước Long B,contains,1,pitch,True,True,"Đường Số 79, Phường Phước Long B, Thành phố Thủ Đức, 71211, Việt Nam",,Đường Số 79,surface:[asphalt] ;; leisure:[pitch] ;; sport:[soccer]
update,1a6e0aba-98fc-41e6-9d09-8c0b7907c98b,246649245,directory,,hcm,1,10.8286009,106.764452,hcm_phuoclong,Phường Phước Long A,contains,1,pitch,True,True,"146, Nam Hòa, Phường Phước Long A, Thành phố Thủ Đức, 71211, Việt Nam",146,Nam Hòa,leisure:[pitch] ;; sport:[soccer]
update,8fd4ddc5-32aa-4a17-b2b9-e474a1cd66d6,246665665,directory,,hcm,1,10.8156401522753,106.779206169351,hcm_phuoclong,Phường Phước Long B,contains,4,pitch,True,True,"Đường Số 7, Phường Phước Long B, Thành phố Thủ Đức, 71350, Việt Nam",,Đường Số 7,leisure:[pitch] ;; sport:[tennis]
update,bb79605f-c51b-49a9-9caa-49e7cb99d4a4,246659328,directory,Gia Hoa Pool,hcm,1,10.81425735,106.777894060276,hcm_phuoclong,Phường Phước Long B,contains,,swimming_pool,False,True,"Gia Hoa Pool, Đường Xuân Quỳnh, Phường Phước Long B, Thành phố Thủ Đức, 71210, Việt Nam",,Đường Xuân Quỳnh,leisure:[swimming_pool]
update,ddb0e4a5-4281-4f83-ac50-978da885f0fb,246667548,directory,Relax Coffee,hcm,1,10.81532245,106.778169346226,hcm_phuoclong,Phường Phước Long B,contains,4,pitch,True,True,"Relax Coffee, Thanh Nga, Phường Phước Long B, Thành phố Thủ Đức, 71350, Việt Nam",,Thanh Nga,building:[yes] ;; leisure:[pitch] ;; sport:[tennis]
update,75712d1e-1be5-4a85-b2ed-327ec188c9ea,246658056,directory,Sân Tennis Khu Nam Long Q9,hcm,1,10.80499705,106.779588932351,hcm_phuoclong,Phường Phước Long B,contains,4,pitch,True,True,"Sân Tennis Khu Nam Long Q9, Đường Liên Phường, Phường Phước Long B, Thành phố Thủ Đức, 71210, Việt Nam",,Đường Liên Phường,sport:[tennis] ;; leisure:[pitch]
update,feac8f7b-4369-451e-b516-e2a9bd14be10,246660888,directory,Trường Đại học Văn hoá TP.HCM - cơ sở 2,hcm,1,10.82198835,106.77044046756,hcm_phuoclong,Phường Phước Long A,contains,1,pitch,True,True,"Trường Đại học Văn hoá TP.HCM - cơ sở 2, Đường Trần Đức Thảo, Phường Phước Long A, Thành phố Thủ Đức, 71210, Việt Nam",,Đường Trần Đức Thảo,leisure:[pitch] ;; sport:[soccer]
update,ce762a7d-40c6-4ee8-b580-e7b1293170f2,246530562,directory,,hcm,1,10.7680851,106.6253513,hcm_phuthanh,Quận Tân Phú,contains,4,pitch,True,True,"Hẻm 148 Lý Thánh Tôn, Phường Hiệp Tân, Quận Tân Phú, Thành phố Hồ Chí Minh, 72015, Việt Nam",,Hẻm 148 Lý Thánh Tôn,moped:[yes] ;; motorcar:[destination] ;; leisure:[pitch] ;; sport:[tennis]
update,00ef8e6c-7567-42ae-9c43-a0d53e0b9bc6,246530306,directory,CLB Bơi Lội Lý Thánh Tông,hcm,1,10.76823685,106.624688606768,hcm_phuthanh,Quận Tân Phú,contains,,swimming_pool,False,True,"CLB Bơi Lội Lý Thánh Tông, Lý Thánh Tông, Phường Hiệp Tân, Quận Tân Phú, Thành phố Hồ Chí Minh, 72015, Việt Nam",,Lý Thánh Tông,leisure:[swimming_pool]
update,7ebf0d6b-a70e-4b2d-905b-94cae8a0efa1,246540722,directory,Hồ Bơi Carillon 7,hcm,1,10.7603217,106.6300135,hcm_phuthanh,Quận Tân Phú,contains,,swimming_pool,False,True,"Hồ Bơi Carillon 7, 33A, Đường Lương Minh Nguyệt, Phường Tân Thới Hòa, Quận Tân Phú, Thành phố Hồ Chí Minh, 72015, Việt Nam",,Đường Lương Minh Nguyệt,lit:[yes] ;; access:[customers] ;; location:[outdoor] ;; swimming_pool:[swimming] ;; leisure:[swimming_pool]
update,565e55fc-ecd7-47c6-9509-d4132b231aa2,246533983,directory,Sân Bóng Đá Mini Tân Thới Hòa,hcm,1,10.7601887,106.63066715,hcm_phuthanh,Quận Tân Phú,contains,1,pitch|sports_centre,True,True,"Sân Bóng Đá Mini Tân Thới Hòa, 17, Hẻm 17 Lương Minh Nguyệt, Phường Tân Thới Hòa, Quận Tân Phú, Thành phố Hồ Chí Minh, 72015, Việt Nam",17,Hẻm 17 Lương Minh Nguyệt,"lit:[yes] ;; sport:[soccer, futsal] ;; access:[customers] ;; surface:[grass] ;; leisure:[sports_centre, pitch]"
update,b39a7c46-a59f-4602-8967-2f9f38e59e3f,246525918,directory,Sân Bóng Đá Mini Tân Thới Hòa,hcm,1,10.76024425,106.63050760737,hcm_phuthanh,Quận Tân Phú,contains,1,pitch,True,True,"Sân Bóng Đá Mini Tân Thới Hòa, Hẻm 17 Lương Minh Nguyệt, Phường Tân Thới Hòa, Quận Tân Phú, Thành phố Hồ Chí Minh, 72015, Việt Nam",,Hẻm 17 Lương Minh Nguyệt,lit:[yes] ;; sport:[futsal] ;; access:[customers] ;; surface:[grass] ;; leisure:[pitch]
update,804e7b28-df35-4e53-aa22-e3551ff9ddcb,246534523,directory,Sân bóng đá mini Tân Thới Hòa,hcm,1,10.76018725,106.630661241527,hcm_phuthanh,Quận Tân Phú,contains,1,pitch,True,True,"Sân bóng đá mini Tân Thới Hòa, Hẻm 17 Lương Minh Nguyệt, Phường Tân Thới Hòa, Quận Tân Phú, Thành phố Hồ Chí Minh, 72015, Việt Nam",,Hẻm 17 Lương Minh Nguyệt,sport:[futsal] ;; leisure:[pitch]
update,c027d91b-1c7a-40c6-b1d2-3afd51762a01,246535650,directory,Tháp RS1,hcm,1,10.7733205,106.626572023149,hcm_phuthanh,Quận Tân Phú,contains,,swimming_pool,False,True,"Tháp RS1, Đường Tô Hiệu, Phường Hiệp Tân, Quận Tân Phú, Thành phố Hồ Chí Minh, 72031, Việt Nam",,Đường Tô Hiệu,leisure:[swimming_pool]
update,f75936d6-b41c-405c-a105-f109753300fc,246520177,directory,Tháp RS6,hcm,1,10.77237695,106.624535071058,hcm_phuthanh,Quận Tân Phú,contains,,swimming_pool,False,True,"Tháp RS6, Hòa Bình, Phường Hòa Thạnh, Quận Tân Phú, Thành phố Hồ Chí Minh, 72015, Việt Nam",,Hòa Bình,leisure:[swimming_pool]
update,176f9d28-1ff4-4b2d-a2cf-f48874b28201,246542401,directory,,hcm,1,10.7675665360121,106.654097309423,hcm_phutho,Quận 11,contains,1,pitch,True,True,"Phường 15, Quận 11, Thành phố Hồ Chí Minh, 72000, Việt Nam",,,leisure:[pitch] ;; sport:[soccer]
update,c846766b-0e3d-4735-9c72-f20c07800f8d,246535976,directory,,hcm,1,10.76755195,106.653653299046,hcm_phutho,Quận 11,contains,,sports_centre,False,True,"2, Lê Đại Hành, Phường 7, Quận 11, Thành phố Hồ Chí Minh, 72415, Việt Nam",2,Lê Đại Hành,building:[yes] ;; leisure:[sports_centre]
update,c935faf8-d8bb-41ea-89a8-1ea87d7ec841,246539036,directory,,hcm,1,10.7664775708173,106.65919310521,hcm_phutho,Quận 11,contains,1,pitch,True,True,"Lý Thường Kiệt, Phường 15, Quận 11, Thành phố Hồ Chí Minh, 72000, Việt Nam",,Lý Thường Kiệt,lanes:[2] ;; oneway:[yes] ;; surface:[asphalt] ;; leisure:[pitch] ;; sport:[soccer]
update,844c1b1b-0ebf-4678-b82f-c627ade1472c,246547687,directory,Căn Hộ The Everich,hcm,1,10.7633291,106.656834212138,hcm_phutho,Quận 11,contains,4,pitch,True,True,"Căn Hộ The Everich, Đường Lê Đại Hành, Phường 11, Quận 11, Thành phố Hồ Chí Minh, 72415, Việt Nam",,Đường Lê Đại Hành,leisure:[pitch] ;; sport:[tennis]
update,8acbe961-1a26-4a77-b90d-cd65f2b274d0,246530095,directory,Căn Hộ The Everich,hcm,1,10.76472565,106.655879945645,hcm_phutho,Quận 11,contains,1,pitch,True,True,"Căn Hộ The Everich, Đường Lê Đại Hành, Phường 15, Quận 11, Thành phố Hồ Chí Minh, 72415, Việt Nam",,Đường Lê Đại Hành,leisure:[pitch] ;; sport:[soccer]
update,6a56d8e1-1ea0-4605-8d35-9dbb05f9ba77,246547392,directory,Hồ bơi Phú Thọ,hcm,1,10.76462765,106.65855669972,hcm_phutho,Quận 11,contains,4,pitch|swimming_pool,True,True,"Hồ bơi Phú Thọ, Lý Thường Kiệt, Phường 15, Quận 11, Thành phố Hồ Chí Minh, 72000, Việt Nam",,Lý Thường Kiệt,"access:[customers] ;; leisure:[pitch, swimming_pool] ;; sport:[tennis]"
update,e2c80d18-5d2f-43e9-b471-3c9b6fa34193,246532924,directory,Khu Thể dục thể thao Phú Thọ,hcm,1,10.7691394,106.657564784143,hcm_phutho,Quận 11,contains,1|2,pitch|sports_centre,True,True,"Khu Thể dục thể thao Phú Thọ, Lữ Gia, Phường 15, Quận 11, Thành phố Hồ Chí Minh, 72000, Việt Nam",,Lữ Gia,"sport:[soccer, basketball, swimming, multi, paintball] ;; leisure:[sports_centre, pitch]"
update,5917d58b-7965-4f4e-8870-ebe8cff15e1a,246540820,directory,Nhà Tập luyện TDTT Phú Thọ,hcm,1,10.7676742,106.658260610915,hcm_phutho,Quận 11,contains,1,pitch|sports_centre,True,True,"Nhà Tập luyện TDTT Phú Thọ, Lý Thường Kiệt, Phường 15, Quận 11, Thành phố Hồ Chí Minh, 72000, Việt Nam",,Lý Thường Kiệt,"building:[yes] ;; leisure:[sports_centre, pitch] ;; sport:[soccer]"
update,54363dc9-a73f-41f1-9165-1786a4a7e063,246538122,directory,Nhà sách Phương Nam - Phú Thọ,hcm,1,10.76364625,106.658628680256,hcm_phutho,Quận 11,contains,4,pitch,True,True,"Nhà sách Phương Nam - Phú Thọ, Đường 3 Tháng 2, Phường 15, Quận 11, Thành phố Hồ Chí Minh, 72415, Việt Nam",,Đường 3 Tháng 2,building:[yes] ;; leisure:[pitch] ;; sport:[tennis]
update,d09e018f-bd90-4019-98e3-3a0db2e98480,246533590,directory,Sân bóng Phú Thọ,hcm,1,10.7683838,106.65494685,hcm_phutho,Quận 11,contains,1,pitch,True,True,"Sân bóng Phú Thọ, Hẻm 377 Lê Đại Hành, Phường 11, Quận 11, Thành phố Hồ Chí Minh, 72000, Việt Nam",,Hẻm 377 Lê Đại Hành,sport:[soccer] ;; leisure:[pitch]
update,4a5dc2dd-3936-45cf-816e-6688069593aa,246529956,directory,Trường Tiểu học Nguyễn Thị Nhỏ,hcm,1,10.7695653,106.65343579572,hcm_phutho,Quận 11,contains,1,pitch,True,True,"Trường Tiểu học Nguyễn Thị Nhỏ, Đường C, Phường 15, Quận 11, Thành phố Hồ Chí Minh, 72000, Việt Nam",,Đường C,leisure:[pitch] ;; sport:[soccer]
update,16b2ea3a-7833-496b-af1f-cf1002ba4d03,246688190,directory,,hcm,1,10.7331191649387,106.738470875047,hcm_phuthuan,Quận 7,contains,4,pitch,True,True,"Đường Số 5, Phường Phú Thuận, Quận 7, Thành phố Hồ Chí Minh, 71800, Việt Nam",,Đường Số 5,leisure:[pitch] ;; sport:[tennis]
update,5c80ef5c-af76-4c84-b92e-c7f9a7c56de9,246687108,directory,,hcm,1,10.7158319,106.7380307,hcm_phuthuan,Quận 7,contains,4,pitch,True,True,"Phường Phú Thuận, Quận 7, Thành phố Hồ Chí Minh, 71800, Việt Nam",,,leisure:[pitch] ;; sport:[tennis]
update,f02c493e-e6d4-4cc2-b304-9c5ca2985590,246693207,directory,,hcm,1,10.7220023,106.7372621,hcm_phuthuan,Quận 7,contains,4,pitch|swimming_pool,True,True,"Hẻm 1205 Đường Huỳnh Tấn Phát, Phường Phú Thuận, Quận 7, Thành phố Hồ Chí Minh, 71800, Việt Nam",,Hẻm 1205 Đường Huỳnh Tấn Phát,"leisure:[pitch, swimming_pool] ;; sport:[tennis]"
update,35fd0d64-cf67-4a70-9ff6-76f3934c4065,246688029,directory,Cao Ốc V-Star,hcm,1,10.73270145,106.73898852345,hcm_phuthuan,Quận 7,contains,,swimming_pool,False,True,"Cao Ốc V-Star, Đường Số 7, Phường Phú Thuận, Quận 7, Thành phố Hồ Chí Minh, 71800, Việt Nam",,Đường Số 7,leisure:[swimming_pool]
update,9314d56c-2ff6-4c0f-a8ed-b15c569fb7cd,246700683,directory,Sân Bóng Mini Nghĩa Thảo,hcm,1,10.7110943,106.742877,hcm_phuthuan,Quận 7,contains,1,stadium,True,True,"Sân Bóng Mini Nghĩa Thảo, Đường Đào Trí, Phường Phú Mỹ, Quận 7, Thành phố Hồ Chí Minh, 71800, Việt Nam",,Đường Đào Trí,sport:[soccer] ;; leisure:[stadium]
update,9338f6f0-332c-4a24-826e-b9090c6b2f76,246696914,directory,Sân bóng đá Phú Mỹ Q7 (sân cát),hcm,1,10.7123293,106.740391593901,hcm_phuthuan,Quận 7,contains,1,stadium,True,True,"Sân bóng đá Phú Mỹ Q7 (sân cát), Hẻm 90 Đường Số 2, Phường Phú Mỹ, Quận 7, Thành phố Hồ Chí Minh, 72915, Việt Nam",,Hẻm 90 Đường Số 2,sport:[soccer] ;; leisure:[stadium]
update,56aa7281-e40d-46e1-8752-5b7fe8e7d218,246555427,directory,Children,hcm,1,10.78663665,106.710945108305,hcm_saigon,Quận 1,contains,,swimming_pool,False,True,"Children, Riverview 2, Khu phố Ba Son, Quận 1, Thành phố Hồ Chí Minh, 71006, Việt Nam",,Riverview 2,lit:[yes] ;; access:[customers] ;; location:[outdoor] ;; opening_hours:[Mo-Su 06:00-22:00] ;; swimming_pool:[outdoor] ;; leisure:[swimming_pool]
update,edffce82-4b9c-4e6f-b7c2-d38ae9748188,246555125,directory,Công Ty Yes Center,hcm,1,10.781102,106.697879,hcm_saigon,Quận 1,contains,1,pitch|sports_centre,True,True,"Công Ty Yes Center, Phạm Ngọc Thạch, Khu phố 3, Quận 1, Thành phố Hồ Chí Minh, 71006, Việt Nam",,Phạm Ngọc Thạch,"leisure:[sports_centre, pitch] ;; sport:[soccer]"
update,632c0577-5e0d-4425-b7d8-910706cef2d5,246567172,directory,Hồ Bơi Yết Kiêu,hcm,1,10.7906606,106.7064955,hcm_saigon,Quận 1,contains,,swimming_pool,True,True,"Hồ Bơi Yết Kiêu, Nguyễn Thị Minh Khai, Khu phố 1, Quận 1, Thành phố Hồ Chí Minh, 71006, Việt Nam",,Nguyễn Thị Minh Khai,sport:[swimming] ;; covered:[yes] ;; leisure:[swimming_pool]
update,2b505aaf-f1a3-4652-bade-5a9c42225c88,246556636,directory,Khoa Dược - Trường Đại học Y Dược TP.HCM,hcm,1,10.78507305,106.70217513037,hcm_saigon,Quận 1,contains,1,pitch,True,True,"Khoa Dược - Trường Đại học Y Dược TP.HCM, 41, Tôn Đức Thắng, Khu phố 2, Quận 1, Thành phố Hồ Chí Minh, 71006, Việt Nam",41,Tôn Đức Thắng,"leisure:[pitch] ;; sport:[volleyball, soccer]"
update,a27caa33-f711-49ad-ac6f-4e38ab354774,246555429,directory,Khách Sạn Lotte Legend,hcm,1,10.77890325,106.706639353327,hcm_saigon,Quận 1,contains,,swimming_pool,True,True,"Khách Sạn Lotte Legend, Nguyễn Siêu, Khu phố 4, Quận 1, Thành phố Hồ Chí Minh, 71006, Việt Nam",,Nguyễn Siêu,website:[https://www.lottehotel.com/saigon-hotel/en.html] ;; leisure:[swimming_pool] ;; sport:[swimming]
update,aebd841a-8ba0-4cae-8169-f79f3eeacd55,246554752,directory,Khách Sạn Rex,hcm,1,10.77558105,106.701066658408,hcm_saigon,Quận 1,contains,4,sports_centre|swimming_pool,True,True,"Khách Sạn Rex, 141, Nguyễn Huệ, Khu phố 6, Quận 1, Thành phố Hồ Chí Minh, 71006, Việt Nam",141,Nguyễn Huệ,"website:[http://www.rexhotelvietnam.com] ;; building:[yes] ;; check_date:[2024-05-13] ;; leisure:[sports_centre, swimming_pool] ;; sport:[tennis]"
update,23b3e7dc-895c-43ea-8e1e-5075137d4659,246553762,directory,Khách sạn Sofitel Plaza Saigon,hcm,1,10.7839708,106.702595446099,hcm_saigon,Quận 1,contains,,swimming_pool,False,True,"Khách sạn Sofitel Plaza Saigon, 17, Lê Duẩn, Khu phố 2, Quận 1, Thành phố Hồ Chí Minh, 71006, Việt Nam",17,Lê Duẩn,phone:[+84 8 38241555] ;; website:[http://www.sofitel.com/gb/hotel-2077-sofitel-saigon-plaza/index.shtml] ;; building:[yes] ;; building:levels:[5] ;; leisure:[swimming_pool]
update,e8a69b68-65c2-4258-bea9-c4dc1cf77d2e,246549492,directory,Minh Phuong Handicrafts,hcm,1,10.7837935,106.700089806533,hcm_saigon,Quận 1,contains,,swimming_pool,True,True,"Minh Phuong Handicrafts, Mạc Đĩnh Chi, Khu phố 2, Quận 1, Thành phố Hồ Chí Minh, 71006, Việt Nam",,Mạc Đĩnh Chi,leisure:[swimming_pool] ;; sport:[swimming]
update,4ff615cf-c0c9-4517-8953-0f12d060d679,246557916,directory,Nhà Văn Hóa Thanh Niên,hcm,1,10.7817408,106.697589105685,hcm_saigon,Quận 1,contains,4,pitch,True,True,"Nhà Văn Hóa Thanh Niên, Phạm Ngọc Thạch, Khu phố 3, Quận 1, Thành phố Hồ Chí Minh, 71006, Việt Nam",,Phạm Ngọc Thạch,leisure:[pitch] ;; sport:[tennis]
update,e92d1abf-4bcb-4cc2-baa3-60ed9acf161c,246559088,directory,Phố đi bộ Nguyễn Huệ,hcm,1,10.7754135,106.7001378,hcm_saigon,Quận 1,contains,,pitch,False,True,"Phố đi bộ Nguyễn Huệ, Lê Thánh Tôn, Khu phố 3, Quận 1, Thành phố Hồ Chí Minh, 71006, Việt Nam",,Lê Thánh Tôn,bus:[yes] ;; public_transport:[platform] ;; leisure:[pitch]
update,ee43559f-d420-42d2-9c35-a63f15b4d24f,246561810,directory,Pool for Aqua 1 & 2,hcm,1,10.7864551,106.711006594922,hcm_saigon,Quận 1,contains,,swimming_pool,False,True,"Pool for Aqua 1 & 2, Riverview 2, Khu phố Ba Son, Quận 1, Thành phố Hồ Chí Minh, 71006, Việt Nam",,Riverview 2,lit:[yes] ;; access:[customers] ;; location:[outdoor] ;; opening_hours:[Mo-Su 06:00-22:00] ;; swimming_pool:[outdoor] ;; leisure:[swimming_pool]
update,45beb1b9-1ccc-47c2-be0c-5e92a44e3153,246554361,directory,Pool for Aqua 3 & 4,hcm,1,10.7866443,106.712045644494,hcm_saigon,Quận 1,contains,,swimming_pool,False,True,"Pool for Aqua 3 & 4, Riverview 2, Khu phố Ba Son, Quận 1, Thành phố Hồ Chí Minh, 71006, Việt Nam",,Riverview 2,lit:[yes] ;; access:[customers] ;; location:[outdoor] ;; opening_hours:[Mo-Su 06:00-21:00] ;; swimming_pool:[outdoor] ;; leisure:[swimming_pool]
update,6eae803f-344c-44b8-97d7-563f6b952cf7,246571916,directory,Pool for Lux 6,hcm,1,10.78610865,106.710491043103,hcm_saigon,Quận 1,contains,,swimming_pool,False,True,"Pool for Lux 6, Riverview 3, Khu phố Ba Son, Quận 1, Thành phố Hồ Chí Minh, 71006, Việt Nam",,Riverview 3,lit:[yes] ;; access:[customers] ;; location:[outdoor] ;; opening_hours:[Mo-Su 06:00-22:00] ;; swimming_pool:[outdoor] ;; leisure:[swimming_pool]
update,5da987e9-108b-4e6d-8a2b-d5897ec0901c,246565677,directory,Rạp Phim Cinestar,hcm,1,10.7825396,106.6982403,hcm_saigon,Quận 1,contains,4,pitch|sports_centre,True,True,"Rạp Phim Cinestar, Hai Bà Trưng, Phường Đa Kao, Quận 1, Thành phố Hồ Chí Minh, 71006, Việt Nam",,Hai Bà Trưng,"leisure:[sports_centre, pitch] ;; sport:[tennis]"
update,c287232e-5907-4f7d-93a7-abc0e2c53043,246555962,directory,Somerset Ho Chi Minh City,hcm,1,10.78990545,106.703215007303,hcm_saigon,Quận 1,contains,4,pitch|swimming_pool,True,True,"Somerset Ho Chi Minh City, Hẻm 4 Nguyễn Thị Minh Khai, Phường Đa Kao, Quận 1, Thành phố Hồ Chí Minh, 71006, Việt Nam",,Hẻm 4 Nguyễn Thị Minh Khai,"leisure:[pitch, swimming_pool] ;; sport:[tennis]"
update,71be1ff3-092f-4c72-b271-c1d6013672ad,246544527,directory,Sân vận động Hoa Lư,hcm,1,10.7879111,106.701617917568,hcm_saigon,Quận 1,contains,1,pitch|sports_centre,True,True,"Sân vận động Hoa Lư, Hẻm 12 Nguyễn Thị Minh Khai, Phường Đa Kao, Quận 1, Thành phố Hồ Chí Minh, 71006, Việt Nam",,Hẻm 12 Nguyễn Thị Minh Khai,"sport:[soccer] ;; leisure:[sports_centre, pitch]"
update,834be5a5-fc39-41e9-8b4d-893761d2d73e,246544718,directory,Trung tâm Thể dục Thể thao Hoa Lư,hcm,1,10.78791145,106.701427939949,hcm_saigon,Quận 1,contains,2,pitch|sports_centre,True,True,"Trung tâm Thể dục Thể thao Hoa Lư, Hẻm 16 Đinh Tiên Hoàng, Phường Đa Kao, Quận 1, Thành phố Hồ Chí Minh, 72210, Việt Nam",,Hẻm 16 Đinh Tiên Hoàng,"leisure:[sports_centre, pitch] ;; sport:[volleyball, basketball]"
update,78956eb7-d0c3-43b6-abf6-bd6673a34324,246559820,directory,Tổng Lãnh sự quán Pháp,hcm,1,10.7825549,106.699256705901,hcm_saigon,Quận 1,contains,4,pitch,True,True,"Tổng Lãnh sự quán Pháp, 27, Nguyễn Thị Minh Khai, Khu phố 2, Quận 1, Thành phố Hồ Chí Minh, 71006, Việt Nam",27,Nguyễn Thị Minh Khai,fax:[+84835206819] ;; email:[info@consulfrance-hcm.org] ;; target:[VN] ;; country:[FR] ;; landuse:[commercial] ;; consulate:[consulate_general] ;; diplomatic:[consulate] ;; leisure:[pitch] ;; sport:[tennis]
update,9983dd8f-b830-45df-9a03-356e2a098a5c,246551729,directory,Vincharm Spa,hcm,1,10.7780045,106.701891,hcm_saigon,Quận 1,contains,,sports_centre,True,True,"Vincharm Spa, Đường Lê Thánh Tôn, Khu phố 3, Quận 1, Thành phố Hồ Chí Minh, 71006, Việt Nam",,Đường Lê Thánh Tôn,sport:[swimming] ;; leisure:[sports_centre]
update,06126894-e354-442f-a657-4c5a62c2545d,246545080,directory,Vincom Center Đồng Khởi,hcm,1,10.7781566,106.701893097076,hcm_saigon,Quận 1,contains,,swimming_pool,False,True,"Vincom Center Đồng Khởi, 72, Đường Lê Thánh Tôn, Khu phố 3, Quận 1, Thành phố Hồ Chí Minh, 71006, Việt Nam",72,Đường Lê Thánh Tôn,height:[12] ;; building:colour:[#9c8677] ;; building:levels:[3] ;; building:material:[granite] ;; leisure:[swimming_pool]
update,bffd2c1e-701f-498c-89a0-9870b9bf9a7e,246547522,directory,Vườn hồng hạc,hcm,1,10.78804765,106.706241099453,hcm_saigon,Quận 1,contains,,swimming_pool,False,True,"Vườn hồng hạc, Nguyễn Bỉnh Khiêm, Khu phố 1, Quận 1, Thành phố Hồ Chí Minh, 71006, Việt Nam",,Nguyễn Bỉnh Khiêm,zoo:[enclosure] ;; animal:[flamingo] ;; leisure:[swimming_pool]
update,aaf6051c-f292-416b-8b21-c1862a83e871,246561803,directory,Đài Truyền hình Việt Nam tại TP. HCM,hcm,1,10.78776245,106.703250872539,hcm_saigon,Quận 1,contains,4,pitch|sports_centre|swimming_pool,True,True,"Đài Truyền hình Việt Nam tại TP. HCM, Nguyễn Thị Minh Khai, Khu phố 1, Quận 1, Thành phố Hồ Chí Minh, 71006, Việt Nam",,Nguyễn Thị Minh Khai,"studio:[television] ;; building:[yes] ;; building:levels:[15] ;; leisure:[sports_centre, pitch, swimming_pool] ;; sport:[tennis, swimming]"
update,ac218801-b112-434e-b413-53596e145911,246575031,directory,,hcm,1,10.8673393,106.7378142,hcm_tambinh,Phường Tam Phú,contains,1,pitch,True,True,"Tô Ngọc Vân, Phường Tam Phú, Thành phố Thủ Đức, 75350, Việt Nam",,Tô Ngọc Vân,leisure:[pitch] ;; sport:[soccer]
update,bd947a8e-4efd-493f-88fc-2ee4b0f55a87,246573630,directory,,hcm,1,10.863465687578,106.735282271788,hcm_tambinh,Phường Tam Bình,contains,1,pitch,True,True,"Dự án đường Vành đai 2, Phường Tam Bình, Thành phố Thủ Đức, 75350, Việt Nam",,Dự án đường Vành đai 2,oneway:[yes] ;; construction:[primary] ;; leisure:[pitch] ;; sport:[soccer]
update,8631bd50-20a4-4e1f-b6b7-be9ef886921b,246598366,directory,Sunview 1,hcm,1,10.8608949,106.738796692454,hcm_tambinh,Phường Tam Phú,contains,,swimming_pool,False,True,"Sunview 1, Cây Keo, Phường Tam Phú, Thành phố Thủ Đức, 75350, Việt Nam",,Cây Keo,leisure:[swimming_pool]
update,db9f6a8c-8835-4ae1-9f06-be14216dc52d,246586612,directory,Trường Tiểu học Tam Bình,hcm,1,10.8685968,106.737923871929,hcm_tambinh,Phường Tam Bình,contains,1,pitch,True,True,"Trường Tiểu học Tam Bình, 71, Đường Số 10, Phường Tam Bình, Thành phố Thủ Đức, 75350, Việt Nam",71,Đường Số 10,leisure:[pitch] ;; sport:[soccer]
update,62ec5e81-2c5d-4405-b9b6-469a7cc6619b,246505337,directory,Trường THPT Củ Chi,hcm,1,10.97174905,106.49022264038,hcm_tananhoi,,contains,,swimming_pool,False,True,"Trường THPT Củ Chi, Tỉnh lộ 8, Thành phố Hồ Chí Minh, 75500, Việt Nam",,Tỉnh lộ 8,grades:[10-12] ;; wikidata:[Q97777015] ;; wikipedia:[vi:Trường Trung học phổ thông Củ Chi] ;; leisure:[swimming_pool]
update,6d1797b7-9c1a-42e0-b2c6-4066c8aeaea3,246568521,directory,,hcm,1,10.7907638572021,106.642878529339,hcm_tanbinh,Quận Tân Bình,contains,4,pitch,True,True,"Bàu Cát 5, Phường 14, Quận Tân Bình, Thành phố Hồ Chí Minh, 72012, Việt Nam",,Bàu Cát 5,oneway:[no] ;; leisure:[pitch] ;; sport:[tennis]
update,fad93863-ec96-4356-94c0-cdbb771f035a,404583477,directory,,hcm,1,10.8098403,106.6444016,hcm_tanbinh,Quận Tân Bình,contains,4,pitch,True,True,"Phường 13, Quận Tân Bình, Thành phố Hồ Chí Minh, 70500, Việt Nam",,,leisure:[pitch] ;; sport:[tennis]
update,c835b7bd-59a7-49c4-bb0b-ee6910f0e618,246572996,directory,Chung cư Harmona,hcm,1,10.7958762587108,106.641844515362,hcm_tanbinh,Quận Tân Bình,contains,,swimming_pool,False,True,"Chung cư Harmona, Quận Tân Bình, Thành phố Hồ Chí Minh, 70500, Việt Nam",,,leisure:[swimming_pool]
update,0110619a-2fec-4e48-b4af-39873ae372bd,246647812,directory,,hcm,1,10.8422372542286,106.783793550063,hcm_tangnhonphu,Phường Tăng Nhơn Phú B,contains,1,pitch,True,True,"Phường Tăng Nhơn Phú B, Thành phố Thủ Đức, 71300, Việt Nam",,,leisure:[pitch] ;; sport:[soccer]
update,1d1addf4-9d50-44c0-8c20-5b8579e779be,246660063,directory,,hcm,1,10.847137258867,106.792733507719,hcm_tangnhonphu,Phường Tăng Nhơn Phú A,contains,1,pitch,True,True,"Đường Số 447, Phường Tăng Nhơn Phú A, Thành phố Thủ Đức, 71300, Việt Nam",,Đường Số 447,leisure:[pitch] ;; sport:[soccer]
update,2d8b9681-b415-41c6-ae07-372cffa9e66b,246656315,directory,,hcm,1,10.8432402025699,106.79327960284,hcm_tangnhonphu,Phường Tăng Nhơn Phú A,contains,4,pitch,True,True,"Phường Tăng Nhơn Phú A, Thành phố Thủ Đức, 71300, Việt Nam",,,leisure:[pitch] ;; sport:[tennis]
update,3f40d4a4-f6fc-4493-97c2-616629149fc7,246649584,directory,,hcm,1,10.8466573022801,106.782898481864,hcm_tangnhonphu,Phường Hiệp Phú,contains,1,pitch,True,True,"Hẻm 686/53 Đường Cây Cám, Khu phố 3, Phường Hiệp Phú, Thành phố Thủ Đức, 71300, Việt Nam",,Hẻm 686/53 Đường Cây Cám,leisure:[pitch] ;; sport:[soccer]
update,6059c873-bcbd-43d2-af46-84a9c34e1b38,246652534,directory,,hcm,1,10.8565085,106.7927889,hcm_tangnhonphu,Phường Tân Phú,contains,1,pitch,True,True,"Đường D3, Phường Tân Phú, Thành phố Thủ Đức, 71300, Việt Nam",,Đường D3,surface:[asphalt] ;; maxlength:[10] ;; leisure:[pitch] ;; sport:[soccer]
update,da55321e-890b-4b26-9fba-f9602d422584,246654320,directory,,hcm,1,10.8463954,106.7839363,hcm_tangnhonphu,Phường Hiệp Phú,contains,1,pitch,True,True,"69, Hẻm 12 Trương Văn Thành, Khu phố 4, Phường Hiệp Phú, Thành phố Thủ Đức, 71300, Việt Nam",69,Hẻm 12 Trương Văn Thành,leisure:[pitch] ;; sport:[soccer]
update,e721656c-ab49-4841-84a8-7b1a8ea3710c,246654459,directory,,hcm,1,10.85494055,106.798566283372,hcm_tangnhonphu,Phường Tân Phú,contains,1,pitch,True,True,"Lô I2, Đường D1, Phường Tân Phú, Thành phố Thủ Đức, 71300, Việt Nam",,Đường D1,building:levels:[3] ;; leisure:[pitch] ;; sport:[soccer]
update,230e2b7f-2ef3-4793-9de7-941c048c1f75,246652460,directory,FTown,hcm,1,10.85064225,106.798431756168,hcm_tangnhonphu,Phường Tăng Nhơn Phú A,contains,,sports_centre|stadium,False,True,"FTown, Đường D1, Phường Tăng Nhơn Phú A, Thành phố Thủ Đức, 71300, Việt Nam",,Đường D1,"landuse:[commercial] ;; leisure:[sports_centre, stadium]"
update,6349501d-6a22-4c86-8c19-571b29d10944,246659055,directory,Ký túc xá Phân hiệu Trường Đại học Giao thông Vận tải tại TPHCM,hcm,1,10.8431177,106.796334847969,hcm_tangnhonphu,Phường Tăng Nhơn Phú A,contains,1,pitch,True,True,"Ký túc xá Phân hiệu Trường Đại học Giao thông Vận tải tại TPHCM, Hẻm 51 Đường Làng Tăng Phú, Phường Tăng Nhơn Phú A, Thành phố Thủ Đức, 71300, Việt Nam",,Hẻm 51 Đường Làng Tăng Phú,operator:[Bộ Giáo dục và Đào tạo] ;; operator:type:[government] ;; leisure:[pitch] ;; sport:[soccer]
update,27799b0e-ff9c-4011-bc4f-9f83c3701717,246654910,directory,NGUYEN THI PHUONG M,hcm,1,10.8496452,106.7941063,hcm_tangnhonphu,Phường Tăng Nhơn Phú A,contains,1,pitch,True,True,"NGUYEN THI PHUONG M, 5/8/4, Đường Số 210, Phường Tăng Nhơn Phú A, Thành phố Thủ Đức, 71300, Việt Nam",,Đường Số 210,ref:landuse:[16092760110] ;; leisure:[pitch] ;; sport:[soccer]
update,54de13ff-541e-4700-bafe-ab7da6ee67eb,246640403,directory,Ngoc Nu Beach,hcm,1,10.863447,106.802225241369,hcm_tangnhonphu,Phường Tân Phú,contains,,swimming_pool,False,True,"Ngoc Nu Beach, Hẻm 49 Đường Nam Cao, Phường Tân Phú, Thành phố Thủ Đức, 71300, Việt Nam",,Hẻm 49 Đường Nam Cao,leisure:[swimming_pool]
update,255c0a9d-2062-4113-9ef5-03025510acfe,246657072,directory,Phòng tập GYM FTown,hcm,1,10.85011845,106.798698053173,hcm_tangnhonphu,Phường Tăng Nhơn Phú A,contains,,sports_centre,False,True,"Phòng tập GYM FTown, Đường D1, Phường Tăng Nhơn Phú A, Thành phố Thủ Đức, 71300, Việt Nam",,Đường D1,leisure:[sports_centre]
update,35ed7198-352e-4412-ad1e-67113905d6bf,246659443,directory,Samsung CE Ho Chi Minh City Complex,hcm,1,10.8274926,106.794931683534,hcm_tangnhonphu,Phường Tăng Nhơn Phú B,contains,1,pitch,True,True,"Samsung CE Ho Chi Minh City Complex, Bưng Ông Thoàn, Phường Tăng Nhơn Phú B, Thành phố Thủ Đức, 71350, Việt Nam",,Bưng Ông Thoàn,landuse:[industrial] ;; leisure:[pitch] ;; sport:[soccer]
update,9442b3a1-43dd-4fc9-aa87-b42487a249e8,246649706,directory,Sân bóng đá Tiến Phát,hcm,1,10.834979,106.773397844468,hcm_tangnhonphu,Phường Tăng Nhơn Phú B,contains,1,pitch,True,True,"Sân bóng đá Tiến Phát, Hẻm 97/57 Đường Số 8, Phường Tăng Nhơn Phú B, Thành phố Thủ Đức, 71211, Việt Nam",,Hẻm 97/57 Đường Số 8,sport:[soccer] ;; leisure:[pitch]
update,764fc84d-5fea-4ee9-bf3e-2fb413b0b820,246658834,directory,TA VAN PHU,hcm,1,10.8495148,106.7942383,hcm_tangnhonphu,Phường Tăng Nhơn Phú A,contains,1,pitch,True,True,"TA VAN PHU, 5/8/6B, Hẻm C24 Đường Lê Văn Việt, Phường Tăng Nhơn Phú A, Thành phố Thủ Đức, 71300, Việt Nam",,Hẻm C24 Đường Lê Văn Việt,ref:landuse:[16092760112] ;; leisure:[pitch] ;; sport:[soccer]
update,4881ab1f-d511-489c-968e-fb16d7474067,246650844,directory,Tien Dong Beach,hcm,1,10.86401,106.802010474101,hcm_tangnhonphu,Phường Tân Phú,contains,,swimming_pool,False,True,"Tien Dong Beach, Hẻm 49 Đường Nam Cao, Phường Tân Phú, Thành phố Thủ Đức, 71300, Việt Nam",,Hẻm 49 Đường Nam Cao,leisure:[swimming_pool]
update,5c2d8590-cc54-4aea-8391-b3d06c93158e,246659780,directory,Trung tâm TDTT quận 9,hcm,1,10.8455123,106.787917718898,hcm_tangnhonphu,Phường Tăng Nhơn Phú A,contains,4,pitch|swimming_pool,True,True,"Trung tâm TDTT quận 9, Đường Lê Văn Việt, Phường Tăng Nhơn Phú A, Thành phố Thủ Đức, 71300, Việt Nam",,Đường Lê Văn Việt,"leisure:[pitch, swimming_pool] ;; sport:[tennis, swimming]"
update,d5f8b1a2-aa85-46b5-b269-bb3ec2baf761,246658668,directory,Trường Cao đẳng Hậu cần 2,hcm,1,10.8454528,106.776892584997,hcm_tangnhonphu,Phường Hiệp Phú,contains,1|4,pitch,True,True,"Trường Cao đẳng Hậu cần 2, 50, Đường Lê Văn Việt, Khu phố 11, Phường Hiệp Phú, Thành phố Thủ Đức, 00848, Việt Nam",50,Đường Lê Văn Việt,"landuse:[military] ;; operator:[Quân khu 7] ;; leisure:[pitch] ;; sport:[soccer, tennis]"
update,4f6e6d31-a690-4f54-9e44-8c08eed45b98,246653724,directory,Trường Đại học Hutech - KCN Cao,hcm,1,10.8550569,106.785307839853,hcm_tangnhonphu,Phường Hiệp Phú,contains,4,pitch,True,True,"Trường Đại học Hutech - KCN Cao, Đường Song Hành Xa lộ Hà Nội, Khu phố 15, Phường Hiệp Phú, Thành phố Thủ Đức, 71300, Việt Nam",,Đường Song Hành Xa lộ Hà Nội,leisure:[pitch] ;; sport:[tennis]
update,9a7058b6-d395-478f-988a-972044423387,246655399,directory,Trường Đại học Sư phạm Kỹ thuật TP.HCM - cơ sở 2,hcm,1,10.8451201,106.796921237649,hcm_tangnhonphu,Phường Tăng Nhơn Phú A,contains,,pitch,False,True,"Trường Đại học Sư phạm Kỹ thuật TP.HCM - cơ sở 2, Đường Lê Văn Việt, Phường Tăng Nhơn Phú A, Thành phố Thủ Đức, 71300, Việt Nam",,Đường Lê Văn Việt,leisure:[pitch]
update,9ee0e013-4b54-41de-8a1c-9afd27df6416,246557754,directory,,hcm,1,10.7865918334682,106.663095174439,hcm_tanhoa,Quận Tân Bình,contains,4,pitch,True,True,"Hẻm 2 Chấn Hưng, Phường 6, Quận Tân Bình, Thành phố Hồ Chí Minh, 72117, Việt Nam",,Hẻm 2 Chấn Hưng,leisure:[pitch] ;; sport:[tennis]
update,73f85016-cdd0-4353-b648-06d34b53e051,246684060,directory,,hcm,1,10.73507335,106.708342246797,hcm_tanhung,Quận 7,contains,,swimming_pool,True,True,"30, Hưng Thái 2, Phường Tân Phong, Quận 7, Thành phố Hồ Chí Minh, 72915, Việt Nam",30,Hưng Thái 2,leisure:[swimming_pool] ;; sport:[swimming]
update,7b99c7b0-9cd0-45a1-838d-2989a3415ceb,246702369,directory,,hcm,1,10.7317765,106.70732505,hcm_tanhung,Quận 7,contains,,sports_centre,False,True,"77-79, Nội Khu Hưng Phước 2, Khu phố ẨM THỰC ĐÊM Phú Mỹ Hưng -Sky Garden, Quận 7, Thành phố Hồ Chí Minh, 72915, Việt Nam",,Nội Khu Hưng Phước 2,old_addr:housenumber:[R4-15-16] ;; leisure:[sports_centre]
update,8f67a852-5bb5-44dc-a5b0-6c4815d4332e,246685545,directory,,hcm,1,10.7348497,106.709443623232,hcm_tanhung,Quận 7,contains,,swimming_pool,True,True,"Hưng Thái 2, Phường Tân Phong, Quận 7, Thành phố Hồ Chí Minh, 72915, Việt Nam",,Hưng Thái 2,leisure:[swimming_pool] ;; sport:[swimming]
update,8562ca13-83b2-45e0-b466-f13655f1f89d,246684890,directory,Building H,hcm,1,10.73000375,106.712895776497,hcm_tanhung,Quận 7,contains,,swimming_pool,False,True,"Building H, Đường Nguyễn Cao Bắc, Phường Tân Phong, Quận 7, Thành phố Hồ Chí Minh, 72915, Việt Nam",,Đường Nguyễn Cao Bắc,building:levels:[20] ;; leisure:[swimming_pool]
update,c5924ef6-5063-4630-bdaf-c071caa02df6,246685489,directory,Bún bò Vỹ Dạ Xưa,hcm,1,10.7312486,106.7102467,hcm_tanhung,Quận 7,contains,4,pitch,True,True,"Bún bò Vỹ Dạ Xưa, 2, Lê Văn Thiêm, Phường Tân Phong, Quận 7, Thành phố Hồ Chí Minh, 72915, Việt Nam",2,Lê Văn Thiêm,phone:[+84925157333] ;; cuisine:[vietnamese] ;; leisure:[pitch] ;; sport:[tennis]
update,f183e92a-6784-4e51-9ae8-1e0f2bcf4c2f,246694344,directory,Chung Cư Garden Court II,hcm,1,10.7226968,106.714912088303,hcm_tanhung,Quận 7,contains,,swimming_pool,True,True,"Chung Cư Garden Court II, Đường Tôn Dật Tiên, Phường Tân Phong, Quận 7, Thành phố Hồ Chí Minh, 72915, Việt Nam",,Đường Tôn Dật Tiên,leisure:[swimming_pool] ;; sport:[swimming]
update,7f3b2e7b-dee7-4db8-bc19-86222e0783fc,246699389,directory,Chung cư Mỹ Phát,hcm,1,10.72400185,106.709049414461,hcm_tanhung,Quận 7,contains,,swimming_pool,False,True,"Chung cư Mỹ Phát, Đường Nguyễn Đức Cảnh, Phường Tân Phong, Quận 7, Thành phố Hồ Chí Minh, 72915, Việt Nam",,Đường Nguyễn Đức Cảnh,leisure:[swimming_pool]
update,5f688f96-066c-4bc0-ba77-044a0125975e,246673778,directory,Câu Lạc Bộ Cầu Lông T793,hcm,1,10.7471263,106.6985988,hcm_tanhung,Quận 7,contains,3,pitch,True,True,"Câu Lạc Bộ Cầu Lông T793, Hẻm 793/28/1 Trần Xuân Soạn, Phường Tân Hưng, Quận 7, Thành phố Hồ Chí Minh, 72800, Việt Nam",,Hẻm 793/28/1 Trần Xuân Soạn,sport:[badminton] ;; leisure:[pitch]
update,0e0cb82f-9173-4960-801a-bbbfbb65bc84,246677129,directory,Căn Hộ Grand View,hcm,1,10.72242945,106.710726558408,hcm_tanhung,Quận 7,contains,,swimming_pool,True,True,"Căn Hộ Grand View, Đường Nguyễn Đức Cảnh, Phường Tân Phong, Quận 7, Thành phố Hồ Chí Minh, 72915, Việt Nam",,Đường Nguyễn Đức Cảnh,leisure:[swimming_pool] ;; sport:[swimming]
update,50c1cb93-b070-41ac-8fd7-fb5df1477ca3,246688299,directory,Hismory,hcm,1,10.7312197,106.70906085,hcm_tanhung,Quận 7,contains,,sports_centre,True,True,"Hismory, 36-38, Lê Văn Thiêm, Phường Tân Phong, Quận 7, Thành phố Hồ Chí Minh, 72915, Việt Nam",,Lê Văn Thiêm,sport:[billiards] ;; building:[yes] ;; opening_hours:[09:00-01:00] ;; leisure:[sports_centre]
update,9960d19d-7dd7-4abc-b39e-9543e34353f2,246688913,directory,Hồ bơi 1,hcm,1,10.73262685,106.697083174707,hcm_tanhung,Quận 7,contains,,swimming_pool,False,True,"Hồ bơi 1, Đường D6, Phường Tân Phong, Quận 7, Thành phố Hồ Chí Minh, 72910, Việt Nam",,Đường D6,lit:[yes] ;; access:[customers] ;; covered:[yes] ;; location:[outdoor] ;; swimming_pool:[outdoor] ;; leisure:[swimming_pool]
update,9015f57e-bbb6-4054-94ea-091f5a4000cb,246685438,directory,Khu Vietopia,hcm,1,10.7423113,106.694829,hcm_tanhung,Quận 7,contains,,sports_centre,False,True,"Khu Vietopia, Đường số 9, Phường Tân Hưng, Quận 7, Thành phố Hồ Chí Minh, 72910, Việt Nam",,Đường số 9,leisure:[sports_centre]
update,b396ff07-50a5-4dbd-bec6-42b06008bbab,246676979,directory,Mỹ Khánh I,hcm,1,10.7278741,106.7089098,hcm_tanhung,Quận 7,contains,,swimming_pool,True,True,"Mỹ Khánh I, Nguyễn Văn Linh, Phường Tân Phong, Quận 7, Thành phố Hồ Chí Minh, 72915, Việt Nam",,Nguyễn Văn Linh,leisure:[swimming_pool] ;; sport:[swimming]
update,51c0cbd4-142f-443f-9447-73a7403f3370,246684887,directory,Mỹ Khánh II,hcm,1,10.72786645,106.70831220062,hcm_tanhung,Quận 7,contains,,swimming_pool,True,True,"Mỹ Khánh II, Nguyễn Văn Linh, Phường Tân Phong, Quận 7, Thành phố Hồ Chí Minh, 72915, Việt Nam",,Nguyễn Văn Linh,leisure:[swimming_pool] ;; sport:[swimming]
update,ed177dde-0cf0-47e6-a50f-c9f882c50081,246685090,directory,Mỹ Khánh III,hcm,1,10.72693885,106.70833059938,hcm_tanhung,Quận 7,contains,,swimming_pool,True,True,"Mỹ Khánh III, Phạm Thái Bường, Phường Tân Phong, Quận 7, Thành phố Hồ Chí Minh, 72915, Việt Nam",,Phạm Thái Bường,leisure:[swimming_pool] ;; sport:[swimming]
update,cf4d1416-07da-4b18-96a0-e470d0ba28ef,246675306,directory,Mỹ Khánh IV,hcm,1,10.72698085,106.7089232,hcm_tanhung,Quận 7,contains,,swimming_pool,True,True,"Mỹ Khánh IV, Đường Phạm Thái Bường, Phường Tân Phong, Quận 7, Thành phố Hồ Chí Minh, 72915, Việt Nam",,Đường Phạm Thái Bường,leisure:[swimming_pool] ;; sport:[swimming]
update,87c61002-bea9-44e2-be41-5d3a07b501cb,246687769,directory,Phòng Tập Gym California & Fitness,hcm,1,10.7296389,106.702788,hcm_tanhung,Quận 7,contains,,sports_centre,True,True,"Phòng Tập Gym California & Fitness, Đường nội khu trung tâm SC VIVO CITY, Phường Tân Phong, Quận 7, Thành phố Hồ Chí Minh, 72915, Việt Nam",,Đường nội khu trung tâm SC VIVO CITY,sport:[gymnastics] ;; operator:[California Gym] ;; leisure:[sports_centre]
update,421cc9d6-90b9-4a99-a326-1a4d213f5afd,246687269,directory,Phòng Tập Gym YooFil,hcm,1,10.7312242,106.7059728,hcm_tanhung,Quận 7,contains,4,pitch,True,True,"Phòng Tập Gym YooFil, Nguyễn Đổng Chi, Phường Tân Phong, Quận 7, Thành phố Hồ Chí Minh, 72915, Việt Nam",,Nguyễn Đổng Chi,sport:[tennis] ;; leisure:[pitch]
update,9eebafc9-d322-48c8-b8e3-1f0380758a63,246686467,directory,Phú Gia,hcm,1,10.725798962649,106.714604302362,hcm_tanhung,Quận 7,contains,4,pitch|swimming_pool,True,True,"Phú Gia, Quận 7, Thành phố Hồ Chí Minh, 72915, Việt Nam",,,"access:[private] ;; oneway:[no] ;; motor_vehicle:[private] ;; leisure:[pitch, swimming_pool] ;; sport:[tennis, swimming]"
update,2772ffbc-4ad3-48f5-a59f-13b425e6b377,246686893,directory,SSIS,hcm,1,10.72238675,106.708845685064,hcm_tanhung,Quận 7,contains,1,pitch,True,True,"SSIS, 78, Đường Nguyễn Đức Cảnh, Phường Tân Phong, Quận 7, Thành phố Hồ Chí Minh, 72915, Việt Nam",78,Đường Nguyễn Đức Cảnh,designation:[International school] ;; leisure:[pitch] ;; sport:[soccer]
update,8b8c085c-2043-4e99-80db-fc26a192d53b,402470039,directory,Sky Garden 1 & 2,hcm,1,10.7307783,106.70595608093,hcm_tanhung,Quận 7,contains,4,pitch|sports_centre,True,True,"Sky Garden 1 & 2, Quận 7, Thành phố Hồ Chí Minh, 72915, Việt Nam",,,"layer:[1] ;; leisure:[sports_centre, pitch] ;; sport:[gymnastics, tennis]"
update,c7771165-707f-49da-95b4-9f3954b680db,246687154,directory,Starbucks,hcm,1,10.721356,106.7143464,hcm_tanhung,Quận 7,contains,4,pitch,True,True,"Starbucks, Đường Trần Văn Trà, Phường Tân Phong, Quận 7, Thành phố Hồ Chí Minh, 72915, Việt Nam",,Đường Trần Văn Trà,cuisine:[coffee_shop] ;; takeaway:[yes] ;; brand:wikidata:[Q37158] ;; leisure:[pitch] ;; sport:[tennis]
update,53ba1f0b-d173-4d53-a277-9c62c6a5223b,246695779,directory,The Panorama 14 & 15,hcm,1,10.72153185,106.713372420833,hcm_tanhung,Quận 7,contains,4,pitch,True,True,"The Panorama 14 & 15, Đường Trần Văn Trà, Phường Tân Phong, Quận 7, Thành phố Hồ Chí Minh, 72915, Việt Nam",,Đường Trần Văn Trà,leisure:[pitch] ;; sport:[tennis]
update,26f5bbb2-173f-4f8e-9024-02a6e21b9d68,246691958,directory,Trường Quốc tế Việt Nam - Phần Lan,hcm,1,10.73244065,106.6950722939,hcm_tanhung,Quận 7,contains,1,pitch|swimming_pool,True,True,"Trường Quốc tế Việt Nam - Phần Lan, 1, Đường D1, Phường Tân Phong, Quận 7, Thành phố Hồ Chí Minh, 72910, Việt Nam",1,Đường D1,"website:[https://vfis.tdtu.edu.vn/] ;; leisure:[pitch, swimming_pool] ;; sport:[soccer]"
update,f124c4be-6533-40f7-bc0d-dbe08348d461,246685717,directory,Trường Quốc tế Việt Úc (VAS) - Cơ sở Sunrise,hcm,1,10.73833745,106.697358004481,hcm_tanhung,Quận 7,contains,1,pitch,True,True,"Trường Quốc tế Việt Úc (VAS) - Cơ sở Sunrise, Đường Số 7, Phường Tân Hưng, Quận 7, Thành phố Hồ Chí Minh, 72910, Việt Nam",,Đường Số 7,grades:[0-12] ;; leisure:[pitch] ;; sport:[soccer]
update,1b522e41-17c1-47ad-8337-686121bfb4da,246683712,directory,Trường Tiểu học - THCS - THPT Sao Việt,hcm,1,10.7433949,106.699179365503,hcm_tanhung,Quận 7,contains,1|4,pitch,True,True,"Trường Tiểu học - THCS - THPT Sao Việt, Đường Số 3, Phường Tân Hưng, Quận 7, Thành phố Hồ Chí Minh, 72910, Việt Nam",,Đường Số 3,"grades:[1-12] ;; barrier:[wall] ;; leisure:[pitch] ;; sport:[tennis, soccer]"
update,0eb678ca-8af4-4e4a-bfa6-bf0f17e47454,246687808,directory,Trường Tiểu học Vỗ Thị Sáu,hcm,1,10.7333857,106.710954539886,hcm_tanhung,Quận 7,contains,1,pitch,True,True,"Trường Tiểu học Vỗ Thị Sáu, Lô R6, Đường N - Bắc, Phường Tân Phong, Quận 7, Thành phố Hồ Chí Minh, 70000, Việt Nam",,Đường N - Bắc,grades:[1-5] ;; barrier:[wall] ;; website:[https://thvothisauq7.hcm.edu.vn/hcm/thvothisauq7.html?qi=88_14720212] ;; leisure:[pitch] ;; sport:[soccer]
update,5ac3580b-6896-4ef6-a465-2fcb0c49b588,246681795,directory,Trường Trung học phổ thông Tân Phong,hcm,1,10.7267658,106.692818514284,hcm_tanhung,Quận 7,contains,1,pitch,True,True,"Trường Trung học phổ thông Tân Phong, 19F, Đường Số 16, Phường Tân Phong, Quận 7, Thành phố Hồ Chí Minh, 72910, Việt Nam",,Đường Số 16,grades:[10-12] ;; building:levels:[1] ;; leisure:[pitch] ;; sport:[soccer]
update,f3d166d2-3c97-49d9-882d-b4228fa006f6,246696360,directory,Trường trung học cơ sở Nguyễn Hữu Thọ,hcm,1,10.7481083,106.715009136528,hcm_tanhung,Quận 7,contains,1,pitch|swimming_pool,True,True,"Trường trung học cơ sở Nguyễn Hữu Thọ, Hẻm 62/2 Đường Lâm Văn Bền, Phường Tân Kiểng, Quận 7, Thành phố Hồ Chí Minh, 72800, Việt Nam",,Hẻm 62/2 Đường Lâm Văn Bền,"leisure:[pitch, swimming_pool] ;; sport:[soccer]"
update,05d145f8-e5d3-4ab9-b205-0d02f2fe16b6,246676883,directory,Trường Đinh Thiện Lý,hcm,1,10.72170915,106.71021402494,hcm_tanhung,Quận 7,contains,2,pitch|swimming_pool,True,True,"Trường Đinh Thiện Lý, 80, Đường Nguyễn Đức Cảnh, Phường Tân Phong, Quận 7, Thành phố Hồ Chí Minh, 72915, Việt Nam",80,Đường Nguyễn Đức Cảnh,"designation:[Private School] ;; leisure:[pitch, swimming_pool] ;; sport:[basketball]"
update,6af92745-8b68-4af5-8fa4-000a356eef73,246703068,directory,Trường Đại Học RMIT Việt Nam,hcm,1,10.72975515,106.694011987871,hcm_tanhung,Quận 7,contains,1|2|4,pitch,True,True,"Trường Đại Học RMIT Việt Nam, 702, Nguyễn Văn Linh, Phường Tân Phong, Quận 7, Thành phố Hồ Chí Minh, 72915, Việt Nam",702,Nguyễn Văn Linh,"leisure:[pitch] ;; sport:[tennis, basketball, soccer]"
update,ce174269-c273-43a8-ab58-1fb85fd43b73,246680237,directory,Trường Đại học Cảnh sát Nhân dân,hcm,1,10.7355982,106.697840176846,hcm_tanhung,Quận 7,contains,1,pitch,True,True,"Trường Đại học Cảnh sát Nhân dân, Đường Nguyễn Hữu Thọ, Phường Tân Phong, Quận 7, Thành phố Hồ Chí Minh, 72910, Việt Nam",,Đường Nguyễn Hữu Thọ,leisure:[pitch] ;; sport:[soccer]
update,0a20f188-b2f3-4197-81aa-60d663463688,246700510,directory,Trường Đại học Nguyễn Tất Thành (cơ sở Nguyễn Hữu Thọ),hcm,1,10.7431729,106.702413490442,hcm_tanhung,Quận 7,contains,1,pitch,True,True,"Trường Đại học Nguyễn Tất Thành (cơ sở Nguyễn Hữu Thọ), 3F, Đường Nguyễn Hữu Thọ, Phường Tân Hưng, Quận 7, Thành phố Hồ Chí Minh, 72910, Việt Nam",,Đường Nguyễn Hữu Thọ,leisure:[pitch] ;; sport:[soccer]
update,97de31c4-5a95-4359-83f0-5143c6c0c3a9,246691261,directory,Trường Đại học Tôn Đức Thắng,hcm,1,10.7320052,106.698465443591,hcm_tanhung,Quận 7,contains,1|2|4,pitch|sports_centre|swimming_pool,True,True,"Trường Đại học Tôn Đức Thắng, 19, Đường Nguyễn Hữu Thọ, Phường Tân Phong, Quận 7, Thành phố Hồ Chí Minh, 72910, Việt Nam",19,Đường Nguyễn Hữu Thọ,"website:[https://tdtu.edu.vn/] ;; operator:[Vietnam General Confederation of Labour] ;; wikidata:[Q1457082] ;; wikipedia:[vi:Trường Đại học Tôn Đức Thắng] ;; operator:type:[university] ;; internet_access:[yes] ;; wikimedia_commons:[Category:Ton Duc Thang University] ;; internet_access:fee:[no] ;; leisure:[sports_centre, pitch, swimming_pool] ;; sport:[soccer, tennis, basketball]"
update,480173ca-22c0-470c-8075-211eac2f246f,246687921,directory,,hcm,1,10.7320118601635,106.727156285376,hcm_tanmy,Quận 7,contains,1,pitch,True,True,"Phường Tân Phú, Quận 7, Thành phố Hồ Chí Minh, 71800, Việt Nam",,,leisure:[pitch] ;; sport:[soccer]
update,9ac04ca6-c519-4e44-ad81-e0cde02df99f,246692343,directory,,hcm,1,10.7259216,106.7246494,hcm_tanmy,Quận 7,contains,4,pitch,True,True,"Phường Tân Phú, Quận 7, Thành phố Hồ Chí Minh, 72915, Việt Nam",,,leisure:[pitch] ;; sport:[tennis]
update,a5fde587-f3ed-47ae-ae20-796de0c4839b,246687401,directory,,hcm,1,10.716492721684,106.724336516043,hcm_tanmy,Quận 7,contains,4,pitch|swimming_pool,True,True,"Đường Số 19, Phường Tân Phú, Quận 7, Thành phố Hồ Chí Minh, 72915, Việt Nam",,Đường Số 19,"leisure:[pitch, swimming_pool] ;; sport:[tennis]"
update,dff427fd-e068-4734-95f3-8bb57a9adb9a,246677100,directory,,hcm,1,10.7215513,106.7306135,hcm_tanmy,Quận 7,contains,,swimming_pool,False,True,"A51, Đường Nội Khu 1, Phường Tân Phú, Quận 7, Thành phố Hồ Chí Minh, 71800, Việt Nam",,Đường Nội Khu 1,leisure:[swimming_pool]
update,ffd2566c-7df2-4333-9ede-6afd402b9348,246682932,directory,,hcm,1,10.7271149171082,106.728578782684,hcm_tanmy,Quận 7,contains,,pitch,False,True,"Đường Tân Phú, Phường Tân Phú, Quận 7, Thành phố Hồ Chí Minh, 71800, Việt Nam",,Đường Tân Phú,leisure:[pitch]
update,42171c1e-49e8-41ff-895d-40c332a9bb68,246675389,directory,Block C,hcm,1,10.73317285,106.71614955502,hcm_tanmy,Quận 7,contains,,swimming_pool,False,True,"Block C, Đường Nguyễn Đổng Chi, Phường Tân Phú, Quận 7, Thành phố Hồ Chí Minh, 72915, Việt Nam",,Đường Nguyễn Đổng Chi,building:levels:[23] ;; leisure:[swimming_pool]
update,429f5874-e993-4f7c-90da-23f67cc9ef90,246676497,directory,Block D,hcm,1,10.7316137,106.716361252127,hcm_tanmy,Quận 7,contains,,swimming_pool,False,True,"Block D, Đường Tôn Dật Tiên, Phường Tân Phú, Quận 7, Thành phố Hồ Chí Minh, 72915, Việt Nam",,Đường Tôn Dật Tiên,building:levels:[21] ;; leisure:[swimming_pool]
update,fb877702-4bf5-469c-8804-cb21c4bf0fad,246686557,directory,Block F,hcm,1,10.7311349,106.716674628661,hcm_tanmy,Quận 7,contains,,swimming_pool,False,True,"Block F, Đường Tôn Dật Tiên, Phường Tân Phú, Quận 7, Thành phố Hồ Chí Minh, 72915, Việt Nam",,Đường Tôn Dật Tiên,building:levels:[16] ;; leisure:[swimming_pool]
update,78005ff7-53af-416c-9b6b-36ae64f7f876,246693036,directory,Building 12,hcm,1,10.7296101,106.726637291716,hcm_tanmy,Quận 7,contains,,swimming_pool,True,True,"Building 12, Đường Tân Phú, Phường Tân Phú, Quận 7, Thành phố Hồ Chí Minh, 71800, Việt Nam",,Đường Tân Phú,leisure:[swimming_pool] ;; sport:[swimming]
update,b2b85eca-189c-4a1b-8a91-9ea9364b745a,246677900,directory,Building 5,hcm,1,10.728773,106.725757686382,hcm_tanmy,Quận 7,contains,,swimming_pool,True,True,"Building 5, Đường B Bắc, Quận 7, Thành phố Hồ Chí Minh, 71800, Việt Nam",,Đường B Bắc,leisure:[swimming_pool] ;; sport:[swimming]
update,e39cc66c-20f0-42fd-b934-bc4a80c416e4,246705543,directory,Bể bơi khu B Era Town,hcm,1,10.6997227,106.7308817,hcm_tanmy,Quận 7,contains,,swimming_pool,False,True,"Bể bơi khu B Era Town, Đường D3, Phường Phú Mỹ, Quận 7, Thành phố Hồ Chí Minh, 72915, Việt Nam",,Đường D3,access:[yes] ;; location:[roof] ;; leisure:[swimming_pool]
update,cbd759c9-c25f-4c3c-843e-f711de4530e6,246686423,directory,Bệnh Viện Pháp Việt,hcm,1,10.73243375,106.71788171724,hcm_tanmy,Quận 7,contains,,swimming_pool,False,True,"Bệnh Viện Pháp Việt, 6, Nguyễn Lương Bằng, Phường Tân Phú, Quận 7, Thành phố Hồ Chí Minh, 72915, Việt Nam",6,Nguyễn Lương Bằng,"email:[information@fvhospital.com] ;; phone:[+84 28 54 11 33 33] ;; website:[https://www.fvhospital.com/] ;; healthcare:[hospital] ;; healthcare:speciality:[general, psychiatry, orthopaedics, gynaecology, neurology, dentistry, internal, oncology, paediatrics, radiology, surgery] ;; leisure:[swimming_pool]"
update,ed3f422c-bb44-4778-a281-46086584bfdc,246693494,directory,Chung cư Riverside Residence,hcm,1,10.7185496217115,106.726100423277,hcm_tanmy,Quận 7,contains,4,pitch,True,True,"Chung cư Riverside Residence, Quận 7, Thành phố Hồ Chí Minh, 72915, Việt Nam",,,leisure:[pitch] ;; sport:[tennis]
update,40c26500-5a2c-4838-8649-ac5b88d8f8c7,246684675,directory,Crescent Mall,hcm,1,10.7289952,106.718917406145,hcm_tanmy,Quận 7,contains,,sports_centre,True,True,"Crescent Mall, 101, Đường Tôn Dật Tiên, Phường Tân Phú, Quận 7, Thành phố Hồ Chí Minh, 72915, Việt Nam",101,Đường Tôn Dật Tiên,building:[yes] ;; building:levels:[5] ;; leisure:[sports_centre] ;; sport:[climbing]
update,bcadf353-4b2f-4cb3-b55c-9b23fd6fbba4,246678085,directory,Hoi Quan Bach Moc,hcm,1,10.7305162,106.727957524822,hcm_tanmy,Quận 7,contains,1|4,pitch,True,True,"Hoi Quan Bach Moc, Cầu Phú Thuận, Phường Tân Phú, Quận 7, Thành phố Hồ Chí Minh, 71800, Việt Nam",,Cầu Phú Thuận,"leisure:[pitch] ;; sport:[tennis, soccer]"
update,2e2f7e12-a5ab-4231-be32-46e9bbf56487,246684079,directory,Khu Dân Cư The Waterfront,hcm,1,10.7254175,106.7245671,hcm_tanmy,Quận 7,contains,,swimming_pool,False,True,"Khu Dân Cư The Waterfront, m124, Nguyễn Lương Bằng, Phường Tân Phú, Quận 7, Thành phố Hồ Chí Minh, 72915, Việt Nam",,Nguyễn Lương Bằng,residential:[apartments] ;; leisure:[swimming_pool]
update,9726e81b-eb68-414d-ad7f-1897fa839b9c,246677717,directory,Khu Nghỉ Dưỡng Tajma Sago,hcm,1,10.7238557,106.7201644,hcm_tanmy,Quận 7,contains,,swimming_pool,False,True,"Khu Nghỉ Dưỡng Tajma Sago, Đường Phan Văn Chương, Phường Tân Phú, Quận 7, Thành phố Hồ Chí Minh, 72915, Việt Nam",,Đường Phan Văn Chương,cuisine:[international] ;; leisure:[swimming_pool]
update,a913fe87-6650-4796-bbe6-480bcb4447ea,246692631,directory,Nhà văn hóa Phụ nữ Thành phố - Cơ sở II,hcm,1,10.7342832,106.719193021711,hcm_tanmy,Quận 7,contains,,swimming_pool,False,True,"Nhà văn hóa Phụ nữ Thành phố - Cơ sở II, Nguyễn Lương Bằng, Phường Tân Phú, Quận 7, Thành phố Hồ Chí Minh, 72915, Việt Nam",,Nguyễn Lương Bằng,leisure:[swimming_pool]
update,3aebd093-dc9f-44b1-aebe-d602db24fffc,246687284,directory,Riverside Residence - Block B,hcm,1,10.7187649,106.726714479044,hcm_tanmy,Quận 7,contains,4,pitch,True,True,"Riverside Residence - Block B, Nguyễn Lương Bằng, Phường Tân Phú, Quận 7, Thành phố Hồ Chí Minh, 72915, Việt Nam",,Nguyễn Lương Bằng,leisure:[pitch] ;; sport:[tennis]
update,073764b3-bad2-478c-9603-b04cf3f8bf57,246697195,directory,Sedbergh Vietnam BCIS,hcm,1,10.7145239,106.728186568149,hcm_tanmy,Quận 7,contains,1|2|4,pitch,True,True,"Sedbergh Vietnam BCIS, Đường Nội Khu Mỹ Thái 3, Phường Tân Phú, Quận 7, Thành phố Hồ Chí Minh, 72915, Việt Nam",,Đường Nội Khu Mỹ Thái 3,"leisure:[pitch] ;; sport:[soccer, basketball, tennis]"
update,08386660-cb8f-4eb3-887a-e64fac9a531d,246684786,directory,Sân Tập Golf,hcm,1,10.73348235,106.715092602098,hcm_tanmy,Quận 7,contains,4,pitch,True,True,"Sân Tập Golf, Đường Tôn Dật Tiên, Phường Tân Phú, Quận 7, Thành phố Hồ Chí Minh, 72915, Việt Nam",,Đường Tôn Dật Tiên,leisure:[pitch] ;; sport:[tennis]
update,3d7d047b-b21a-4733-ac58-3cadb093b187,246677657,directory,Sân bóng chày,hcm,1,10.7233856,106.724270809701,hcm_tanmy,Quận 7,contains,,pitch,True,True,"Sân bóng chày, Nguyễn Lương Bằng, Phường Tân Phú, Quận 7, Thành phố Hồ Chí Minh, 72915, Việt Nam",,Nguyễn Lương Bằng,sport:[baseball] ;; leisure:[pitch]
update,0fa9c263-06ee-4d30-af6d-881907a60cd0,246677204,directory,Sân tennis,hcm,1,10.7230934,106.724113296066,hcm_tanmy,Quận 7,contains,4,pitch,True,True,"Sân tennis, Nguyễn Lương Bằng, Phường Tân Phú, Quận 7, Thành phố Hồ Chí Minh, 72915, Việt Nam",,Nguyễn Lương Bằng,sport:[tennis] ;; leisure:[pitch]
update,6639997a-c62d-4a33-a727-e44cceb77302,246696054,directory,Trường Nhật Bản Thành phố Hồ Chí Minh,hcm,1,10.7258459,106.730110080132,hcm_tanmy,Quận 7,contains,4,pitch,True,True,"Trường Nhật Bản Thành phố Hồ Chí Minh, Đường Số 16, Phường Tân Phú, Quận 7, Thành phố Hồ Chí Minh, 71800, Việt Nam",,Đường Số 16,leisure:[pitch] ;; sport:[tennis]
update,a3fc3a69-1828-4206-8de4-d5134c4090e5,246690596,directory,Trường Quốc tế Canada,hcm,1,10.71416035,106.729598899152,hcm_tanmy,Quận 7,contains,,swimming_pool,False,True,"Trường Quốc tế Canada, Đường Nội Khu Mỹ Thái 3, Phường Tân Phú, Quận 7, Thành phố Hồ Chí Minh, 72915, Việt Nam",,Đường Nội Khu Mỹ Thái 3,leisure:[swimming_pool]
update,a16e7cd8-4e04-4d02-98f6-527ac16bf7d0,246691445,directory,Trường Quốc tế Việt Úc - Cơ sở Riverside,hcm,1,10.73679435,106.726801093487,hcm_tanmy,Quận 7,contains,4,pitch,True,True,"Trường Quốc tế Việt Úc - Cơ sở Riverside, Đường số 2, Phường Tân Phú, Quận 7, Thành phố Hồ Chí Minh, 71800, Việt Nam",,Đường số 2,grades:[0-12] ;; leisure:[pitch] ;; sport:[tennis]
update,e8177cbd-d40a-4823-8d3d-654b0df8b854,246687478,directory,Trường THCS Hoàng Quốc Việt,hcm,1,10.71473795,106.732870816721,hcm_tanmy,Quận 7,contains,1,pitch,True,True,"Trường THCS Hoàng Quốc Việt, Đường Số 2, Phường Phú Mỹ, Quận 7, Thành phố Hồ Chí Minh, 72915, Việt Nam",,Đường Số 2,leisure:[pitch] ;; sport:[soccer]
update,033fb9f4-69c9-4294-8bb3-983bc1281949,246682568,directory,Trường THPT Nam Sài Gòn,hcm,1,10.7230854,106.723856618289,hcm_tanmy,Quận 7,contains,2,pitch,True,True,"Trường THPT Nam Sài Gòn, Lô P3, Nguyễn Lương Bằng, Phường Tân Phú, Quận 7, Thành phố Hồ Chí Minh, 72915, Việt Nam",,Nguyễn Lương Bằng,barrier:[wall] ;; leisure:[pitch] ;; sport:[basketball]
update,6ad08be0-d759-4a8e-ba42-53e015c05e86,246682863,directory,Trường Đinh Thiện Lý,hcm,1,10.7283932,106.727068536826,hcm_tanmy,Quận 7,contains,1|2,pitch|swimming_pool,True,True,"Trường Đinh Thiện Lý, 01, Đường Raymondienne, Phường Tân Phú, Quận 7, Thành phố Hồ Chí Minh, 71800, Việt Nam",1,Đường Raymondienne,"grades:[10-12] ;; barrier:[wall] ;; website:[https://lsts.edu.vn/] ;; operator:[CT&D Group] ;; leisure:[pitch, swimming_pool] ;; sport:[soccer, basketball]"
update,522b6ca2-5336-47c7-970d-d9ed95640de1,246683865,directory,Đội bảo vệ Phú Mỹ Hưng,hcm,1,10.73524475,106.720485972503,hcm_tanmy,Quận 7,contains,2|4,pitch|swimming_pool,True,True,"Đội bảo vệ Phú Mỹ Hưng, Đường Số 2, Phường Tân Phú, Quận 7, Thành phố Hồ Chí Minh, 71800, Việt Nam",,Đường Số 2,"barrier:[wall] ;; leisure:[pitch, swimming_pool] ;; sport:[tennis, basketball]"
update,934b42d1-41c5-43fa-ac95-9d64fc83f32a,246701246,directory,Bệnh viện Nhi đồng Thành phố,hcm,1,10.7100984,106.57457844657,hcm_tannhut,,contains,1|4,pitch,True,True,"Bệnh viện Nhi đồng Thành phố, 15, Đường Võ Trần Chí, Thành phố Hồ Chí Minh, Việt Nam",15,Đường Võ Trần Chí,"healthcare:[hospital] ;; leisure:[pitch] ;; sport:[tennis, soccer]"
update,f73e613a-e0db-442c-827d-39c4039e408d,246710521,directory,Thị trấn Tân Túc,hcm,1,10.6942800000186,106.590879079333,hcm_tannhut,,contains,1|4,pitch,True,True,"Thị trấn Tân Túc, Thành phố Hồ Chí Minh, Việt Nam",,,"motorcar:[no] ;; motorcycle:[yes] ;; leisure:[pitch] ;; sport:[tennis, soccer]"
update,7b7e7914-84c8-45c7-96c5-49c933b2c2de,246700830,directory,Trường THPT Tân Túc,hcm,1,10.69050885,106.575919792235,hcm_tannhut,,contains,1,pitch,True,True,"Trường THPT Tân Túc, Bùi Thanh Khiết, Thành phố Hồ Chí Minh, Việt Nam",,Bùi Thanh Khiết,grades:[10-12] ;; website:[https://thpttantuc.hcm.edu.vn/] ;; leisure:[pitch] ;; sport:[soccer]
update,2e7202c1-2b69-4d36-9b6c-f37abfc94ece,246560042,directory,Bệnh viện Thú y Petpro,hcm,1,10.7826029,106.6362925,hcm_tanphu,Quận Tân Phú,contains,,swimming_pool,False,True,"Bệnh viện Thú y Petpro, Lũy Bán Bích, Phường Hòa Thạnh, Quận Tân Phú, Thành phố Hồ Chí Minh, 72012, Việt Nam",,Lũy Bán Bích,leisure:[swimming_pool]
update,92a6c2a7-001e-4be3-a126-568f5e24f523,246558772,directory,Chung cư Investco Babylon,hcm,1,10.7889462,106.639862799228,hcm_tanphu,Quận Tân Phú,contains,,swimming_pool,False,True,"Chung cư Investco Babylon, Hẻm 683 Âu Cơ, Phường Tân Thành, Quận Tân Phú, Thành phố Hồ Chí Minh, 72012, Việt Nam",,Hẻm 683 Âu Cơ,building:levels:[17] ;; leisure:[swimming_pool]
update,6a0b676f-1dbb-4fd3-85c6-27ad75d9101b,246535598,directory,Cây Keo,hcm,1,10.7718932,106.63211,hcm_tanphu,Quận Tân Phú,contains,4,pitch,True,True,"Cây Keo, Hẻm 220 Lũy Bán Bích, Phường Hòa Thạnh, Quận Tân Phú, Thành phố Hồ Chí Minh, 72015, Việt Nam",,Hẻm 220 Lũy Bán Bích,bus:[yes] ;; public_transport:[platform] ;; leisure:[pitch] ;; sport:[tennis]
update,9183ca38-ec5e-436f-b150-07321c803a64,246525711,directory,Ngã ba Khuông Việt - Hòa Bình,hcm,1,10.7704414,106.637701,hcm_tanphu,Quận Tân Phú,contains,4,pitch,True,True,"Ngã ba Khuông Việt - Hòa Bình, Đường Khuông Việt, Phường Phú Trung, Quận Tân Phú, Thành phố Hồ Chí Minh, 72015, Việt Nam",,Đường Khuông Việt,bus:[yes] ;; public_transport:[platform] ;; leisure:[pitch] ;; sport:[tennis]
update,f7af9921-1c25-45a0-a137-ec6c26d06e6f,246572343,directory,Trường Mầm non Hướng Dương,hcm,1,10.78497565,106.63718219156,hcm_tanphu,Quận Tân Phú,contains,,swimming_pool,False,True,"Trường Mầm non Hướng Dương, Hẻm 4 Nghiêm Toản, Phường Hòa Thạnh, Quận Tân Phú, Thành phố Hồ Chí Minh, 72012, Việt Nam",,Hẻm 4 Nghiêm Toản,leisure:[swimming_pool]
update,e43be540-bcfe-451c-a0ee-fb49f3e2c101,246584376,directory,Trường THPT Trí Đức,hcm,1,10.78443065,106.640212738381,hcm_tanphu,Quận Tân Phú,contains,1,pitch,True,True,"Trường THPT Trí Đức, 5, Thoại Ngọc Hầu, Phường Hòa Thạnh, Quận Tân Phú, Thành phố Hồ Chí Minh, 72012, Việt Nam",5,Thoại Ngọc Hầu,leisure:[pitch] ;; sport:[soccer]
update,c68e805e-adf9-4324-8d9e-96bd493f240f,246537429,directory,Trường Tiểu học Huỳnh Văn Chính,hcm,1,10.7803892,106.638956442929,hcm_tanphu,Quận Tân Phú,contains,,swimming_pool,False,True,"Trường Tiểu học Huỳnh Văn Chính, Huỳnh Thiện Lộc, Phường Hòa Thạnh, Quận Tân Phú, Thành phố Hồ Chí Minh, 72012, Việt Nam",,Huỳnh Thiện Lộc,leisure:[swimming_pool]
update,1a43acf4-961b-4d6b-9187-6c67ca6d3aa4,246567258,directory,,hcm,1,10.82721696368,106.630096900848,hcm_tanson,Quận Gò Vấp,contains,1,pitch,True,True,"Phường 14, Quận Gò Vấp, Thành phố Hồ Chí Minh, 71509, Việt Nam",,,construction:[residential] ;; leisure:[pitch] ;; sport:[soccer]
update,19746805-b315-4b46-883a-980e82d786a1,246584555,directory,Khu Thể Thao - Tấn Trường,hcm,1,10.8098125,106.6457369,hcm_tanson,Quận Tân Bình,contains,4,pitch|sports_centre,True,True,"Khu Thể Thao - Tấn Trường, Hẻm 56 Văn Chung, Phường 13, Quận Tân Bình, Thành phố Hồ Chí Minh, 70500, Việt Nam",,Hẻm 56 Văn Chung,"leisure:[sports_centre, pitch] ;; sport:[tennis]"
update,a4fb2ed5-aa05-4af1-a5f1-7876facc730b,246576025,directory,Sân 320,hcm,1,10.81882005,106.639040007833,hcm_tanson,Quận Tân Bình,contains,1,pitch,True,True,"Sân 320, Tân Sơn, Phường 15, Quận Tân Bình, Thành phố Hồ Chí Minh, 70500, Việt Nam",,Tân Sơn,sport:[soccer] ;; leisure:[pitch]
update,0352a1cf-fdc0-4c49-b331-41ea87f6048b,246552366,directory,,hcm,1,10.8073574200435,106.666851715996,hcm_tansonhoa,Quận Tân Bình,contains,4,pitch,True,True,"Hẻm 12 Lam Sơn, Phường 2, Quận Tân Bình, Thành phố Hồ Chí Minh, 72215, Việt Nam",,Hẻm 12 Lam Sơn,leisure:[pitch] ;; sport:[tennis]
update,2e81fd79-9ffe-49cf-8fa4-581abb10a98d,246567726,directory,,hcm,1,10.8166987812657,106.672461387425,hcm_tansonhoa,Quận Tân Bình,contains,4,pitch,True,True,"Phường 2, Quận Tân Bình, Thành phố Hồ Chí Minh, 70048, Việt Nam",,,surface:[asphalt] ;; leisure:[pitch] ;; sport:[tennis]
update,95f89486-a5be-42b9-b3ae-949a8010a3e2,246566615,directory,Botanica Premier Block B,hcm,1,10.81109705,106.66956095438,hcm_tansonhoa,Quận Tân Bình,contains,,swimming_pool,False,True,"Botanica Premier Block B, 112, Hồng Hà, Phường 2, Quận Tân Bình, Thành phố Hồ Chí Minh, 72100, Việt Nam",112,Hồng Hà,leisure:[swimming_pool]
update,72d8280a-ef75-4f56-8698-b134ef7410c3,246564463,directory,Botanica Premier Block C,hcm,1,10.81076195,106.669523351658,hcm_tansonhoa,Quận Tân Bình,contains,,swimming_pool,False,True,"Botanica Premier Block C, 112, Hồng Hà, Phường 2, Quận Tân Bình, Thành phố Hồ Chí Minh, 72100, Việt Nam",112,Hồng Hà,leisure:[swimming_pool]
update,4c1e23b6-b6a3-45d2-9d4b-b7db6b195cc2,246577976,directory,Câu lạc bộ Hàng không,hcm,1,10.81057015,106.671135117605,hcm_tansonhoa,Quận Tân Bình,contains,,sports_centre,False,True,"Câu lạc bộ Hàng không, Hồng Hà, Phường 2, Quận Tân Bình, Thành phố Hồ Chí Minh, 72215, Việt Nam",,Hồng Hà,leisure:[sports_centre]
update,3ad5cdae-02ca-42d7-9173-0403485417cc,246552944,directory,Câu lạc bộ thể thao 2 tháng 9,hcm,1,10.7975825,106.665223603225,hcm_tansonhoa,Quận Tân Bình,contains,2,pitch|sports_centre,True,True,"Câu lạc bộ thể thao 2 tháng 9, 9, Phạm Văn Hai, Phường 1, Quận Tân Bình, Thành phố Hồ Chí Minh, 72215, Việt Nam",9,Phạm Văn Hai,"leisure:[sports_centre, pitch] ;; sport:[basketball]"
update,2aa5f58d-4386-4a04-a221-5c7932cedcb6,246563696,directory,FUSOP,hcm,1,10.80420855,106.667481289097,hcm_tansonhoa,Quận Tân Bình,contains,1|3|4,pitch|sports_centre,True,True,"FUSOP, Đường Phạm Cự Lượng, Phường 2, Quận Tân Bình, Thành phố Hồ Chí Minh, 72215, Việt Nam",,Đường Phạm Cự Lượng,"leisure:[sports_centre, pitch] ;; sport:[soccer, badminton, tennis]"
update,87908146-3d0c-4086-acd7-64371a14143a,246576033,directory,SaigonBus Parking,hcm,1,10.80532835,106.667441399843,hcm_tansonhoa,Quận Tân Bình,contains,4,pitch,True,True,"SaigonBus Parking, Trà Khúc, Phường 2, Quận Tân Bình, Thành phố Hồ Chí Minh, 72215, Việt Nam",,Trà Khúc,access:[private] ;; leisure:[pitch] ;; sport:[tennis]
update,0b091df5-288e-4f4e-a796-89b10928f657,246553885,directory,Sân vận động Quân khu 7,hcm,1,10.80174455,106.667303779054,hcm_tansonhoa,Quận Phú Nhuận,contains,1|3,stadium,True,True,"Sân vận động Quân khu 7, 202, Hoàng Văn Thụ, Phường 9, Quận Phú Nhuận, Thành phố Hồ Chí Minh, 72215, Việt Nam",202,Hoàng Văn Thụ,"sport:[soccer, volleyball, badminton, jogging] ;; leisure:[stadium]"
update,e5460e7d-fd17-4f2a-b92c-540380786dfa,246578313,directory,Sân vận động Quân khu 7,hcm,1,10.80187195,106.667352571193,hcm_tansonhoa,Quận Tân Bình,contains,1,pitch,True,True,"Sân vận động Quân khu 7, Phan Đình Giót, Phường 2, Quận Tân Bình, Thành phố Hồ Chí Minh, 72215, Việt Nam",,Phan Đình Giót,wikidata:[Q2770718] ;; wikipedia:[vi:Sân vận động Quân khu 7] ;; leisure:[pitch] ;; sport:[soccer]
update,e11b9c7f-4870-485f-ae2f-c8806d86e5b1,246566540,directory,Trung tâm Huấn luyện Bay,hcm,1,10.8122144,106.670863068713,hcm_tansonhoa,Quận Tân Bình,contains,2,pitch,True,True,"Trung tâm Huấn luyện Bay, 117, Hồng Hà, Phường 2, Quận Tân Bình, Thành phố Hồ Chí Minh, 70048, Việt Nam",117,Hồng Hà,"leisure:[pitch] ;; sport:[basketball, volleyball]"
update,f9fa13aa-c9ab-40b5-9fc0-ef503b254e64,246568845,directory,Trường Đại học Tài Chính Marketing,hcm,1,10.8031443,106.6678651,hcm_tansonhoa,Quận Tân Bình,contains,4,pitch,True,True,"Trường Đại học Tài Chính Marketing, Hẻm 202/5 Hoàng Văn Thụ, Phường 2, Quận Tân Bình, Thành phố Hồ Chí Minh, 72215, Việt Nam",,Hẻm 202/5 Hoàng Văn Thụ,leisure:[pitch] ;; sport:[tennis]
update,3c9ba789-bed4-4668-af63-b236ef13d2c9,246562165,directory,,hcm,1,10.8001699473908,106.657747895815,hcm_tansonnhat,Quận Tân Bình,contains,4,pitch,True,True,"Út Tịch, Phường 4, Quận Tân Bình, Thành phố Hồ Chí Minh, 72106, Việt Nam",,Út Tịch,lanes:[2] ;; surface:[asphalt] ;; leisure:[pitch] ;; sport:[tennis]
update,4ce72e3a-c919-4dbd-a48e-7021c68affea,246575954,directory,,hcm,1,10.8036677886819,106.654719053436,hcm_tansonnhat,Quận Tân Bình,contains,4,pitch,True,True,"Đường 18E Cộng Hòa, Phường 4, Quận Tân Bình, Thành phố Hồ Chí Minh, 72106, Việt Nam",,Đường 18E Cộng Hòa,lanes:[4] ;; leisure:[pitch] ;; sport:[tennis]
update,af873269-a3d7-4614-9b35-02bc34c61419,246564601,directory,Bảo tàng Không quân phía Nam,hcm,1,10.8052466,106.66058983928,hcm_tansonnhat,Quận Tân Bình,contains,4,pitch,True,True,"Bảo tàng Không quân phía Nam, Phan Thúc Duyện, Phường 4, Quận Tân Bình, Thành phố Hồ Chí Minh, 72106, Việt Nam",,Phan Thúc Duyện,barrier:[wall] ;; landuse:[commercial] ;; leisure:[pitch] ;; sport:[tennis]
update,6f3f036d-935c-47d9-b75f-d9ab760f9833,246563275,directory,Cà Phê Amazing,hcm,1,10.8024671,106.660464,hcm_tansonnhat,Quận Tân Bình,contains,4,pitch,True,True,"Cà Phê Amazing, 35, Thăng Long, Phường 4, Quận Tân Bình, Thành phố Hồ Chí Minh, 72106, Việt Nam",35,Thăng Long,cuisine:[coffee_shop] ;; website:[https://amazingcoffee.vn/] ;; opening_hours:[Mo-Sa] ;; leisure:[pitch] ;; sport:[tennis]
update,a8106c38-db5a-4bd9-81df-798c0f901a00,246571831,directory,Câu lạc bộ Văn hóa -Thể dục thể thao CMT8,hcm,1,10.7910379,106.658113286628,hcm_tansonnhat,Quận Tân Bình,contains,,swimming_pool,True,True,"Câu lạc bộ Văn hóa -Thể dục thể thao CMT8, 1034, Hẻm 1036 Cách Mạng Tháng 8, Phường 4, Quận Tân Bình, Thành phố Hồ Chí Minh, 72117, Việt Nam",1034,Hẻm 1036 Cách Mạng Tháng 8,"sport:[swimming, yoga] ;; leisure:[swimming_pool]"
update,4f5fa42d-9d02-42e7-9472-44bb4391b81c,246563168,directory,Khách Sạn Đệ Nhất,hcm,1,10.79622275,106.660053751712,hcm_tansonnhat,Quận Tân Bình,contains,,swimming_pool,False,True,"Khách Sạn Đệ Nhất, Hoàng Việt, Phường 4, Quận Tân Bình, Thành phố Hồ Chí Minh, 72106, Việt Nam",,Hoàng Việt,building:[yes] ;; leisure:[swimming_pool]
update,a6a78a16-cabe-4cf0-aa21-a7e65b876c9d,246560397,directory,Republic Plaza,hcm,1,10.8020333,106.655038006949,hcm_tansonnhat,Quận Tân Bình,contains,4,pitch,True,True,"Republic Plaza, Đường 18E Cộng Hòa, Phường 4, Quận Tân Bình, Thành phố Hồ Chí Minh, 72106, Việt Nam",,Đường 18E Cộng Hòa,building:levels:[5] ;; leisure:[pitch] ;; sport:[tennis]
update,941b9e95-ccde-48ab-93c4-e99dab20ebb9,246553011,directory,Sân Bóng Đá Chảo Lửa,hcm,1,10.8058511,106.658391747501,hcm_tansonnhat,Quận Tân Bình,contains,1,pitch|sports_centre,True,True,"Sân Bóng Đá Chảo Lửa, Hẻm 6 Đồ Sơn, Phường 4, Quận Tân Bình, Thành phố Hồ Chí Minh, 72106, Việt Nam",,Hẻm 6 Đồ Sơn,"sport:[soccer] ;; leisure:[sports_centre, pitch]"
update,2b1b5a84-1d38-4897-a84c-601e8e863690,246585757,directory,Sân bóng Chảo Lửa,hcm,1,10.8065021,106.655674209772,hcm_tansonnhat,Quận Tân Bình,contains,1,pitch,True,True,"Sân bóng Chảo Lửa, Phan Thúc Duyện, Phường 4, Quận Tân Bình, Thành phố Hồ Chí Minh, 72106, Việt Nam",,Phan Thúc Duyện,sport:[soccer] ;; leisure:[pitch]
update,632624bc-05db-4c38-a082-112975b9c427,246557207,directory,Trung tâm Văn hóa Thể thao Tân Bình,hcm,1,10.7945695,106.65360088606,hcm_tansonnhat,Quận Tân Bình,contains,4,pitch|sports_centre|swimming_pool,True,True,"Trung tâm Văn hóa Thể thao Tân Bình, Hẻm 86 Trường Chinh, Phường 12, Quận Tân Bình, Thành phố Hồ Chí Minh, 72106, Việt Nam",,Hẻm 86 Trường Chinh,"leisure:[sports_centre, pitch, swimming_pool] ;; sport:[tennis, swimming]"
update,ba8029d9-68d5-4f82-b93b-51563d7b71b3,246568853,directory,Trường Cao đẳng Lý Tự Trọng,hcm,1,10.7976013,106.655632376872,hcm_tansonnhat,Quận Tân Bình,contains,1|2,pitch,True,True,"Trường Cao đẳng Lý Tự Trọng, 390, Hoàng Văn Thụ, Phường 4, Quận Tân Bình, Thành phố Hồ Chí Minh, 72106, Việt Nam",390,Hoàng Văn Thụ,"leisure:[pitch] ;; sport:[soccer, basketball]"
update,1f38734c-9e52-4293-8713-b934c89c0711,246559021,directory,Trường THPT Nguyễn Thượng Hiền,hcm,1,10.7932827,106.654816896349,hcm_tansonnhat,Quận Tân Bình,contains,1,pitch|sports_centre,True,True,"Trường THPT Nguyễn Thượng Hiền, 649, Hoàng Văn Thụ, Phường 4, Quận Tân Bình, Thành phố Hồ Chí Minh, 72106, Việt Nam",649,Hoàng Văn Thụ,"grades:[10-12] ;; wikidata:[Q7022986] ;; wikipedia:[vi:Trường Trung học phổ thông Nguyễn Thượng Hiền] ;; leisure:[sports_centre, pitch] ;; sport:[swimming, soccer]"
update,0512d3b2-1a92-422b-9ff7-c80b4258001f,246529909,directory,,hcm,1,10.8064227586908,106.618697032033,hcm_tansonnhi,Quận Tân Phú,contains,4,pitch,True,True,"Đường D2, Phường Sơn Kỳ, Quận Tân Phú, Thành phố Hồ Chí Minh, 72011, Việt Nam",,Đường D2,oneway:[-1] ;; leisure:[pitch] ;; sport:[tennis]
update,b9ea9a15-228c-45c6-9ab5-bc02cb184089,246570628,directory,,hcm,1,10.79633375,106.63655980305,hcm_tansonnhi,Quận Tân Bình,contains,,swimming_pool,False,True,"869, Đường Âu Cơ, Phường 14, Quận Tân Bình, Thành phố Hồ Chí Minh, Huyện Tân Phú, 70500, Việt Nam",869,Đường Âu Cơ,layer:[1] ;; leisure:[swimming_pool]
update,d09bbebc-867b-4fab-9e2b-77964d1bc15d,246537787,directory,,hcm,1,10.8068544163346,106.620189458224,hcm_tansonnhi,Quận Tân Phú,contains,1,pitch,True,True,"Đường Bờ Bao, Phường Sơn Kỳ, Quận Tân Phú, Thành phố Hồ Chí Minh, 72011, Việt Nam",,Đường Bờ Bao,leisure:[pitch] ;; sport:[soccer]
update,c40eb598-8b33-4503-a699-abd6e98f7b30,246573837,directory,Chung cư The Garden,hcm,1,10.80133615,106.626049979495,hcm_tansonnhi,Quận Tân Phú,contains,,swimming_pool,False,True,"Chung cư The Garden, 295, Tân Kỳ Tân Quý, Phường Tân Sơn Nhì, Quận Tân Phú, Thành phố Hồ Chí Minh, 72011, Việt Nam",295,Tân Kỳ Tân Quý,leisure:[swimming_pool]
update,3cc3a830-a551-4e09-ae87-fb8264a64807,246527643,directory,Hủ Tiếu Bảo Ngọc,hcm,1,10.807217,106.6190595,hcm_tansonnhi,Quận Tân Phú,contains,2|4,pitch,True,True,"Hủ Tiếu Bảo Ngọc, 76, Đường Bờ Bao, Phường Sơn Kỳ, Quận Tân Phú, Thành phố Hồ Chí Minh, 72011, Việt Nam",76,Đường Bờ Bao,"phone:[+84 938 181 879] ;; cuisine:[vietnamese] ;; self_service:[no] ;; opening_hours:[Mo-Su 06:30-20:00] ;; internet_access:[wlan] ;; leisure:[pitch] ;; sport:[basketball, tennis]"
update,835c52b8-29f7-4650-9f59-518d20ae2e13,246525523,directory,Nhà mẫu Celadon City Gamuda Land,hcm,1,10.80469525,106.620479896348,hcm_tansonnhi,Quận Tân Phú,contains,1,pitch|swimming_pool,True,True,"Nhà mẫu Celadon City Gamuda Land, Đường Tân Thạnh, Phường Sơn Kỳ, Quận Tân Phú, Thành phố Hồ Chí Minh, 72011, Việt Nam",,Đường Tân Thạnh,"leisure:[pitch, swimming_pool] ;; sport:[soccer]"
update,d108b0f5-17eb-45ab-89df-3f377068378c,246543704,directory,Sân bóng đá Sport Plus WeSport,hcm,1,10.8049534,106.612237774726,hcm_tansonnhi,Quận Tân Phú,contains,1,sports_centre,True,True,"Sân bóng đá Sport Plus WeSport, Đường Tân Thạnh, Phường Sơn Kỳ, Quận Tân Phú, Thành phố Hồ Chí Minh, 71913, Việt Nam",,Đường Tân Thạnh,sport:[soccer] ;; leisure:[sports_centre]
update,d7c5d183-d0ef-4f05-b86b-668233a0deda,246525351,directory,Trường TH - THCS - THPT Lê Thánh Tông,hcm,1,10.80576225,106.621215580363,hcm_tansonnhi,Quận Tân Phú,contains,1,pitch|swimming_pool,True,True,"Trường TH - THCS - THPT Lê Thánh Tông, 22, Đường Bờ Bao Tân Thắng, Phường Sơn Kỳ, Quận Tân Phú, Thành phố Hồ Chí Minh, 72011, Việt Nam",22,Đường Bờ Bao Tân Thắng,"leisure:[pitch, swimming_pool] ;; sport:[soccer]"
update,bb1db652-90fe-4a41-948b-67b8880c5d8e,246529038,directory,Trường THPT Lê Trọng Tấn,hcm,1,10.8069392,106.617857891933,hcm_tansonnhi,Quận Tân Phú,contains,1,pitch,True,True,"Trường THPT Lê Trọng Tấn, 5, Đường D2, Phường Sơn Kỳ, Quận Tân Phú, Thành phố Hồ Chí Minh, 72011, Việt Nam",5,Đường D2,grades:[10-12] ;; website:[https://thptletrongtan.hcm.edu.vn/] ;; leisure:[pitch] ;; sport:[soccer]
update,13ac8263-cf1b-4cf2-8e81-8cd3afc7be16,246575320,directory,Trường Tiểu học Tân Sơn Nhì,hcm,1,10.79853925,106.636830070278,hcm_tansonnhi,Quận Tân Phú,contains,1,pitch,True,True,"Trường Tiểu học Tân Sơn Nhì, 905/4, Đường Đặng Thế Phong, Phường Tân Sơn Nhì, Quận Tân Phú, Thành phố Hồ Chí Minh, 72011, Việt Nam",,Đường Đặng Thế Phong,leisure:[pitch] ;; sport:[soccer]
update,041ddcb0-f1de-4bcb-b5fc-ada003a095e5,246525913,directory,Hồ bơi Nhất Lan 2,hcm,1,10.7539464,106.59316155,hcm_tantao,Quận Bình Tân,contains,,swimming_pool,False,True,"Hồ bơi Nhất Lan 2, Đường số 57, Phường Tân Tạo, Quận Bình Tân, Thành phố Hồ Chí Minh, 73118, Việt Nam",,Đường số 57,leisure:[swimming_pool]
update,f4d94c4f-e34e-4d6f-aa79-8668e8bb7343,246535786,directory,Trường Mầm non Tân Tạo A,hcm,1,10.75105135,106.589503144338,hcm_tantao,Quận Bình Tân,contains,4,pitch,True,True,"Trường Mầm non Tân Tạo A, 15, Bờ Tuyến, Phường Tân Tạo A, Quận Bình Tân, Thành phố Hồ Chí Minh, 73118, Việt Nam",15,Bờ Tuyến,leisure:[pitch] ;; sport:[tennis]
update,4296851e-6bb7-4ba8-92db-3d396df1e9b1,246706818,directory,Trường mầm non Mặt Trời Nhỏ,hcm,1,10.74417535,106.598097064969,hcm_tantao,Quận Bình Tân,contains,1,pitch,True,True,"Trường mầm non Mặt Trời Nhỏ, Lê Đức Anh, Phường Tân Tạo, Quận Bình Tân, Thành phố Hồ Chí Minh, 73118, Việt Nam",,Lê Đức Anh,leisure:[pitch] ;; sport:[soccer]
update,4602b103-28a9-4aab-91b0-b80b51e8c7f7,246594056,directory,,hcm,1,10.8718308327325,106.641303634415,hcm_tanthoihiep,Quận 12,contains,1,pitch,True,True,"Hẻm 32 Trần Thị Do, Phường Hiệp Thành, Quận 12, Thành phố Hồ Chí Minh, 71500, Việt Nam",,Hẻm 32 Trần Thị Do,leisure:[pitch] ;; sport:[soccer]
update,7148cf12-4750-4c93-be8a-0fb2ef4f0e35,246603046,directory,,hcm,1,10.8730543433131,106.641985579726,hcm_tanthoihiep,Quận 12,contains,4,pitch,True,True,"Hẻm 40 Trần Thị Do, Phường Hiệp Thành, Quận 12, Thành phố Hồ Chí Minh, 71500, Việt Nam",,Hẻm 40 Trần Thị Do,leisure:[pitch] ;; sport:[tennis]
update,96ecc317-dc61-4b53-b6f7-b29316b4a03d,246578823,directory,,hcm,1,10.8664625086043,106.640772877001,hcm_tanthoihiep,Quận 12,contains,1,pitch,True,True,"Tân Thới Hiệp 09, Phường Tân Thới Hiệp, Quận 12, Thành phố Hồ Chí Minh, 71500, Việt Nam",,Tân Thới Hiệp 09,leisure:[pitch] ;; sport:[soccer]
update,e9ad0c94-fe79-4bf6-9e3e-9f172b34d40f,246591785,directory,,hcm,1,10.8720131809071,106.642343778546,hcm_tanthoihiep,Quận 12,contains,1,pitch,True,True,"Phường Hiệp Thành, Quận 12, Thành phố Hồ Chí Minh, 71500, Việt Nam",,,leisure:[pitch] ;; sport:[soccer]
update,64c9bc13-5654-40ab-89cf-1ee2a251007b,246585909,directory,Công an phường Tân Thới Hiệp,hcm,1,10.86737125,106.64179309549,hcm_tanthoihiep,Quận 12,contains,4,pitch,True,True,"Công an phường Tân Thới Hiệp, Đường Nguyễn Thị Đặng, Phường Tân Thới Hiệp, Quận 12, Thành phố Hồ Chí Minh, 71500, Việt Nam",,Đường Nguyễn Thị Đặng,building:[yes] ;; leisure:[pitch] ;; sport:[tennis]
update,bb889680-d479-4454-90d5-30cb749af590,246594113,directory,Nhà thi đấu quận 12,hcm,1,10.87381805,106.638492419623,hcm_tanthoihiep,Quận 12,contains,3,sports_centre,True,True,"Nhà thi đấu quận 12, Dương Thị Mười, Phường Hiệp Thành, Quận 12, Thành phố Hồ Chí Minh, 71716, Việt Nam",,Dương Thị Mười,phone:[+84396916078] ;; sport:[badminton] ;; building:[yes] ;; leisure:[sports_centre]
update,aaeaf6dd-20dc-4fa2-8a08-f4531e848c74,246618288,directory,Nhà thiếu nhi Quận 12,hcm,1,10.87808095,106.635035190053,hcm_tanthoihiep,Quận 12,contains,1,pitch,True,True,"Nhà thiếu nhi Quận 12, 100, Đường Nguyễn Văn Vân, Phường Hiệp Thành, Quận 12, Thành phố Hồ Chí Minh, 71716, Việt Nam",100,Đường Nguyễn Văn Vân,leisure:[pitch] ;; sport:[soccer]
update,3ad61ebd-a659-4001-a7e7-c63c5242fd1f,246603012,directory,Trường THPT Võ Trường Toản,hcm,1,10.87242705,106.645339487711,hcm_tanthoihiep,Quận 12,contains,1,pitch|swimming_pool,True,True,"Trường THPT Võ Trường Toản, 482, Nguyễn Thị Đặng, Phường Hiệp Thành, Quận 12, Thành phố Hồ Chí Minh, 71500, Việt Nam",482,Nguyễn Thị Đặng,"grades:[10-12] ;; leisure:[pitch, swimming_pool] ;; sport:[soccer]"
update,094da5ff-52ca-4024-a94f-1b4ba93fd273,246550654,directory,,hcm,1,10.7518135952362,106.726783091974,hcm_tanthuan,Quận 7,contains,4,pitch,True,True,"Hẻm 296/39 Huỳnh Tấn Phát, Phường Tân Thuận Tây, Quận 7, Thành phố Hồ Chí Minh, 71800, Việt Nam",,Hẻm 296/39 Huỳnh Tấn Phát,service:[alley] ;; motorcycle:[yes] ;; motor_vehicle:[no] ;; leisure:[pitch] ;; sport:[tennis]
update,639475cd-6072-4b1e-a054-5e4808ec7733,246682397,directory,,hcm,1,10.7428165536044,106.735738433025,hcm_tanthuan,Quận 7,contains,4,pitch,True,True,"Đường D6, Quận 7, Thành phố Hồ Chí Minh, 71800, Việt Nam",,Đường D6,leisure:[pitch] ;; sport:[tennis]
update,6d2143ba-3a80-41ae-962a-0f94b7a9284e,246552764,directory,,hcm,1,10.751234,106.7219474,hcm_tanthuan,Quận 7,contains,4,pitch,True,True,"Phường Tân Thuận Tây, Quận 7, Thành phố Hồ Chí Minh, 71800, Việt Nam",,,surface:[asphalt] ;; leisure:[pitch] ;; sport:[tennis]
update,9665dccd-3203-4172-9fdc-d0ddb43ecc78,246552979,directory,,hcm,1,10.7521129391667,106.730682571078,hcm_tanthuan,Quận 7,contains,4,pitch,True,True,"Đường Số 2, Phường Tân Thuận Đông, Quận 7, Thành phố Hồ Chí Minh, 71800, Việt Nam",,Đường Số 2,leisure:[pitch] ;; sport:[tennis]
update,9cd43a6b-f545-4412-b308-4af7e445c802,246545499,directory,,hcm,1,10.7738390298443,106.738719136776,hcm_tanthuan,Quận 7,contains,4,pitch,True,True,"Phường Tân Thuận Đông, Quận 7, Thành phố Hồ Chí Minh, 71150, Việt Nam",,,leisure:[pitch] ;; sport:[tennis]
update,28f488d4-53f3-4141-8770-ffc2b65ae5c2,246673651,directory,Block B,hcm,1,10.7438764,106.736629411869,hcm_tanthuan,Quận 7,contains,,swimming_pool,False,True,"Block B, Đường Số 11, Phường Tân Thuận Đông, Quận 7, Thành phố Hồ Chí Minh, 71800, Việt Nam",,Đường Số 11,leisure:[swimming_pool]
update,e1e783e5-d1c9-42e3-aeb6-8dd0db52ca46,246673933,directory,Block B,hcm,1,10.7387978,106.729048698245,hcm_tanthuan,Quận 7,contains,4,pitch,True,True,"Block B, Hẻm 20 Nguyễn Thị Thập, Phường Bình Thuận, Quận 7, Thành phố Hồ Chí Minh, 71800, Việt Nam",,Hẻm 20 Nguyễn Thị Thập,leisure:[pitch] ;; sport:[tennis]
update,c4986531-1a1a-468c-a416-eedfb1f89f13,246685233,directory,Khu Dân Cư Nam Long,hcm,1,10.742674,106.734876,hcm_tanthuan,Quận 7,contains,4,pitch|sports_centre,True,True,"Khu Dân Cư Nam Long, Quận 7, Thành phố Hồ Chí Minh, 71800, Việt Nam",,,"leisure:[sports_centre, pitch] ;; sport:[tennis]"
update,833f36f9-48a3-40ba-9363-8acb309c41de,246555014,directory,Khu chế xuất Tân Thuận,hcm,1,10.7653687100752,106.748553350496,hcm_tanthuan,Quận 7,contains,1,pitch,True,True,"Khu chế xuất Tân Thuận, Quận 7, Thành phố Hồ Chí Minh, 71150, Việt Nam",,,oneway:[no] ;; leisure:[pitch] ;; sport:[soccer]
update,9638d89d-0fdb-4bf1-b247-eabb1b62133f,246688955,directory,Lẩu cá đuối Hai Béo,hcm,1,10.7430941,106.7351789,hcm_tanthuan,Quận 7,contains,,swimming_pool,True,True,"Lẩu cá đuối Hai Béo, 106, Đường Trần Trọng Cung, Phường Tân Thuận Đông, Quận 7, Thành phố Hồ Chí Minh, 71800, Việt Nam",106,Đường Trần Trọng Cung,"image:[https://encrypted-tbn0.gstatic.com/images?q=tbn:ANd9GcSArphA7QgoNa5MHunKYiPmBO0-gC3-9uaKEg&s] ;; phone:[0905430911] ;; cuisine:[vietnamese, noodle, lẩu_thái, grilled_fish, steamed_fish, stir-fried_vegetables, hotpot] ;; smoking:[outside] ;; toilets:[yes] ;; delivery:[yes] ;; takeaway:[yes] ;; diet:beef:[yes] ;; diet:fish:[yes] ;; wheelchair:[yes] ;; diet:noodle:[yes] ;; diet:seafood:[yes] ;; payment:cash:[yes] ;; opening_hours:[Mo-Su 17:00-22:00] ;; payment:coins:[yes] ;; payment:vietqr:[yes] ;; internet_access:[wlan] ;; outdoor_seating:[yes] ;; payment:onchain:[yes] ;; internet_access:fee:[customers] ;; payment:cryptocurrencies:[yes] ;; leisure:[swimming_pool] ;; sport:[swimming]"
update,8d67a843-9c9f-4731-b311-6297e0d8a9fb,246679602,directory,Nhà thi đấu đa năng Quận 7,hcm,1,10.74146,106.729280820693,hcm_tanthuan,Quận 7,contains,,sports_centre,False,True,"Nhà thi đấu đa năng Quận 7, 504-506, Đường Huỳnh Tấn Phát, Phường Bình Thuận, Quận 7, Thành phố Hồ Chí Minh, 71800, Việt Nam",,Đường Huỳnh Tấn Phát,building:[yes] ;; leisure:[sports_centre]
update,7c1c0188-ce2c-4e23-82a4-689147889ad1,246684686,directory,Saigon Sports Club,hcm,1,10.73943035,106.72913563705,hcm_tanthuan,Quận 7,contains,4,pitch|sports_centre|swimming_pool,True,True,"Saigon Sports Club, Hẻm 514b Huỳnh Tấn Phát, Phường Bình Thuận, Quận 7, Thành phố Hồ Chí Minh, 71800, Việt Nam",,Hẻm 514b Huỳnh Tấn Phát,"sport:[gymnastics, tennis, swimming] ;; leisure:[sports_centre, pitch, swimming_pool]"
update,c2e4150d-8936-4f6e-9b14-c2196271aaae,246690278,directory,Sân bóng chuyền ngoài trời NTĐ Quận 7,hcm,1,10.74124965,106.728967796009,hcm_tanthuan,Quận 7,contains,,pitch,True,True,"Sân bóng chuyền ngoài trời NTĐ Quận 7, Hẻm 502/11 Đường Huỳnh Tấn Phát, Phường Bình Thuận, Quận 7, Thành phố Hồ Chí Minh, 71800, Việt Nam",,Hẻm 502/11 Đường Huỳnh Tấn Phát,sport:[volleyball] ;; leisure:[pitch]
update,92b73e61-8a56-4bbe-90a1-4f3c0b27e8d4,246554896,directory,Trung tâm Hoạt động Công Nhân,hcm,1,10.75238185,106.729848246485,hcm_tanthuan,Quận 7,contains,,swimming_pool,False,True,"Trung tâm Hoạt động Công Nhân, Tân Thuận, Phường Tân Thuận Đông, Quận 7, Thành phố Hồ Chí Minh, 71800, Việt Nam",,Tân Thuận,leisure:[swimming_pool]
update,12e4dcb8-1de1-43c5-8ae8-eb7405679d1a,246552408,directory,VNG Campus Swimming Pool,hcm,1,10.75899555,106.746012553031,hcm_tanthuan,Quận 7,contains,,swimming_pool,False,True,"VNG Campus Swimming Pool, Tân Thuận, Phường Tân Thuận Đông, Quận 7, Thành phố Hồ Chí Minh, 71800, Việt Nam",,Tân Thuận,location:[outdoor] ;; swimming_pool:[swimming_pool] ;; leisure:[swimming_pool]
update,d5176ac9-7a0d-4a7c-afcd-99fc986a3601,246554022,directory,sân bóng,hcm,1,10.7510071,106.7208515,hcm_tanthuan,Quận 7,contains,4,pitch|sports_centre,True,True,"sân bóng, Đường Ngô Thị Nhạn, Phường Tân Thuận Tây, Quận 7, Thành phố Hồ Chí Minh, 71800, Việt Nam",,Đường Ngô Thị Nhạn,"leisure:[sports_centre, pitch] ;; sport:[tennis]"
update,74330682-ae2a-4eae-9723-cc5b5e5f1b72,246536034,directory,Trường THPT Vĩnh Lộc B,hcm,1,10.7675346,106.56612085746,hcm_tanvinhloc,,contains,1,pitch,True,True,"Trường THPT Vĩnh Lộc B, Đường số 3, Thành phố Hồ Chí Minh, Việt Nam",,Đường số 3,grades:[10-12] ;; leisure:[pitch] ;; sport:[soccer]
update,1feb77a4-6f4c-437a-8aa2-9b0f4bc702f1,246576664,directory,,hcm,1,10.817753198245,106.627103632591,hcm_taythanh,Quận Tân Phú,contains,4,pitch,True,True,"Tây Thạnh, Phường Tây Thạnh, Quận Tân Phú, Thành phố Hồ Chí Minh, 71509, Việt Nam",,Tây Thạnh,lanes:[4] ;; oneway:[yes] ;; surface:[asphalt] ;; leisure:[pitch] ;; sport:[tennis]
update,7b6c7d4e-fd21-476b-ab03-3184772ff9dd,246530926,directory,,hcm,1,10.8074262084856,106.610222359752,hcm_taythanh,Quận Tân Phú,contains,4,pitch,True,True,"Đường CN13, Phường Sơn Kỳ, Quận Tân Phú, Thành phố Hồ Chí Minh, 71913, Việt Nam",,Đường CN13,oneway:[yes] ;; leisure:[pitch] ;; sport:[tennis]
update,e490ed69-3cb1-4ac4-b769-f0f85d7fdf1b,246592975,directory,,hcm,1,10.8180840798077,106.622633195395,hcm_taythanh,Quận Tân Phú,contains,4,pitch|swimming_pool,True,True,"Đường CN5, Phường Tây Thạnh, Quận Tân Phú, Thành phố Hồ Chí Minh, 71509, Việt Nam",,Đường CN5,"leisure:[pitch, swimming_pool] ;; sport:[tennis]"
update,fdee2b00-d807-4808-b033-2a83c4212db3,246597680,directory,,hcm,1,10.8154623065379,106.620999346315,hcm_taythanh,Quận Tân Phú,contains,,swimming_pool,False,True,"Đường C8, Quận Tân Phú, Thành phố Hồ Chí Minh, 71913, Việt Nam",,Đường C8,leisure:[swimming_pool]
update,0d440c52-818f-4f58-8713-9384aee567d8,246515590,directory,Chung cư Sơn Kỳ 2,hcm,1,10.8063039,106.61124663883,hcm_taythanh,Quận Tân Phú,contains,4,pitch,True,True,"Chung cư Sơn Kỳ 2, Đường DC13, Phường Sơn Kỳ, Quận Tân Phú, Thành phố Hồ Chí Minh, 71913, Việt Nam",,Đường DC13,building:levels:[10] ;; leisure:[pitch] ;; sport:[tennis]
update,288739b5-7d6c-4b89-9886-b58d45a1a3dd,246519801,directory,Câu lạc bộ Văn hóa Thể thao Tanimex,hcm,1,10.808454,106.611485188884,hcm_taythanh,Quận Tân Phú,contains,4,pitch|sports_centre,True,True,"Câu lạc bộ Văn hóa Thể thao Tanimex, Đường CN13, Phường Sơn Kỳ, Quận Tân Phú, Thành phố Hồ Chí Minh, 71913, Việt Nam",,Đường CN13,"sport:[tennis] ;; barrier:[wall] ;; leisure:[sports_centre, pitch]"
update,ced8a8d2-68ee-4006-b462-ac547cd27587,401014203,directory,Sân cầu lông Tây Thạnh,hcm,1,10.8101289,106.626599098902,hcm_taythanh,Quận Tân Phú,contains,3,pitch,True,True,"Sân cầu lông Tây Thạnh, Hẻm 56 Nguyễn Hữu Tiến, Phường Tây Thạnh, Quận Tân Phú, Thành phố Hồ Chí Minh, 72011, Việt Nam",,Hẻm 56 Nguyễn Hữu Tiến,sport:[badminton] ;; leisure:[pitch]
update,df52ba6c-5cb7-4144-be55-a841bd09dcb2,401013904,directory,Trung tâm VH - TDTT Quận Tân Phú,hcm,1,10.8104797,106.626458883273,hcm_taythanh,Quận Tân Phú,contains,2|3|4,swimming_pool,True,True,"Trung tâm VH - TDTT Quận Tân Phú, 97, Đường Dương Đức Hiền, Phường Tây Thạnh, Quận Tân Phú, Thành phố Hồ Chí Minh, 70000, Việt Nam",97,Đường Dương Đức Hiền,"sport:[swimming, tennis, volleyball, gymnastics, badminton, basketball] ;; building:[yes] ;; opening_hours:[Mo-Su 07:00-22:00] ;; leisure:[swimming_pool]"
update,ed83de85-cf49-4411-b196-9b06624bdbdc,246598167,directory,Trường THCS Lê Lợi,hcm,1,10.81364425,106.621732694152,hcm_taythanh,Quận Tân Phú,contains,1,pitch,True,True,"Trường THCS Lê Lợi, 47, Đường S11, Phường Tây Thạnh, Quận Tân Phú, Thành phố Hồ Chí Minh, 71913, Việt Nam",47,Đường S11,leisure:[pitch] ;; sport:[soccer]
update,7ceb8ae9-c58e-463a-b1ce-100cb4f8ce41,246592244,directory,Trường THPT Tây Thạnh,hcm,1,10.81404385,106.622212142228,hcm_taythanh,Quận Tân Phú,contains,,swimming_pool,True,True,"Trường THPT Tây Thạnh, 27, Đường C2, Phường Tây Thạnh, Quận Tân Phú, Thành phố Hồ Chí Minh, 71913, Việt Nam",27,Đường C2,grades:[10-12] ;; website:[https://thpttaythanh.hcm.edu.vn/] ;; leisure:[swimming_pool] ;; sport:[swimming]
update,f4e239a2-ae3c-49d8-ac2c-e02820558638,246584793,directory,Trường Đại học Công Thương TP.HCM (cơ sở 3),hcm,1,10.8088989,106.629796419336,hcm_taythanh,Quận Tân Phú,contains,1,pitch,True,True,"Trường Đại học Công Thương TP.HCM (cơ sở 3), Đường Phạm Ngọc Thảo, Phường Tây Thạnh, Quận Tân Phú, Thành phố Hồ Chí Minh, 72011, Việt Nam",,Đường Phạm Ngọc Thảo,leisure:[pitch] ;; sport:[soccer]
update,dc8b5387-8e0d-4e32-aba6-2b1380791e0c,246224022,directory,Trường THPT Quang Trung,hcm,1,11.00273465,106.424945535451,hcm_thaimy,,contains,,pitch,True,True,"Trường THPT Quang Trung, Tỉnh lộ 7, Thành phố Hồ Chí Minh, Việt Nam",,Tỉnh lộ 7,grades:[10-12] ;; leisure:[pitch] ;; sport:[volleyball]
update,a2dfd202-b325-443e-8db9-62f72117ccef,246547613,directory,"Boulevard 2, City Garden",hcm,1,10.794093,106.711885838431,hcm_thanhmytay,Quận Bình Thạnh,contains,,swimming_pool,False,True,"Boulevard 2, City Garden, 59, Ngô Tất Tố, Phường 19, Quận Bình Thạnh, Thành phố Hồ Chí Minh, 72508, Việt Nam",59,Ngô Tất Tố,layer:[1] ;; building:levels:[27] ;; leisure:[swimming_pool]
update,ebc9c913-1161-438c-851a-7d699c4b2a85,246558857,directory,Central 2,hcm,1,10.79100225,106.721449704798,hcm_thanhmytay,Quận Bình Thạnh,contains,,swimming_pool,False,True,"Central 2, Hẻm 132 Nguyễn Hữu Cảnh, Phường 22, Quận Bình Thạnh, Thành phố Hồ Chí Minh, 71108, Việt Nam",,Hẻm 132 Nguyễn Hữu Cảnh,height:[180] ;; building:levels:[47] ;; building:levels:underground:[3] ;; leisure:[swimming_pool]
update,834ed8dc-aeba-40ce-bcb9-412342e6738e,246552898,directory,Central 3,hcm,1,10.79299475,106.720369624222,hcm_thanhmytay,Quận Bình Thạnh,contains,,swimming_pool,False,True,"Central 3, Đường Vạn Hoa 3, Quận Bình Thạnh, Thành phố Hồ Chí Minh, 71108, Việt Nam",,Đường Vạn Hoa 3,height:[175] ;; building:levels:[47] ;; leisure:[swimming_pool]
update,4ed51d1f-63f6-4324-b92d-6e5e07d0c41c,246559370,directory,Chợ Văn Thánh,hcm,1,10.8018378,106.720806056601,hcm_thanhmytay,Quận Bình Thạnh,contains,4,pitch,True,True,"Chợ Văn Thánh, Hẻm 152 Nguyễn Văn Thương, Phường 25, Quận Bình Thạnh, Thành phố Hồ Chí Minh, 72508, Việt Nam",,Hẻm 152 Nguyễn Văn Thương,building:[commercial] ;; opening_hours:[Mo-Su 04:30-20:00] ;; leisure:[pitch] ;; sport:[tennis]
update,accb6807-b8c0-4411-a274-84ba1742797d,246560637,directory,Khu Du Lịch Tân Cảng,hcm,1,10.8002591,106.725074394347,hcm_thanhmytay,Quận Bình Thạnh,contains,4,pitch,True,True,"Khu Du Lịch Tân Cảng, Điện Biên Phủ, Phường 25, Quận Bình Thạnh, Thành phố Hồ Chí Minh, 72508, Việt Nam",,Điện Biên Phủ,leisure:[pitch] ;; sport:[tennis]
update,ad8d0d86-84a6-402c-93cd-dfc7ff51faaa,246559705,directory,Landmark Plus,hcm,1,10.79493525,106.719546929243,hcm_thanhmytay,Quận Bình Thạnh,contains,,swimming_pool,False,True,"Landmark Plus, Hẻm 180/45 Đường Nguyễn Hữu Cảnh, Phường 22, Quận Bình Thạnh, Thành phố Hồ Chí Minh, 72508, Việt Nam",,Hẻm 180/45 Đường Nguyễn Hữu Cảnh,leisure:[swimming_pool]
update,eb5215b2-926b-46d7-833f-8d31c3222fe7,246565100,directory,Nhà Hàng Trang Đỏ,hcm,1,10.797848,106.714665,hcm_thanhmytay,Quận Bình Thạnh,contains,4,pitch,True,True,"Nhà Hàng Trang Đỏ, Hẻm 294/120 Xô viết Nghệ Tĩnh, Phường 19, Quận Bình Thạnh, Thành phố Hồ Chí Minh, 72508, Việt Nam",,Hẻm 294/120 Xô viết Nghệ Tĩnh,leisure:[pitch] ;; sport:[tennis]
update,165478ae-2cd2-45ea-817d-292af73a6b51,246555872,directory,Park 1,hcm,1,10.79105755,106.722245446848,hcm_thanhmytay,Quận Bình Thạnh,contains,,swimming_pool,False,True,"Park 1, Trần Trọng Kim, Phường 22, Quận Bình Thạnh, Thành phố Hồ Chí Minh, 71108, Việt Nam",,Trần Trọng Kim,height:[180] ;; building:levels:[50] ;; leisure:[swimming_pool]
update,ab0c0fb7-b410-4b58-ab24-d95dad53e667,246560430,directory,Park 2,hcm,1,10.7915569,106.722506396184,hcm_thanhmytay,Quận Bình Thạnh,contains,,swimming_pool,False,True,"Park 2, 208, Nguyễn Hữu Cảnh, Phường 22, Quận Bình Thạnh, Thành phố Hồ Chí Minh, 72508, Việt Nam",208,Nguyễn Hữu Cảnh,height:[180] ;; building:levels:[50] ;; leisure:[swimming_pool]
update,6eb35a64-41d4-437e-9e3e-255aca7a8c8c,246557812,directory,Park 3,hcm,1,10.7921644,106.722531253112,hcm_thanhmytay,Quận Bình Thạnh,contains,,swimming_pool,False,True,"Park 3, Trần Trọng Kim, Phường 22, Quận Bình Thạnh, Thành phố Hồ Chí Minh, 71108, Việt Nam",,Trần Trọng Kim,height:[180] ;; building:levels:[50] ;; leisure:[swimming_pool]
update,2794fb3a-e40f-4e66-997a-f7ab47bbff06,246560494,directory,Park 4,hcm,1,10.7926437,106.722472,hcm_thanhmytay,Quận Bình Thạnh,contains,,swimming_pool,False,True,"Park 4, Trần Trọng Kim, Phường 22, Quận Bình Thạnh, Thành phố Hồ Chí Minh, 71108, Việt Nam",,Trần Trọng Kim,height:[180] ;; building:levels:[50] ;; leisure:[swimming_pool]
update,e5e5368b-247a-4639-acf6-cc0dc7eebefc,246564650,directory,Phòng Tập Gym California & Fitness,hcm,1,10.8000341,106.7181886,hcm_thanhmytay,Quận Bình Thạnh,contains,,sports_centre,True,True,"Phòng Tập Gym California & Fitness, 561, Điện Biên Phủ, Phường 25, Quận Bình Thạnh, Thành phố Hồ Chí Minh, 72508, Việt Nam",561,Điện Biên Phủ,sport:[gymnastics] ;; operator:[California Gym] ;; construction:[building] ;; leisure:[sports_centre]
update,5188b301-a597-42bb-ab05-000ed943fe90,246547122,directory,"Promenade 2, City Garden",hcm,1,10.79390825,106.712655744889,hcm_thanhmytay,Quận Bình Thạnh,contains,,swimming_pool,False,True,"Promenade 2, City Garden, 59, Ngô Tất Tố, Phường 19, Quận Bình Thạnh, Thành phố Hồ Chí Minh, 72508, Việt Nam",59,Ngô Tất Tố,building:levels:[30] ;; leisure:[swimming_pool]
update,b6dadaa8-4f5e-4496-ba59-18b3fa139baa,246550272,directory,Skywalk Climbing,hcm,1,10.80585795,106.717964223158,hcm_thanhmytay,Quận Bình Thạnh,contains,,sports_centre,True,True,"Skywalk Climbing, 168/42a, Hẻm 168/44 Nguyễn Gia Trí, Phường 25, Quận Bình Thạnh, Thành phố Hồ Chí Minh, 72508, Việt Nam",,Hẻm 168/44 Nguyễn Gia Trí,fee:[yes] ;; sport:[climbing] ;; website:[https://skywalkvn.com] ;; building:[yes] ;; operator:[Skywalk Climbing] ;; opening_hours:[Mo-Su 09:00-22:00] ;; leisure:[sports_centre]
update,0166a72c-558a-4128-8448-9415f8b43720,246555811,directory,Sunwah Pearl Swimming Pool,hcm,1,10.78822205,106.718138821895,hcm_thanhmytay,Quận Bình Thạnh,contains,,swimming_pool,False,True,"Sunwah Pearl Swimming Pool, Đường D9, Phường 22, Quận Bình Thạnh, Thành phố Hồ Chí Minh, 71108, Việt Nam",,Đường D9,access:[private] ;; leisure:[swimming_pool]
update,f1c185d2-25d2-4e45-b29d-2a04c0afba14,246559310,directory,Sân cỏ nhân tạo Thiên Trường,hcm,1,10.8093921,106.7172565,hcm_thanhmytay,Quận Bình Thạnh,contains,1,pitch,True,True,"Sân cỏ nhân tạo Thiên Trường, Nguyễn Gia Trí, Phường 25, Quận Bình Thạnh, Thành phố Hồ Chí Minh, 72309, Việt Nam",,Nguyễn Gia Trí,sport:[soccer] ;; leisure:[pitch]
update,5e65cacb-6463-49df-9b7f-9a98583959ca,246553980,directory,Trường Tiểu Học Vinschool,hcm,1,10.7930363,106.720725852962,hcm_thanhmytay,Quận Bình Thạnh,contains,4,pitch,True,True,"Trường Tiểu Học Vinschool, Đường Vạn Hoa 3, Quận Bình Thạnh, Thành phố Hồ Chí Minh, 71108, Việt Nam",,Đường Vạn Hoa 3,leisure:[pitch] ;; sport:[tennis]
update,bf1501d2-8437-49f9-b896-7e099f28a5d4,246558354,directory,Tòa Nhà Ruby Tower - Saigon Pearl,hcm,1,10.7898202,106.720799968637,hcm_thanhmytay,Quận Bình Thạnh,contains,,swimming_pool,False,True,"Tòa Nhà Ruby Tower - Saigon Pearl, Đường D5, Phường 22, Quận Bình Thạnh, Thành phố Hồ Chí Minh, 71108, Việt Nam",,Đường D5,height:[120] ;; building:levels:[38] ;; leisure:[swimming_pool]
update,de54dd13-d12a-4a16-a31c-67fd8412c33a,246551313,directory,Van Thanh Swimming pool,hcm,1,10.7977905,106.71446214239,hcm_thanhmytay,Quận Bình Thạnh,contains,,swimming_pool,True,True,"Van Thanh Swimming pool, Hẻm 220 Xô Viết Nghệ Tĩnh, Phường 19, Quận Bình Thạnh, Thành phố Hồ Chí Minh, 72508, Việt Nam",,Hẻm 220 Xô Viết Nghệ Tĩnh,sport:[swimming] ;; access:[customers] ;; leisure:[swimming_pool]
update,4f1ea0ee-1b91-4d8f-9ba6-33b0eec8eb4c,246560726,directory,Vinhomes Central Park,hcm,1,10.7971964863523,106.725121939073,hcm_thanhmytay,Quận Bình Thạnh,contains,3|4,pitch,True,True,"Vinhomes Central Park, Quận Bình Thạnh, Thành phố Hồ Chí Minh, 71108, Việt Nam",,,"leisure:[pitch] ;; sport:[tennis, badminton]"
update,6bbf34ce-2309-4252-a897-41aa07fba7de,246556710,directory,Vinhomes Central Park,hcm,1,10.7937818,106.722017428315,hcm_thanhmytay,Quận Bình Thạnh,contains,,swimming_pool,False,True,"Vinhomes Central Park, Vạn Hoa 4, Phường 22, Quận Bình Thạnh, Thành phố Hồ Chí Minh, 72508, Việt Nam",,Vạn Hoa 4,height:[175] ;; leisure:[swimming_pool]
update,6af6a7c9-5579-48b5-85f4-51e05fd18393,246548853,directory,Đối diện Tòa nhà Park 3 VInhomes Central Park,hcm,1,10.7916164,106.7233192,hcm_thanhmytay,Quận Bình Thạnh,contains,2|3|4,pitch,True,True,"Đối diện Tòa nhà Park 3 VInhomes Central Park, Trần Trọng Kim, Phường 22, Quận Bình Thạnh, Thành phố Hồ Chí Minh, 71108, Việt Nam",,Trần Trọng Kim,"bin:[no] ;; bus:[yes] ;; bench:[no] ;; shelter:[no] ;; public_transport:[platform] ;; leisure:[pitch] ;; sport:[tennis, badminton, basketball]"
update,2b275af0-ca68-4224-a6ba-d074991b3911,246584975,directory,Trường Tiểu học Kim Đồng,hcm,1,10.86525275,106.658097253552,hcm_thoian,Quận 12,contains,4,pitch,True,True,"Trường Tiểu học Kim Đồng, Thới An 28, Phường Thới An, Quận 12, Thành phố Hồ Chí Minh, 71500, Việt Nam",,Thới An 28,leisure:[pitch] ;; sport:[tennis]
update,60b102fd-ec8a-4a55-9891-ab5f29de7b40,246569417,directory,,hcm,1,10.8406072,106.6587657,hcm_thongtayhoi,Quận Gò Vấp,contains,,swimming_pool,True,True,"Phường 11, Quận Gò Vấp, Thành phố Hồ Chí Minh, 71500, Việt Nam",,,leisure:[swimming_pool] ;; sport:[swimming]
update,ead1a96b-a7fe-4041-b9a7-3e4a8bf5161e,246585110,directory,,hcm,1,10.846188,106.6575721,hcm_thongtayhoi,Quận Gò Vấp,contains,4,pitch,True,True,"Hẻm 15 Đường số 4, Phường 11, Quận Gò Vấp, Thành phố Hồ Chí Minh, 71500, Việt Nam",,Hẻm 15 Đường số 4,leisure:[pitch] ;; sport:[tennis]
update,fc690693-be70-4bb2-aeb7-4540765aee23,404144283,directory,Sân Tennis Quyết Tâm,hcm,1,10.8461487,106.64626735,hcm_thongtayhoi,Quận Gò Vấp,contains,4,pitch,True,True,"Sân Tennis Quyết Tâm, Hẻm 114 Phạm Văn Chiêu, Phường 8, Quận Gò Vấp, Thành phố Hồ Chí Minh, 71500, Việt Nam",,Hẻm 114 Phạm Văn Chiêu,sport:[tennis] ;; leisure:[pitch]
update,5db453b7-aead-4520-8c15-9d77a4bb930a,246585247,directory,,hcm,1,10.8464729275602,106.748151979236,hcm_thuduc,Phường Linh Đông,contains,1,pitch,True,True,"Đường số 41, Phường Linh Đông, Thành phố Thủ Đức, 71221, Việt Nam",,Đường số 41,leisure:[pitch] ;; sport:[soccer]
update,8f5887e5-a977-4eba-ad15-7c7c1962ffc1,246658639,directory,,hcm,1,10.8325170231139,106.762175524854,hcm_thuduc,Phường Trường Thọ,contains,4,pitch,True,True,"Hẻm 417 Đường Song Hành Xa Lộ Hà Nội, Khu phố 23, Phường Trường Thọ, Thành phố Thủ Đức, 71211, Việt Nam",,Hẻm 417 Đường Song Hành Xa Lộ Hà Nội,leisure:[pitch] ;; sport:[tennis]
update,f25b3e9e-2a24-4302-befa-7e0a19f3c1f5,246662858,directory,,hcm,1,10.8266912850325,106.758747751026,hcm_thuduc,Phường Trường Thọ,contains,4,pitch,True,True,"Đường Số 1, Khu phố 25, Phường Trường Thọ, Thành phố Thủ Đức, 71211, Việt Nam",,Đường Số 1,lanes:[2] ;; oneway:[yes] ;; surface:[asphalt] ;; leisure:[pitch] ;; sport:[tennis]
update,5a69e893-2ec7-4fc1-9111-94384ce4f110,246640415,directory,Hồ Bơi,hcm,1,10.85631305,106.758572349818,hcm_thuduc,Phường Linh Chiểu,contains,,swimming_pool,False,True,"Hồ Bơi, Hẻm 1072 Đường Kha Vạn Cân, Phường Linh Chiểu, Thành phố Thủ Đức, 75350, Việt Nam",,Hẻm 1072 Đường Kha Vạn Cân,leisure:[swimming_pool]
update,8f97aafd-2da0-457d-a9ef-2a0964b446f4,246653540,directory,Hồ bơi trung tâm TDTT Thủ Đức,hcm,1,10.8525598,106.76131705757,hcm_thuduc,Phường Linh Chiểu,contains,,swimming_pool,False,True,"Hồ bơi trung tâm TDTT Thủ Đức, Đường số 11, Phường Linh Chiểu, Thành phố Thủ Đức, 71221, Việt Nam",,Đường số 11,lit:[no] ;; access:[yes] ;; location:[outdoor] ;; swimming_pool:[swimming_pool] ;; leisure:[swimming_pool]
update,4d7fa23c-f1c9-4af7-b53a-0dffaa2a46a5,246651186,directory,Hội Dòng Đức Bà Truyền Giáo,hcm,1,10.8516378,106.76171619674,hcm_thuduc,Phường Linh Chiểu,contains,4,pitch,True,True,"Hội Dòng Đức Bà Truyền Giáo, Võ Văn Ngân, Khu phố 7, Phường Linh Chiểu, Thành phố Thủ Đức, 71221, Việt Nam",,Võ Văn Ngân,landuse:[religious] ;; religion:[christian] ;; leisure:[pitch] ;; sport:[tennis]
update,31751334-dddb-4fda-a706-8d5f1a83fa87,246651854,directory,Nhà Thiếu nhi Quận Thủ Đức,hcm,1,10.8509925,106.767418884235,hcm_thuduc,Phường Linh Chiểu,contains,1,pitch|swimming_pool,True,True,"Nhà Thiếu nhi Quận Thủ Đức, 281, Võ Văn Ngân, Khu phố 1, Phường Linh Chiểu, Thành phố Thủ Đức, 71221, Việt Nam",281,Võ Văn Ngân,"leisure:[pitch, swimming_pool] ;; sport:[soccer]"
update,75c9f333-c603-4d46-8052-2e5259d1e47c,246657035,directory,Nhà thi đấu,hcm,1,10.855792,106.759081049206,hcm_thuduc,Phường Linh Chiểu,contains,,sports_centre,False,True,"Nhà thi đấu, Hẻm 56, Phường Linh Chiểu, Thành phố Thủ Đức, 71221, Việt Nam",,Hẻm 56,building:[yes] ;; building:levels:[1] ;; leisure:[sports_centre]
update,bb8ae29e-236b-4d0d-b25f-882a5e3ee11c,246651000,directory,Sân Vận Động,hcm,1,10.856552,106.7589935,hcm_thuduc,Phường Linh Chiểu,contains,1,pitch,True,True,"Sân Vận Động, Hẻm 1096, Phường Linh Chiểu, Thành phố Thủ Đức, 75350, Việt Nam",,Hẻm 1096,sport:[soccer] ;; surface:[artificial_turf] ;; leisure:[pitch]
update,ccc7a5b8-d479-4e1c-a893-e297dd82649c,246658879,directory,Sân vận động,hcm,1,10.8507143,106.773031624619,hcm_thuduc,Phường Linh Chiểu,contains,,pitch,True,True,"Sân vận động, Võ Văn Ngân, Phường Linh Chiểu, Thành phố Thủ Đức, 00848, Việt Nam",,Võ Văn Ngân,sport:[multi] ;; landuse:[grass] ;; surface:[ground] ;; leisure:[pitch]
update,d5576bdf-5114-4aab-b009-f87e6d437312,246640633,directory,Trung tâm Thể dục Thể thao Quận Thủ Đức,hcm,1,10.8524837,106.7603301,hcm_thuduc,Phường Linh Chiểu,contains,1,pitch|sports_centre,True,True,"Trung tâm Thể dục Thể thao Quận Thủ Đức, 26, Đường Chương Dương, Khu phố 8, Phường Linh Chiểu, Thành phố Thủ Đức, 71221, Việt Nam",26,Đường Chương Dương,"leisure:[sports_centre, pitch] ;; sport:[soccer]"
update,05100f43-b747-49ce-9e39-b272666cab65,246641447,directory,Trung tâm Văn hóa thành phố Thủ Đức (cơ sở 2),hcm,1,10.85127035,106.761013285567,hcm_thuduc,Phường Linh Chiểu,contains,4,pitch,True,True,"Trung tâm Văn hóa thành phố Thủ Đức (cơ sở 2), Võ Văn Ngân, Khu phố 7, Phường Linh Chiểu, Thành phố Thủ Đức, 71221, Việt Nam",,Võ Văn Ngân,leisure:[pitch] ;; sport:[tennis]
update,845cedef-bd64-49e8-b836-864a4b57f937,246648284,directory,Trường THPT Nguyễn Hữu Huân,hcm,1,10.8485575,106.767998334167,hcm_thuduc,Phường Bình Thọ,contains,1,pitch,True,True,"Trường THPT Nguyễn Hữu Huân, 11, Đoàn Kết, Khu phố 2, Phường Bình Thọ, Thành phố Thủ Đức, 71221, Việt Nam",11,Đoàn Kết,grades:[10-12] ;; website:[https://thptnguyenhuuhuan.hcm.edu.vn/] ;; wikipedia:[vi:Trường Trung học phổ thông Nguyễn Hữu Huân] ;; leisure:[pitch] ;; sport:[soccer]
update,400d1173-ed27-4640-84df-2b28f5a9f876,246650973,directory,Trường Đại học Ngân hàng TP.HCM,hcm,1,10.85719885,106.762195699993,hcm_thuduc,Phường Linh Chiểu,contains,1|4,pitch,True,True,"Trường Đại học Ngân hàng TP.HCM, 56, Hoàng Diệu 2, Khu phố 4, Phường Linh Chiểu, Thành phố Thủ Đức, 75350, Việt Nam",56,Hoàng Diệu 2,"website:[https://buh.edu.vn/] ;; leisure:[pitch] ;; sport:[tennis, soccer]"
update,4ae266be-957c-4686-ae95-7dd07520befb,246640791,directory,Trường Đại học Sư phạm Kỹ thuật TP.HCM,hcm,1,10.85279065,106.772558391686,hcm_thuduc,Phường Linh Chiểu,contains,4,pitch,True,True,"Trường Đại học Sư phạm Kỹ thuật TP.HCM, 1, Võ Văn Ngân, Khu phố 16, Phường Linh Chiểu, Thành phố Thủ Đức, 00848, Việt Nam",1,Võ Văn Ngân,website:[https://www.hcmute.edu.vn/] ;; wikidata:[Q10829131] ;; wikipedia:[vi:Trường Đại học Sư phạm Kỹ thuật Thành phố Hồ Chí Minh] ;; wikimedia_commons:[Category:Ho Chi Minh City University of Technology and Education] ;; leisure:[pitch] ;; sport:[tennis]
update,8cf174a1-7aa8-49fd-98bd-c160ca60a986,246588846,directory,,hcm,1,10.8637156,106.6153834,hcm_trungmytay,Quận 12,contains,1,pitch,True,True,"Phường Trung Mỹ Tây, Quận 12, Thành phố Hồ Chí Minh, 71716, Việt Nam",,,leisure:[pitch] ;; sport:[soccer]
update,97cc26ff-7f8e-447d-87a6-fc25e3a4cfc1,246588625,directory,,hcm,1,10.8635606,106.6325042,hcm_trungmytay,Quận 12,contains,1,pitch,True,True,"Phường Tân Chánh Hiệp, Quận 12, Thành phố Hồ Chí Minh, 71507, Việt Nam",,,leisure:[pitch] ;; sport:[soccer]
update,5d692a76-4836-41de-ac0c-cf27a3e1f7a5,246590944,directory,SMS Building,hcm,1,10.8553259,106.6314421,hcm_trungmytay,Quận 12,contains,,swimming_pool,True,True,"SMS Building, Đường số 2, Phường Tân Chánh Hiệp, Quận 12, Thành phố Hồ Chí Minh, 71507, Việt Nam",,Đường số 2,leisure:[swimming_pool] ;; sport:[swimming]
update,4170d1af-69b1-42d5-9d00-da1bbf3cb640,246589603,directory,Sân banh Cây Đa,hcm,1,10.8630239,106.618904995553,hcm_trungmytay,Quận 12,contains,1,pitch,True,True,"Sân banh Cây Đa, Hẻm 550/46 Tô Ký, Phường Tân Chánh Hiệp, Quận 12, Thành phố Hồ Chí Minh, 71716, Việt Nam",,Hẻm 550/46 Tô Ký,sport:[soccer] ;; leisure:[pitch]
update,0c1efd82-cc47-4f2d-b5ed-b50dea1d76d3,246578059,directory,Sân bóng Cao đẳng Saigon Tech,hcm,1,10.8558047,106.630591750477,hcm_trungmytay,Quận 12,contains,1,pitch,True,True,"Sân bóng Cao đẳng Saigon Tech, Đường số 2, Phường Tân Chánh Hiệp, Quận 12, Thành phố Hồ Chí Minh, 71507, Việt Nam",,Đường số 2,sport:[soccer] ;; leisure:[pitch]
update,a36aeea9-437f-440e-b687-efaa6161fb97,246581532,directory,Trung tâm Thể dục thể thao Quận 12,hcm,1,10.8602037,106.616303671552,hcm_trungmytay,Quận 12,contains,4,pitch|swimming_pool,True,True,"Trung tâm Thể dục thể thao Quận 12, Trung Mỹ Tây 16, Phường Trung Mỹ Tây, Quận 12, Thành phố Hồ Chí Minh, 71716, Việt Nam",,Trung Mỹ Tây 16,"leisure:[pitch, swimming_pool] ;; sport:[tennis]"
update,cf19bc88-5482-4229-a259-8ac0d5e36077,246591507,directory,Trung tâm Văn hóa Quận 12,hcm,1,10.85554235,106.607835493186,hcm_trungmytay,Quận 12,contains,,swimming_pool,False,True,"Trung tâm Văn hóa Quận 12, Trung Mỹ Tây 2, Phường Trung Mỹ Tây, Quận 12, Thành phố Hồ Chí Minh, 71716, Việt Nam",,Trung Mỹ Tây 2,leisure:[swimming_pool]
update,fc536c11-f8f9-401a-ae0b-410aa9d03c0e,246590032,directory,Trường Cao Đằng Viễn Đông,hcm,1,10.85173965,106.628110644821,hcm_trungmytay,Quận 12,contains,1|3,pitch,True,True,"Trường Cao Đằng Viễn Đông, Tô Ký, Phường Tân Chánh Hiệp, Quận 12, Thành phố Hồ Chí Minh, 71507, Việt Nam",,Tô Ký,"leisure:[pitch] ;; sport:[badminton, soccer]"
update,5d198a6a-d52e-4db5-8899-f50fbcc3ddf9,246586987,directory,Trường Đại Học FPT,hcm,1,10.85281885,106.629359346719,hcm_trungmytay,Quận 12,contains,1,pitch,True,True,"Trường Đại Học FPT, Khu Trung tâm, Phường Tân Chánh Hiệp, Quận 12, Thành phố Hồ Chí Minh, 71507, Việt Nam",,Khu Trung tâm,leisure:[pitch] ;; sport:[soccer]
update,365a85e8-3171-4ca5-9221-21dca9e427e5,246547388,directory,,hcm,1,10.7580568997257,106.699092181186,hcm_vinhhoi,Quận 4,contains,,pitch,False,True,"Đường Số 48, Phường 2, Quận 4, Thành phố Hồ Chí Minh, 72800, Việt Nam",,Đường Số 48,lanes:[2] ;; oneway:[no] ;; surface:[asphalt] ;; leisure:[pitch]
update,d0042366-8086-4747-9551-0dc06fae97db,246552306,directory,,hcm,1,10.7588102,106.6984382,hcm_vinhhoi,Quận 4,contains,,sports_centre,False,True,"229, Đường Số 48, Phường 2, Quận 4, Thành phố Hồ Chí Minh, 72800, Việt Nam",229,Đường Số 48,leisure:[sports_centre]
update,78da4fac-92e4-4532-b114-560f2ac81c8c,246545152,directory,B2,hcm,1,10.75514695,106.700719792807,hcm_vinhhoi,Quận 4,contains,4,pitch,True,True,"B2, Đường Vĩnh Hội, Phường 3, Quận 4, Thành phố Hồ Chí Minh, 72800, Việt Nam",,Đường Vĩnh Hội,leisure:[pitch] ;; sport:[tennis]
update,f860fbaf-7dbe-4110-8608-a9111543aa2b,246551378,directory,CLB Bóng đá Khánh Hội,hcm,1,10.75645355,106.699516458616,hcm_vinhhoi,Quận 4,contains,4,pitch|sports_centre|swimming_pool,True,True,"CLB Bóng đá Khánh Hội, Đường Số 48, Phường 3, Quận 4, Thành phố Hồ Chí Minh, 72800, Việt Nam",,Đường Số 48,"leisure:[sports_centre, pitch, swimming_pool] ;; sport:[tennis, swimming]"
update,d00fc6bd-6b08-49d1-81f6-e7d9effe5c9d,246547317,directory,Lô B,hcm,1,10.7543253,106.690285910085,hcm_vinhhoi,Quận 4,contains,1,pitch,True,True,"Lô B, Hẻm 331 Tôn Thất Thuyết, Phường 1, Quận 4, Thành phố Hồ Chí Minh, 72760, Việt Nam",,Hẻm 331 Tôn Thất Thuyết,building:levels:[18] ;; leisure:[pitch] ;; sport:[soccer]
update,c7042389-1dbf-4588-9393-71a8286d790e,246563422,directory,Nhà thiếu nhi Quận 4,hcm,1,10.7586567,106.697902151219,hcm_vinhhoi,Quận 4,contains,,pitch,False,True,"Nhà thiếu nhi Quận 4, Đường Số 48, Phường 2, Quận 4, Thành phố Hồ Chí Minh, 72800, Việt Nam",,Đường Số 48,leisure:[pitch]
update,56fcf97c-9419-4370-a2ed-71f7ba2b73ee,246546135,directory,Sân bóng Khánh Hội,hcm,1,10.7568254,106.6993455,hcm_vinhhoi,Quận 4,contains,,pitch,False,True,"Sân bóng Khánh Hội, Đường Số 48, Phường 3, Quận 4, Thành phố Hồ Chí Minh, 72800, Việt Nam",,Đường Số 48,leisure:[pitch]
update,0d763aa8-704a-47f1-85a3-07353bbfbcfa,246546091,directory,WinMart+,hcm,1,10.7560655,106.7001948,hcm_vinhhoi,Quận 4,contains,4,pitch|sports_centre,True,True,"WinMart+, Đường Số 48, Phường 3, Quận 4, Thành phố Hồ Chí Minh, 72800, Việt Nam",,Đường Số 48,"brand:wikidata:[Q113236478] ;; not:brand:wikidata:[Q60245505] ;; leisure:[sports_centre, pitch] ;; sport:[tennis]"
update,e409bbe5-e934-46c9-b63b-e8df28bbfbc2,246590848,directory,Khu công nghiệp Vĩnh Lộc,hcm,1,10.8321044230172,106.587944857042,hcm_vinhloc,,contains,4,pitch,True,True,"Khu công nghiệp Vĩnh Lộc, Thành phố Hồ Chí Minh, 71914, Việt Nam",,,leisure:[pitch] ;; sport:[tennis]
update,4064c4c3-ed7b-4af5-a9d7-62e926c7b467,246571013,directory,,hcm,1,10.7861240683351,106.685543699051,hcm_xuanhoa,Quận 3,contains,4,pitch,True,True,"Hẻm 139 Lý Chính Thắng, Phường Võ Thị Sáu, Quận 3, Thành phố Hồ Chí Minh, 70150, Việt Nam",,Hẻm 139 Lý Chính Thắng,foot:[yes] ;; bicycle:[yes] ;; leisure:[pitch] ;; sport:[tennis]
update,86134c68-245d-47c6-aaf5-dab3822abae2,246565032,directory,,hcm,1,10.7857635513463,106.686120865408,hcm_xuanhoa,Quận 3,contains,4,pitch,True,True,"Hẻm 193 Nam Kỳ Khởi Nghĩa, Phường Võ Thị Sáu, Quận 3, Thành phố Hồ Chí Minh, 70150, Việt Nam",,Hẻm 193 Nam Kỳ Khởi Nghĩa,service:[alley] ;; leisure:[pitch] ;; sport:[tennis]
update,9b73e3cd-01cb-4ac6-b739-90bd1479cbba,246552043,directory,CLB Pickleball Ho Xuan Huong,hcm,1,10.7775068,106.6875875,hcm_xuanhoa,Quận 3,contains,5,pitch,True,True,"CLB Pickleball Ho Xuan Huong, Bà Huyện Thanh Quan, Phường Võ Thị Sáu, Quận 3, Thành phố Hồ Chí Minh, 70001, Việt Nam",,Bà Huyện Thanh Quan,sport:[pickleball] ;; leisure:[pitch]
update,9e8dffbb-29b6-4d61-9815-ec58cb2147da,246554599,directory,Hồ Bơi THPT Nguyễn Thị Minh Khai,hcm,1,10.77863075,106.6875631,hcm_xuanhoa,Quận 3,contains,,swimming_pool,False,True,"Hồ Bơi THPT Nguyễn Thị Minh Khai, Ngô Thời Nhiệm, Phường Võ Thị Sáu, Quận 3, Thành phố Hồ Chí Minh, 70001, Việt Nam",,Ngô Thời Nhiệm,"lit:[no] ;; access:[permissive] ;; length:[25] ;; location:[outdoor] ;; opening_hours:[Mo-Sa 17:00-20:00, Su 08:00-11:00,15:00-19:00] ;; swimming_pool:[swimming_pool] ;; leisure:[swimming_pool]"
update,a9d99564-42e3-4f44-bbc6-b717e42c3938,246560909,directory,Khách sạn La Vela Sài Gòn,hcm,1,10.7889207,106.6855343,hcm_xuanhoa,Quận 3,contains,,swimming_pool,False,True,"Khách sạn La Vela Sài Gòn, 280, Nam Kỳ Khởi Nghĩa, Phường Võ Thị Sáu, Quận 3, Thành phố Hồ Chí Minh, 70150, Việt Nam",280,Nam Kỳ Khởi Nghĩa,leisure:[swimming_pool]
update,ce8d629e-8d34-42fe-a589-996e0058b513,246552616,directory,Nhà Thi Đấu Hồ Xuân Hương,hcm,1,10.7771444,106.6876334,hcm_xuanhoa,Quận 3,contains,,sports_centre,False,True,"Nhà Thi Đấu Hồ Xuân Hương, Bà Huyện Thanh Quan, Phường Võ Thị Sáu, Quận 3, Thành phố Hồ Chí Minh, 70001, Việt Nam",,Bà Huyện Thanh Quan,leisure:[sports_centre]
update,a4114c60-7a99-4708-bf69-54d32c58bdc3,246554381,directory,Sherwood Residence,hcm,1,10.78247935,106.6929425692,hcm_xuanhoa,Quận 3,contains,,swimming_pool,False,True,"Sherwood Residence, 127, Đường Pasteur, Phường Võ Thị Sáu, Quận 3, Thành phố Hồ Chí Minh, 71006, Việt Nam",127,Đường Pasteur,leisure:[swimming_pool]
update,25fe66b8-842e-4d39-8b26-3ca14740d58c,246553613,directory,Sila Urban Living,hcm,1,10.780818,106.690593446337,hcm_xuanhoa,Quận 3,contains,,swimming_pool,False,True,"Sila Urban Living, Ngô Thời Nhiệm, Phường Võ Thị Sáu, Quận 3, Thành phố Hồ Chí Minh, 70001, Việt Nam",,Ngô Thời Nhiệm,leisure:[swimming_pool]
update,f89152f7-0816-4d70-8ce0-1beabc1c76b9,246559578,directory,Thủy đài cổ,hcm,1,10.78137415,106.695784442512,hcm_xuanhoa,Quận 3,contains,1,pitch,True,True,"Thủy đài cổ, 1, Võ Văn Tần, Phường Võ Thị Sáu, Quận 3, Thành phố Hồ Chí Minh, 71006, Việt Nam",1,Võ Văn Tần,height:[25] ;; content:[water] ;; building:[yes] ;; operator:[Tổng công ty Cấp nước Sài Gòn - SAWACO] ;; roof:shape:[hipped] ;; description:[French colonial building 1921] ;; roof:height:[4] ;; leisure:[pitch] ;; sport:[soccer]
update,36608409-bad4-4b0d-94f5-e2ce2fb096e5,246543687,directory,Trường Mầm non Thành phố,hcm,1,10.77909955,106.691496714546,hcm_xuanhoa,Quận 3,contains,,swimming_pool,False,True,"Trường Mầm non Thành phố, 4, Đường Trần Quốc Thảo, Phường Võ Thị Sáu, Quận 3, Thành phố Hồ Chí Minh, 70001, Việt Nam",4,Đường Trần Quốc Thảo,barrier:[wall] ;; leisure:[swimming_pool]
update,e9d975d0-6e47-4aa3-a169-fecb4cb1f9c1,246545834,directory,Trường THPT Nguyễn Thị Minh Khai,hcm,1,10.7789672,106.68724075671,hcm_xuanhoa,Quận 3,contains,1|2,pitch,True,True,"Trường THPT Nguyễn Thị Minh Khai, 275, Đường Điện Biên Phủ, Phường Võ Thị Sáu, Quận 3, Thành phố Hồ Chí Minh, 70000, Việt Nam",275,Đường Điện Biên Phủ,"level:[2] ;; phone:[+84 28 3933 0801] ;; grades:[10-12] ;; barrier:[wall] ;; website:[https://thptnguyenthiminhkhai.hcm.edu.vn/Default.aspx] ;; wikidata:[Q7022973] ;; wikipedia:[vi:Trường Trung học phổ thông Nguyễn Thị Minh Khai, Thành phố Hồ Chí Minh] ;; opening_hours:[Mo-Su 08:00-20:00] ;; leisure:[pitch] ;; sport:[basketball, soccer]"
update,28a05c69-84b3-419f-a104-9f8bc0ebb75b,246555531,directory,Tòa Tổng Giám mục Sài Gòn,hcm,1,10.7797885,106.690714943865,hcm_xuanhoa,Quận 3,contains,,swimming_pool,False,True,"Tòa Tổng Giám mục Sài Gòn, 180, Nguyễn Đình Chiểu, Phường Võ Thị Sáu, Quận 3, Thành phố Hồ Chí Minh, 70001, Việt Nam",180,Nguyễn Đình Chiểu,religion:[christian] ;; leisure:[swimming_pool]
update,77993d9b-32be-4124-9e27-60d6e860172d,246219198,directory,,hcm,1,11.0182745970596,106.656628800065,Định Hòa,Định Hòa,out-of-footprint,4,pitch,True,False,"Định Hòa, Thành phố Thủ Dầu Một, Tỉnh Bình Dương, 75111, Việt Nam",,,"leisure:[pitch] ;; sport:[volleyball, tennis]"
update,e483f3ba-4bdc-44e6-a3ae-7cfbf9eacbc4,227467691,directory,Thiên đường Bảo Sơn,hn,2,20.99806045,105.731845825663,hn_ankhanh,,contains,,swimming_pool,False,True,"Thiên đường Bảo Sơn, Km5+200, Đường Lê Trọng Tấn, Thành phố Hà Nội, 34000, Việt Nam",,Đường Lê Trọng Tấn,website:[https://baosonparadise.vn/] ;; leisure:[swimming_pool]
update,e0e38401-61e5-44d7-8648-e044743ba59f,227468960,directory,Trường THPT Hoài Đức B,hn,2,20.9889017,105.723558348938,hn_ankhanh,,contains,,pitch,False,True,"Trường THPT Hoài Đức B, Phố Nam Ngãi Cầu, Thành phố Hà Nội, 34000, Việt Nam",,Phố Nam Ngãi Cầu,grades:[10-12] ;; website:[https://c3hoaiducb.edu.vn] ;; leisure:[pitch]
update,9d9ab3a1-7fb1-4ba5-a0c8-055b781301ee,227372645,directory,Trường Tiểu học & THCS Vinschool Thăng Long,hn,2,21.0024702,105.717004406959,hn_ankhanh,,contains,1,pitch,True,True,"Trường Tiểu học & THCS Vinschool Thăng Long, Ngõ 16 Thanh Niên, Thành phố Hà Nội, 34000, Việt Nam",,Ngõ 16 Thanh Niên,grades:[1-9] ;; leisure:[pitch] ;; sport:[soccer]
update,571c5287-a0f4-4427-a3cf-19512487fad6,227363041,directory,,hn,2,21.0026537,105.8564308,hn_bachmai,Quận Hai Bà Trưng,contains,1|4,pitch,True,True,"159, Phố Thanh Nhàn, Phường Bạch Mai, Quận Hai Bà Trưng, Thành phố Hà Nội, 11617, Việt Nam",159,Phố Thanh Nhàn,"leisure:[pitch] ;; sport:[tennis, soccer]"
update,65166805-2d44-4256-815d-9fa1414df1b6,227388960,directory,B9,hn,2,21.0060181,105.846886951964,hn_bachmai,Quận Hai Bà Trưng,contains,1,pitch,True,True,"B9, Phố Tạ Quang Bửu, Phường Bách Khoa, Quận Hai Bà Trưng, Thành phố Hà Nội, 10999, Việt Nam",,Phố Tạ Quang Bửu,building:levels:[4] ;; leisure:[pitch] ;; sport:[soccer]
update,4652fd87-1301-48dc-8247-6e326b0d14ad,227362404,directory,Bể bơi Bách Khoa,hn,2,21.0034674,105.847212630785,hn_bachmai,Quận Hai Bà Trưng,contains,4,pitch|swimming_pool,True,True,"Bể bơi Bách Khoa, Phố Tạ Quang Bửu, Phường Bách Khoa, Quận Hai Bà Trưng, Thành phố Hà Nội, 10999, Việt Nam",,Phố Tạ Quang Bửu,"lit:[yes] ;; sport:[tennis, swimming] ;; access:[customers] ;; location:[outdoor] ;; swimming_pool:[outdoor] ;; leisure:[pitch, swimming_pool]"
update,1bb67520-6843-43e7-8d78-4496fe96f8d6,227363182,directory,Cung Tuổi Trẻ,hn,2,21.003518,105.855475525331,hn_bachmai,Quận Hai Bà Trưng,contains,4,pitch,True,True,"Cung Tuổi Trẻ, Phố Võ Thị Sáu, Phường Thanh Nhàn, Quận Hai Bà Trưng, Thành phố Hà Nội, 10053, Việt Nam",,Phố Võ Thị Sáu,building:[yes] ;; leisure:[pitch] ;; sport:[tennis]
update,a87e9d75-fcad-4868-a21e-4e4db0a77b59,227381505,directory,Cung Đình,hn,2,21.0045975,105.855762724856,hn_bachmai,Quận Hai Bà Trưng,contains,4,pitch|swimming_pool,True,True,"Cung Đình, Phố Võ Thị Sáu, Phường Thanh Nhàn, Quận Hai Bà Trưng, Thành phố Hà Nội, 10053, Việt Nam",,Phố Võ Thị Sáu,"building:[yes] ;; leisure:[pitch, swimming_pool] ;; sport:[tennis]"
update,e429f8b2-b0de-4d30-bddf-7092e3d0e835,227422306,directory,Cầu lông & Bóng bàn,hn,2,21.0007837,105.8440279,hn_bachmai,Quận Hai Bà Trưng,contains,3,sports_centre,True,True,"Cầu lông & Bóng bàn, Ngõ 87 Phố Lê Thanh Nghị, Phường Đồng Tâm, Quận Hai Bà Trưng, Thành phố Hà Nội, 10999, Việt Nam",,Ngõ 87 Phố Lê Thanh Nghị,"sport:[table_tennis, badminton] ;; leisure:[sports_centre]"
update,fb969826-1112-4c7f-a897-62d9b2197c3c,227383513,directory,Sân Bóng chuyền,hn,2,21.0005019,105.8439939,hn_bachmai,Quận Hai Bà Trưng,contains,,pitch,True,True,"Sân Bóng chuyền, Ngõ 87 Phố Lê Thanh Nghị, Phường Đồng Tâm, Quận Hai Bà Trưng, Thành phố Hà Nội, 10999, Việt Nam",,Ngõ 87 Phố Lê Thanh Nghị,sport:[volleyball] ;; leisure:[pitch]
update,3dce7809-3f11-4912-9510-875d51d5f2e1,227388571,directory,Sân Bóng rổ,hn,2,21.0004356,105.8446627,hn_bachmai,Quận Hai Bà Trưng,contains,2,pitch,True,True,"Sân Bóng rổ, Ngõ 72 Trần Đại Nghĩa, Phường Đồng Tâm, Quận Hai Bà Trưng, Thành phố Hà Nội, 10999, Việt Nam",,Ngõ 72 Trần Đại Nghĩa,sport:[basketball] ;; access:[permissive] ;; leisure:[pitch]
update,291e6bd4-f711-4e97-a69d-94668c1f701e,227362772,directory,Sân bóng rổ KTX Bách Khoa,hn,2,21.00583245,105.84619180027,hn_bachmai,Quận Hai Bà Trưng,contains,2,pitch,True,True,"Sân bóng rổ KTX Bách Khoa, Ngõ 30 Tạ Quang Bửu, Phường Bách Khoa, Quận Hai Bà Trưng, Thành phố Hà Nội, 10999, Việt Nam",,Ngõ 30 Tạ Quang Bửu,hoops:[2] ;; sport:[basketball] ;; leisure:[pitch]
update,7e48c9a0-009d-472a-9788-fd266372d379,227384160,directory,Sân vận động Bách Khoa,hn,2,21.00222435,105.847859211016,hn_bachmai,Quận Hai Bà Trưng,contains,1|2,pitch|stadium,True,True,"Sân vận động Bách Khoa, Ngách 6 Ngõ 33 Phố Lê Thanh Nghị, Phường Bách Khoa, Quận Hai Bà Trưng, Thành phố Hà Nội, 10999, Việt Nam",,Ngách 6 Ngõ 33 Phố Lê Thanh Nghị,"sport:[soccer, basketball, running, athletics, volleyball] ;; operator:[Đại học Bách khoa Hà Nội] ;; leisure:[stadium, pitch]"
update,57d62844-d7db-4986-8cef-6aa3f8640fdf,227436459,directory,Trường THCS Nguyễn Phong Sắc,hn,2,20.9973164,105.848130979361,hn_bachmai,Quận Hai Bà Trưng,contains,1|2,pitch,True,True,"Trường THCS Nguyễn Phong Sắc, 44, Ngõ Tân Lạc, Phường Đồng Tâm, Quận Hai Bà Trưng, Thành phố Hà Nội, 11617, Việt Nam",44,Ngõ Tân Lạc,"opening_hours:[Mo-Fr 08:00-17:00] ;; leisure:[pitch] ;; sport:[soccer, basketball]"
update,5209a7d6-d0cc-47ad-b802-5e706aefc381,227489284,directory,Đại học Kinh tế Quốc dân,hn,2,20.9997459,105.843497280539,hn_bachmai,Quận Hai Bà Trưng,contains,1|4,pitch,True,True,"Đại học Kinh tế Quốc dân, 207, Đường Giải Phóng, Phường Đồng Tâm, Quận Hai Bà Trưng, Thành phố Hà Nội, 10181, Việt Nam",207,Đường Giải Phóng,"wikidata:[Q6972380] ;; wikipedia:[vi:Trường Đại học Kinh tế Quốc dân] ;; leisure:[pitch] ;; sport:[tennis, soccer]"
update,89a26389-2853-4767-930d-f84867944432,227371514,directory,,hn,2,21.03420045,105.837247841702,hn_badinh,Quận Ba Đình,contains,,swimming_pool,False,True,"47, Đường Điện Biên Phủ, Phường Điện Biên, Quận Ba Đình, Thành phố Hà Nội, 10247, Việt Nam",47,Đường Điện Biên Phủ,leisure:[swimming_pool]
update,1f8f99a5-d3c0-4772-b945-8059da1df408,227382981,directory,Army Hotel,hn,2,21.03988365,105.842428447376,hn_badinh,Quận Ba Đình,contains,,swimming_pool,False,True,"Army Hotel, 1A, Đường Nguyễn Tri Phương, Phường Quán Thánh, Quận Ba Đình, Thành phố Hà Nội, 10061, Việt Nam",,Đường Nguyễn Tri Phương,bar:[yes] ;; email:[info@armyhotel.com.vn] ;; phone:[+84 24 6299 3322] ;; stars:[4] ;; landuse:[retail] ;; website:[http://armyhotel.com.vn/] ;; reservation:[yes] ;; contact:facebook:[https://www.facebook.com/armyhotelhanoi] ;; leisure:[swimming_pool]
update,92815ffb-f697-4203-873d-55c4e772d9b7,227388889,directory,Bach Thao Roller Skating Rink and Cafe,hn,2,21.04169965,105.833349074878,hn_badinh,Quận Ba Đình,contains,,pitch,True,True,"Bach Thao Roller Skating Rink and Cafe, Đường Hoàng Hoa Thám, Phường Ngọc Hà, Quận Ba Đình, Thành phố Hà Nội, 10287, Việt Nam",,Đường Hoàng Hoa Thám,sport:[roller_skating] ;; surface:[paved] ;; leisure:[pitch]
update,7a4808d5-f72e-4798-97d9-db32da8de7a7,227404302,directory,Bộ Quốc phòng,hn,2,21.03566885,105.842716997703,hn_badinh,Quận Hoàn Kiếm,contains,1|3|4,pitch,True,True,"Bộ Quốc phòng, Ngõ 67B  Phố Lý Nam Đế, Cửa Đông, Quận Hoàn Kiếm, Thành phố Hà Nội, 10061, Việt Nam",,Ngõ 67B  Phố Lý Nam Đế,"access:[private] ;; landuse:[military] ;; website:[https://www.mod.gov.vn/] ;; wikidata:[Q6866771] ;; wikipedia:[vi:Bộ Quốc phòng Việt Nam] ;; military_service:[joint] ;; leisure:[pitch] ;; sport:[tennis, soccer, badminton]"
update,a5e1a6b2-c7f1-408a-95ab-95b306e533b8,227373903,directory,Câu lạc bộ Thể thao Khuyết tật Hà Nội,hn,2,21.0332063,105.837820458965,hn_badinh,Quận Ba Đình,contains,4,pitch|sports_centre,True,True,"Câu lạc bộ Thể thao Khuyết tật Hà Nội, 1B, Phố Khúc Hạo, Phường Điện Biên, Quận Ba Đình, Thành phố Hà Nội, 10318, Việt Nam",,Phố Khúc Hạo,"sport:[tennis] ;; leisure:[sports_centre, pitch]"
update,7d036d2e-f141-4ce0-b7d6-04b2d70a0dbf,227381382,directory,Khu di tích Quân sự Hoàng thành,hn,2,21.0396409,105.840873378989,hn_badinh,Quận Ba Đình,contains,4,pitch,True,True,"Khu di tích Quân sự Hoàng thành, Phố Đặng Dung, Phường Quán Thánh, Quận Ba Đình, Thành phố Hà Nội, 10075, Việt Nam",,Phố Đặng Dung,landuse:[military] ;; leisure:[pitch] ;; sport:[tennis]
update,536f24b7-9114-4f1d-bdec-efb482eb10f5,227378930,directory,Pan Pacific Hanoi,hn,2,21.0498699,105.8398573722,hn_badinh,Quận Ba Đình,contains,,swimming_pool,False,True,"Pan Pacific Hanoi, 1, Đường Thanh Niên, Phường Trúc Bạch, Quận Ba Đình, Thành phố Hà Nội, 10000, Việt Nam",1,Đường Thanh Niên,email:[enquiry.pphan@panpacific.com] ;; phone:[+84 24 3823 8888] ;; stars:[5] ;; website:[https://www.panpacific.com/en/hotels-and-resorts/pp-hanoi.html] ;; building:[yes] ;; brand:wikidata:[Q4272131] ;; building:levels:[4] ;; building:min_level:[0] ;; leisure:[swimming_pool]
update,12972f74-082a-4a58-b964-fcd610d2b130,227388856,directory,Phủ Thủ tướng,hn,2,21.04046235,105.834200708684,hn_badinh,Quận Ba Đình,contains,4,pitch,True,True,"Phủ Thủ tướng, Đường Xoài, Phường Ngọc Hà, Quận Ba Đình, Thành phố Hà Nội, 10040, Việt Nam",,Đường Xoài,building:[yes] ;; government:[yes] ;; roof:colour:[#943D2B] ;; leisure:[pitch] ;; sport:[tennis]
update,dde9559a-08a3-4226-9336-e1384c5d6037,227381281,directory,Trung tâm Thể thao Ba Đình,hn,2,21.04225645,105.837015800179,hn_badinh,Quận Ba Đình,contains,4,pitch|sports_centre,True,True,"Trung tâm Thể thao Ba Đình, Đường Hùng Vương, Phường Quán Thánh, Quận Ba Đình, Thành phố Hà Nội, 10040, Việt Nam",,Đường Hùng Vương,"leisure:[sports_centre, pitch] ;; sport:[tennis]"
update,f9d61b28-00d4-411e-b06f-37fe54129132,227430920,directory,Trung đoàn 600 Bộ Tư lệnh Cảnh vệ,hn,2,21.0380388,105.831907828523,hn_badinh,Quận Ba Đình,contains,1|3,pitch|swimming_pool,True,True,"Trung đoàn 600 Bộ Tư lệnh Cảnh vệ, Phố Bắc Sơn, Phường Ngọc Hà, Quận Ba Đình, Thành phố Hà Nội, 10056, Việt Nam",,Phố Bắc Sơn,"police:[barracks] ;; leisure:[pitch, swimming_pool] ;; sport:[soccer, badminton]"
update,3f40fd88-b15e-4c48-aee4-e6ae1a1f3800,227382850,directory,Tổng cục Công nghiệp Quốc phòng,hn,2,21.03139635,105.841476207494,hn_badinh,Quận Ba Đình,contains,3,pitch,True,True,"Tổng cục Công nghiệp Quốc phòng, 7, Đường Nguyễn Tri Phương, Phường Điện Biên, Quận Ba Đình, Thành phố Hà Nội, 10061, Việt Nam",7,Đường Nguyễn Tri Phương,landuse:[military] ;; military:[office] ;; operator:[Bộ Quốc phòng] ;; wikidata:[Q10831781] ;; wikipedia:[vi:Tổng cục Công nghiệp Quốc phòng (Việt Nam)] ;; leisure:[pitch] ;; sport:[badminton]
update,2ea5ec8a-0147-4b10-a95f-55e101ac9873,227395752,directory,Đại sứ quán Ba Lan,hn,2,21.0346224,105.836267108222,hn_badinh,Quận Ba Đình,contains,,swimming_pool,False,True,"Đại sứ quán Ba Lan, 3, Phố Bà Huyện Thanh Quan, Phường Điện Biên, Quận Ba Đình, Thành phố Hà Nội, 10216, Việt Nam",3,Phố Bà Huyện Thanh Quan,target:[VN] ;; country:[PL] ;; embassy:[yes] ;; wikidata:[Q30909355] ;; diplomatic:[embassy] ;; leisure:[swimming_pool]
update,b73e6129-14d6-448e-9570-3ce27d16fa66,227405106,directory,Đại sứ quán Trung Quốc,hn,2,21.03217,105.837998580552,hn_badinh,Quận Ba Đình,contains,4,pitch|sports_centre,True,True,"Đại sứ quán Trung Quốc, 46, Đường Hoàng Diệu, Phường Điện Biên, Quận Ba Đình, Thành phố Hà Nội, 10330, Việt Nam",46,Đường Hoàng Diệu,"target:[VN] ;; country:[CN] ;; embassy:[yes] ;; wikidata:[Q38028632] ;; diplomatic:[embassy] ;; contact:fax:[+84 24 3823 2826] ;; contact:email:[chinaemb_vn@mfa.gov.cn] ;; contact:phone:[+84 24 3845 3736] ;; contact:website:[http://vn.china-embassy.gov.cn/] ;; leisure:[sports_centre, pitch] ;; sport:[swimming, tennis]"
update,1fe21c4c-945b-400a-8f02-cadee7fffbf5,227369568,directory,Đại sứ quán Đức,hn,2,21.030548,105.840328144543,hn_badinh,Quận Ba Đình,contains,,swimming_pool,False,True,"Đại sứ quán Đức, 27-29, Phố Trần Phú, Phường Điện Biên, Quận Ba Đình, Thành phố Hà Nội, 10247, Việt Nam",,Phố Trần Phú,"target:[VN] ;; country:[DE] ;; embassy:[yes] ;; wikidata:[Q59277899] ;; diplomatic:[embassy] ;; contact:fax:[+84 24 3843 9969] ;; contact:phone:[+84 24 3267 3335] ;; opening_hours:[Mo-Th 08:00-12:00,13:00-15:00, Fr 08:00-12:00, PH off] ;; contact:mobile:[+84 936 342 598] ;; contact:website:[https://vietnam.diplo.de/vn-vi/ueber-uns/botschaft] ;; leisure:[swimming_pool]"
update,3e44f712-0c9d-4f22-9414-3b503246680c,227439515,directory,Nghè Lê Xá,hn,2,20.9885847,105.936758626976,hn_battrang,,contains,1,pitch,True,True,"Nghè Lê Xá, Cầu Lê Xá, Thành phố Hà Nội, Việt Nam",,Cầu Lê Xá,religion:[vietnamese_folk] ;; leisure:[pitch] ;; sport:[soccer]
update,fbbd729a-3f22-4e5c-9682-a0d964a54b44,227435980,directory,Thôn 3,hn,2,20.9905746370241,105.909074830853,hn_battrang,,contains,4,pitch,True,True,"Thôn 3, Thành phố Hà Nội, 11622, Việt Nam",,,leisure:[pitch] ;; sport:[tennis]
update,3d954da7-9869-4990-a990-59ed9ffb0a44,227416581,directory,Thôn Lê Xá,hn,2,20.9838637054917,105.937778236401,hn_battrang,,contains,1,pitch,True,True,"Thôn Lê Xá, Thành phố Hà Nội, Việt Nam",,,leisure:[pitch] ;; sport:[soccer]
update,e4599501-47b1-4350-a868-581033b8c8f6,227439568,directory,Trung tâm văn hóa thể thao xã Đa Tốn,hn,2,20.9877876,105.931547120927,hn_battrang,,contains,,sports_centre,False,True,"Trung tâm văn hóa thể thao xã Đa Tốn, Đường Đào Xuyên, Thành phố Hà Nội, Việt Nam",,Đường Đào Xuyên,leisure:[sports_centre]
update,6ef39262-d2ba-4cfd-983c-2e9fa03a582c,227418952,directory,Trường THCS Đa Tốn,hn,2,20.98767095,105.932843152133,hn_battrang,,contains,1,pitch,True,True,"Trường THCS Đa Tốn, Ngõ 95 đường Đào Xuyên, Thành phố Hà Nội, Việt Nam",,Ngõ 95 đường Đào Xuyên,grades:[6-9] ;; leisure:[pitch] ;; sport:[soccer]
update,e86e61af-548d-4592-ace4-7751fdf3dfb6,227470154,directory,Trường THPT Nguyễn Văn Cừ,hn,2,20.9815984,105.921693118556,hn_battrang,,contains,,pitch,False,True,"Trường THPT Nguyễn Văn Cừ, Đường Đa Tốn, Thành phố Hà Nội, Việt Nam",,Đường Đa Tốn,grades:[10-12] ;; website:[http://www.c3nguyenvancu.edu.vn] ;; leisure:[pitch]
update,b8d1ed15-8315-4140-8d34-bd694ff0c93c,227444376,directory,Trường Tiểu học Kim Lan,hn,2,20.9617241,105.90656686224,hn_battrang,,contains,1,pitch,True,True,"Trường Tiểu học Kim Lan, Đường Kim Lan, Thành phố Hà Nội, 11622, Việt Nam",,Đường Kim Lan,grades:[1-5] ;; leisure:[pitch] ;; sport:[soccer]
update,3edc5ce4-b0ab-448b-aadb-33d3604b8606,227446011,directory,Trường THCS Cao Viên,hn,2,20.904239,105.751146696375,hn_binhminh,,contains,,pitch,False,True,"Trường THCS Cao Viên, Ngách 3 Ngõ Giữa, Thành phố Hà Nội, Việt Nam",,Ngách 3 Ngõ Giữa,grades:[6-9] ;; leisure:[pitch]
update,37864e76-8868-4231-b1fa-c4510b05d1fe,227415641,directory,,hn,2,21.032291316283,105.878438859941,hn_bode,Quận Long Biên,contains,,pitch,True,True,"Ngõ 377 Đường Lâm Du, Phường Bồ Đề, Quận Long Biên, Thành phố Hà Nội, 11023, Việt Nam",,Ngõ 377 Đường Lâm Du,surface:[asphalt] ;; leisure:[pitch] ;; sport:[racquet]
update,39894640-0f5d-434c-bf74-1ed12e753695,227385024,directory,,hn,2,21.029261143391,105.871251583661,hn_bode,Quận Long Biên,contains,1,pitch,True,True,"Phố Phú Viên, Phường Bồ Đề, Quận Long Biên, Thành phố Hà Nội, 11023, Việt Nam",,Phố Phú Viên,leisure:[pitch] ;; sport:[soccer]
update,4b751b94-c237-44fe-a586-8ecb3ddc9fd7,227405159,directory,,hn,2,21.0552257303657,105.875609881723,hn_bode,Quận Long Biên,contains,1,pitch,True,True,"Phường Thượng Thanh, Quận Long Biên, Thành phố Hà Nội, 11810, Việt Nam",,,leisure:[pitch] ;; sport:[soccer]
update,565dc852-bf5a-4004-a609-b3fe5be9c745,227429400,directory,,hn,2,21.0512169214597,105.884929944243,hn_bode,Quận Long Biên,contains,4,pitch,True,True,"Đường Nguyễn Văn Cừ, Phường Gia Thụy, Quận Long Biên, Thành phố Hà Nội, 11810, Việt Nam",,Đường Nguyễn Văn Cừ,lit:[yes] ;; lanes:[3] ;; oneway:[yes] ;; surface:[asphalt] ;; leisure:[pitch] ;; sport:[tennis]
update,694aa594-2877-4c1e-a3ba-37d8997d54cf,227415075,directory,,hn,2,21.0601064,105.8670441,hn_bode,Quận Long Biên,contains,2,pitch|swimming_pool,True,True,"Phường Ngọc Thụy, Quận Long Biên, Thành phố Hà Nội, Việt Nam",,,"wikidata:[Q10800687] ;; wikipedia:[vi:Ngọc Thụy] ;; linked_place:[quarter] ;; leisure:[pitch, swimming_pool] ;; sport:[basketball]"
update,cd550148-dcaa-42fc-ad46-d22523d1f285,227426971,directory,,hn,2,21.0457796,105.8823099,hn_bode,Quận Long Biên,contains,4,pitch,True,True,"Phường Gia Thụy, Quận Long Biên, Thành phố Hà Nội, 11810, Việt Nam",,,"motorcar:[no] ;; motorcycle:[yes] ;; leisure:[pitch] ;; sport:[volleyball, tennis]"
update,f77418d6-6ad8-4f5f-86ea-cd570a06b0c2,227385000,directory,,hn,2,21.0293058660375,105.869793282633,hn_bode,Quận Long Biên,contains,1,pitch,True,True,"Phường Bồ Đề, Quận Long Biên, Thành phố Hà Nội, 11023, Việt Nam",,,leisure:[pitch] ;; sport:[soccer]
update,8b82c568-3664-414d-934b-f24e8bc4e2c2,227400242,directory,Doanh trại Quân đội nhân dân Việt Nam,hn,2,21.0642563,105.872520470898,hn_bode,Quận Long Biên,contains,1,pitch,True,True,"Doanh trại Quân đội nhân dân Việt Nam, Hẻm 4 Ngách 35 Ngõ 604 Ngọc Thụy, Phường Ngọc Thụy, Quận Long Biên, Thành phố Hà Nội, 11810, Việt Nam",,Hẻm 4 Ngách 35 Ngõ 604 Ngọc Thụy,landuse:[military] ;; military_service:[army] ;; leisure:[pitch] ;; sport:[soccer]
update,3a0bf807-2749-4d1c-a901-8a6d386e381e,227417842,directory,Học viện Hậu cần,hn,2,21.06533955,105.876278610208,hn_bode,Quận Long Biên,contains,1|4,pitch,True,True,"Học viện Hậu cần, Đường Ngọc Thụy, Phường Ngọc Thụy, Quận Long Biên, Thành phố Hà Nội, 11810, Việt Nam",,Đường Ngọc Thụy,"landuse:[military] ;; website:[http://hocvienhaucan.edu.vn/] ;; operator:[Bộ Quốc phòng] ;; wikidata:[Q10771887] ;; wikipedia:[vi:Học viện Hậu cần (Việt Nam)] ;; operator:type:[military] ;; leisure:[pitch] ;; sport:[soccer, tennis]"
update,4e41ca34-688f-49a1-8729-14316640e9f5,227376859,directory,Mipec Long Biên,hn,2,21.04534175,105.866647272316,hn_bode,Quận Long Biên,contains,,swimming_pool,False,True,"Mipec Long Biên, 2, Phố Long Biên 2, Phường Ngọc Lâm, Quận Long Biên, Thành phố Hà Nội, 11008, Việt Nam",2,Phố Long Biên 2,building:[yes] ;; building:levels:[6] ;; building:levels:underground:[3] ;; leisure:[swimming_pool]
update,e467bea6-4648-4b5d-9607-a7dc4340ada6,227404629,directory,Sân Tập Golf Đảo Sen,hn,2,21.0444095,105.8850394,hn_bode,Quận Long Biên,contains,,sports_centre,False,True,"Sân Tập Golf Đảo Sen, Phố Hoàng Minh Đạo, Phường Gia Thụy, Quận Long Biên, Thành phố Hà Nội, 11810, Việt Nam",,Phố Hoàng Minh Đạo,leisure:[sports_centre]
update,79139f5b-f609-40d7-a781-37ce40391528,227439063,directory,Sân bóng Hàng Không,hn,2,21.042319,105.879572348462,hn_bode,Quận Long Biên,contains,,pitch|sports_centre,False,True,"Sân bóng Hàng Không, Ngõ 200 Ngách 10 Nguyễn Sơn, Phường Bồ Đề, Quận Long Biên, Thành phố Hà Nội, 11810, Việt Nam",,Ngõ 200 Ngách 10 Nguyễn Sơn,"leisure:[sports_centre, pitch]"
update,cb19beb9-e91e-4dff-beab-94c5ecae2035,227405080,directory,Times School Khai Son,hn,2,21.0596766,105.87696765664,hn_bode,Quận Long Biên,contains,1|2,pitch,True,True,"Times School Khai Son, Đường Nguyễn Gia Bồng, Phường Thượng Thanh, Quận Long Biên, Thành phố Hà Nội, 11810, Việt Nam",,Đường Nguyễn Gia Bồng,"website:[https://timesschools.edu.vn] ;; operator:[Times School] ;; religion:[none] ;; leisure:[pitch] ;; sport:[soccer, basketball]"
update,f35fe136-7086-4e0d-bbf6-69ba4ab7c542,403014936,directory,Trung tâm Văn hoá Hàng không,hn,2,21.0447806,105.881138550103,hn_bode,Quận Long Biên,contains,4,pitch,True,True,"Trung tâm Văn hoá Hàng không, Ngõ 176 Phố Nguyễn Sơn, Phường Bồ Đề, Quận Long Biên, Thành phố Hà Nội, 11810, Việt Nam",,Ngõ 176 Phố Nguyễn Sơn,leisure:[pitch] ;; sport:[tennis]
update,7dace199-b775-44d8-9d00-8499b445753c,227419392,directory,Trung tâm thể thao Z133,hn,2,21.0635895,105.879861221086,hn_bode,Quận Long Biên,contains,1|4,pitch|sports_centre,True,True,"Trung tâm thể thao Z133, Ngõ 43 Lý Sơn, Phường Ngọc Thụy, Quận Long Biên, Thành phố Hà Nội, 11810, Việt Nam",,Ngõ 43 Lý Sơn,"landuse:[military] ;; leisure:[sports_centre, pitch] ;; sport:[tennis, soccer]"
update,b1a2d190-de59-4b87-992f-5cc4426358df,227408679,directory,Trường Cao đẳng  Đường sắt,hn,2,21.0556062,105.876379760007,hn_bode,Quận Long Biên,contains,1|4,pitch,True,True,"Trường Cao đẳng  Đường sắt, Phố Gia Quất, Phường Thượng Thanh, Quận Long Biên, Thành phố Hà Nội, 11810, Việt Nam",,Phố Gia Quất,"leisure:[pitch] ;; sport:[tennis, soccer]"
update,ecaa37cb-978c-4b0f-be56-ec06d85fae2f,227431268,directory,Trường THCS Gia Quất,hn,2,21.05648525,105.883769582777,hn_bode,Quận Long Biên,contains,1,pitch,True,True,"Trường THCS Gia Quất, Đường nội bộ, Phường Thượng Thanh, Quận Long Biên, Thành phố Hà Nội, 11810, Việt Nam",,Đường nội bộ,leisure:[pitch] ;; sport:[soccer]
update,7cd901f3-4ec2-4634-a0b7-2562feccf746,227378500,directory,Trường THCS Ngọc Thuỵ,hn,2,21.05426045,105.8726189223,hn_bode,Quận Long Biên,contains,1,pitch,True,True,"Trường THCS Ngọc Thuỵ, Ngách 268/58 Đường Ngọc Thụy, Phường Ngọc Thụy, Quận Long Biên, Thành phố Hà Nội, 11810, Việt Nam",,Ngách 268/58 Đường Ngọc Thụy,leisure:[pitch] ;; sport:[soccer]
update,9a4eba0f-3263-4e0b-a85c-b15dd2cc552c,227440788,directory,Trường Tiểu học Gia Quất,hn,2,21.0540248,105.877716627429,hn_bode,Quận Long Biên,contains,,pitch,False,True,"Trường Tiểu học Gia Quất, Ngõ 167 Gia Quất, Phường Thượng Thanh, Quận Long Biên, Thành phố Hà Nội, 11810, Việt Nam",,Ngõ 167 Gia Quất,leisure:[pitch]
update,c5156b3c-ff74-45ba-bd10-fee9ea6b75de,227379219,directory,Trường Tiểu học Ngọc Thuỵ,hn,2,21.05774275,105.869455284088,hn_bode,Quận Long Biên,contains,1,pitch,True,True,"Trường Tiểu học Ngọc Thuỵ, Đường Nguyễn Gia Bồng, Phường Ngọc Thụy, Quận Long Biên, Thành phố Hà Nội, 11810, Việt Nam",,Đường Nguyễn Gia Bồng,leisure:[pitch] ;; sport:[soccer]
update,dd4365bc-04b3-49d2-9a18-6ebee935ac2a,227380343,directory,Trường quốc tế Pháp Alexandre Yersin,hn,2,21.0601126,105.868598314954,hn_bode,Quận Long Biên,contains,1,pitch,True,True,"Trường quốc tế Pháp Alexandre Yersin, 44, Phố Gia Thượng, Phường Ngọc Thụy, Quận Long Biên, Thành phố Hà Nội, 11810, Việt Nam",44,Phố Gia Thượng,leisure:[pitch] ;; sport:[soccer]
update,2555cb0b-7721-4559-8435-5ede5f02dda0,227376718,directory,Wellspring Hanoi International School,hn,2,21.0386716,105.874162390816,hn_bode,Quận Long Biên,contains,1|2|4,pitch,True,True,"Wellspring Hanoi International School, Ngách 135/22 Phố Bồ Đề, Phường Bồ Đề, Quận Long Biên, Thành phố Hà Nội, 11023, Việt Nam",,Ngách 135/22 Phố Bồ Đề,"leisure:[pitch] ;; sport:[tennis, soccer, basketball]"
update,5934bc75-b52b-4d85-b3e4-bd35096e4466,227426302,directory,Đoàn Tiếp viên,hn,2,21.0429699,105.882529218381,hn_bode,Quận Long Biên,contains,,pitch,False,True,"Đoàn Tiếp viên, Phố Lâm Hạ, Phường Bồ Đề, Quận Long Biên, Thành phố Hà Nội, 11810, Việt Nam",,Phố Lâm Hạ,landuse:[commercial] ;; leisure:[pitch]
update,0cb38c73-832f-4bad-bf3b-03879d37071a,227377213,directory,,hn,2,21.0289742516241,105.788652103702,hn_caugiay,Quận Cầu Giấy,contains,4,pitch,True,True,"Ngõ 95 Phố Trần Thái Tông, Phường Dịch Vọng, Quận Cầu Giấy, Thành phố Hà Nội, 10036, Việt Nam",,Ngõ 95 Phố Trần Thái Tông,leisure:[pitch] ;; sport:[tennis]
update,3550c4f6-4c93-47f5-a05c-09b0c4e440f1,227400626,directory,,hn,2,21.0397044975866,105.788546051547,hn_caugiay,Quận Cầu Giấy,contains,2,pitch,True,True,"Ngõ 89 Đường Nguyễn Phong Sắc, Phường Dịch Vọng Hậu, Quận Cầu Giấy, Thành phố Hà Nội, 10179, Việt Nam",,Ngõ 89 Đường Nguyễn Phong Sắc,leisure:[pitch] ;; sport:[basketball]
update,703a294b-9427-48b4-a0e2-9af8ec8a0c78,227383119,directory,,hn,2,21.0390103398118,105.788227594165,hn_caugiay,Quận Cầu Giấy,contains,1,pitch,True,True,"Ngõ 87 Đường Nguyễn Phong Sắc, Phường Dịch Vọng Hậu, Quận Cầu Giấy, Thành phố Hà Nội, 10179, Việt Nam",,Ngõ 87 Đường Nguyễn Phong Sắc,leisure:[pitch] ;; sport:[soccer]
update,7e749e5b-6383-40ef-9936-3f46b5b992d5,227364774,directory,,hn,2,21.0310933,105.7930973,hn_caugiay,Quận Cầu Giấy,contains,4,pitch,True,True,"Ngõ 49 Dịch Vọng, Phường Dịch Vọng, Quận Cầu Giấy, Thành phố Hà Nội, 10141, Việt Nam",,Ngõ 49 Dịch Vọng,oneway:[no] ;; leisure:[pitch] ;; sport:[tennis]
update,7e958cbc-2e5e-4116-bf77-8feb0dd52c73,227383687,directory,,hn,2,21.0401409,105.787198,hn_caugiay,Quận Cầu Giấy,contains,3,pitch,True,True,"Ngách 53/15 Phố Trần Quốc Hoàn, Phường Dịch Vọng Hậu, Quận Cầu Giấy, Thành phố Hà Nội, 10179, Việt Nam",,Ngách 53/15 Phố Trần Quốc Hoàn,service:[alley] ;; leisure:[pitch] ;; sport:[badminton]
update,81870c57-769c-4f65-b5dc-f8ff411b7aa1,227375884,directory,,hn,2,21.0301733399838,105.788606565003,hn_caugiay,Quận Cầu Giấy,contains,1,pitch,True,True,"Phố Thành Thái, Phường Dịch Vọng, Quận Cầu Giấy, Thành phố Hà Nội, 10192, Việt Nam",,Phố Thành Thái,lit:[yes] ;; lanes:[2] ;; oneway:[yes] ;; surface:[asphalt] ;; leisure:[pitch] ;; sport:[soccer]
update,86cf3852-c206-4385-9561-4d63cb311ea8,227364522,directory,,hn,2,21.0241351805656,105.784989438366,hn_caugiay,Quận Cầu Giấy,contains,4,pitch,True,True,"Ngõ 7 Tôn Thất Thuyết, Phường Yên Hòa, Quận Cầu Giấy, Thành phố Hà Nội, 10064, Việt Nam",,Ngõ 7 Tôn Thất Thuyết,leisure:[pitch] ;; sport:[tennis]
update,a69a3ce3-a692-4ab4-8687-d4746913ea67,227354438,directory,,hn,2,21.0276355150431,105.788659421621,hn_caugiay,Quận Cầu Giấy,contains,1,pitch,True,True,"Phố Trương Công Giai, Phường Dịch Vọng, Quận Cầu Giấy, Thành phố Hà Nội, 10036, Việt Nam",,Phố Trương Công Giai,lit:[yes] ;; lanes:[2] ;; oneway:[no] ;; surface:[asphalt] ;; leisure:[pitch] ;; sport:[soccer]
update,ff8f95b4-e8ff-4132-a4b3-caf107f27fea,227364554,directory,,hn,2,21.0228241,105.786951098014,hn_caugiay,Quận Cầu Giấy,contains,4,pitch,True,True,"61, Phố Hoàng Quán Chi, Phường Yên Hòa, Quận Cầu Giấy, Thành phố Hà Nội, 10064, Việt Nam",61,Phố Hoàng Quán Chi,leisure:[pitch] ;; sport:[tennis]
update,e1d40fcd-1925-4af6-9ffb-b869e5a19a08,227419397,directory,81 Trần Quốc Hoàn,hn,2,21.0416469,105.7834926,hn_caugiay,Quận Cầu Giấy,contains,4,pitch,True,True,"81 Trần Quốc Hoàn, Ngõ 201 Phố Trần Quốc Hoàn, Phường Dịch Vọng Hậu, Quận Cầu Giấy, Thành phố Hà Nội, 10065, Việt Nam",,Ngõ 201 Phố Trần Quốc Hoàn,bus:[yes] ;; public_transport:[platform] ;; leisure:[pitch] ;; sport:[tennis]
update,a8c142aa-983c-4028-8194-5ae063cbc15b,227407352,directory,Bể bơi quận Cầu Giấy,hn,2,21.03768595,105.791543294679,hn_caugiay,Quận Cầu Giấy,contains,,sports_centre|swimming_pool,True,True,"Bể bơi quận Cầu Giấy, Phố Trần Quý Kiên, Phường Dịch Vọng, Quận Cầu Giấy, Thành phố Hà Nội, 10141, Việt Nam",,Phố Trần Quý Kiên,"sport:[swimming] ;; leisure:[sports_centre, swimming_pool]"
update,8a731b86-7b7e-4c00-9567-1bad3700714a,227376976,directory,Bộ Nội vụ,hn,2,21.02741345,105.783334060763,hn_caugiay,Quận Nam Từ Liêm,contains,4,pitch,True,True,"Bộ Nội vụ, 8, Phố Tôn Thất Thuyết, Phường Mỹ Đình 2, Quận Nam Từ Liêm, Thành phố Hà Nội, 10051, Việt Nam",8,Phố Tôn Thất Thuyết,"phone:[+842462820404] ;; website:[http://moha.gov.vn/] ;; building:[yes] ;; wikidata:[Q10743669] ;; wikipedia:[vi:Bộ Nội vụ (Việt Nam)] ;; government:[ministry] ;; building:levels:[2] ;; leisure:[pitch] ;; sport:[tennis, volleyball]"
update,aa05fccd-a6a2-499a-899f-55c71468bd83,227399645,directory,Công ty Thể thao Quan Hoa,hn,2,21.03158475,105.79740073833,hn_caugiay,Quận Cầu Giấy,contains,4,pitch|sports_centre,True,True,"Công ty Thể thao Quan Hoa, Ngõ 165 Đường Cầu Giấy, Phường Quan Hoa, Quận Cầu Giấy, Thành phố Hà Nội, 10198, Việt Nam",,Ngõ 165 Đường Cầu Giấy,"leisure:[sports_centre, pitch] ;; sport:[tennis]"
update,3e56cf38-35a3-4db0-b23e-504cb373ae63,227375722,directory,Kho Nội Thất Lương Sơn,hn,2,21.0239438,105.7869249,hn_caugiay,Quận Cầu Giấy,contains,1,pitch,True,True,"Kho Nội Thất Lương Sơn, Ngõ 6 Dương Đình Nghệ, Phường Yên Hòa, Quận Cầu Giấy, Thành phố Hà Nội, 10064, Việt Nam",,Ngõ 6 Dương Đình Nghệ,"description:[ỊA CHỈ: Ngõ 1 Phạm Văn Bạch – Yên Hòa – Cầu Giấy – Hà Nội

Kho hàng rộng S=1500m2 với đầy đủ mọi sản phẩm từ nội thất văn phòng đến nội thất gia đình

TỔNG KHO LƯƠNG SƠN – NỘI THẤT VĂN PHÒNG & GIA ĐÌNH GIÁ RẺ, THANH LÝ
, ỊA CHỈ: Ngõ 1 Phạm Văn Bạch – Yên Hòa – Cầu Giấy – Hà Nội

Kho hàng rộng S=1500m2 với đầy đủ mọi sản phẩm từ nội thất văn phòng đến nội thất gia đình

TỔNG KHO LƯƠNG SƠN – NỘI THẤT VĂN PHÒNG & GIA ĐÌNH GIÁ RẺ, THANH LÝ] ;; leisure:[pitch] ;; sport:[soccer]"
update,ed27fed3-ac21-4173-a778-ffd34afd50f3,227409594,directory,Lod Building,hn,2,21.0312872,105.787878892352,hn_caugiay,Quận Cầu Giấy,contains,3,pitch,True,True,"Lod Building, Ngõ 43 Dịch Vọng Hậu, Phường Dịch Vọng Hậu, Quận Cầu Giấy, Thành phố Hà Nội, 10192, Việt Nam",,Ngõ 43 Dịch Vọng Hậu,building:levels:[10] ;; leisure:[pitch] ;; sport:[badminton]
update,faa3f5e1-88fd-437b-b3c4-755d195578d6,227356229,directory,Nhà khách Victoria,hn,2,21.02331035,105.787828276216,hn_caugiay,Quận Cầu Giấy,contains,4,pitch,True,True,"Nhà khách Victoria, 45A, Phố Hoàng Quán Chi, Phường Yên Hòa, Quận Cầu Giấy, Thành phố Hà Nội, 10064, Việt Nam",,Phố Hoàng Quán Chi,landuse:[commercial] ;; operator:[Liên minh Hợp tác xã Việt Nam] ;; leisure:[pitch] ;; sport:[tennis]
update,b557b7e0-5251-4aad-8e7f-9265f1e4a653,227353589,directory,Phòng khám Đa khoa Yên Hoà,hn,2,21.0219896,105.786172184859,hn_caugiay,Quận Cầu Giấy,contains,1,pitch,True,True,"Phòng khám Đa khoa Yên Hoà, Phố Hoàng Quán Chi, Phường Yên Hòa, Quận Cầu Giấy, Thành phố Hà Nội, 10064, Việt Nam",,Phố Hoàng Quán Chi,healthcare:[clinic] ;; leisure:[pitch] ;; sport:[soccer]
update,861dd9c7-34bd-4ef1-99de-bacbd6cbdf19,227391929,directory,Richland Southern,hn,2,21.03584845,105.783811224688,hn_caugiay,Quận Cầu Giấy,contains,,swimming_pool,False,True,"Richland Southern, 9A, Ngõ 181 Đường Xuân Thủy, Phường Dịch Vọng Hậu, Quận Cầu Giấy, Thành phố Hà Nội, 10085, Việt Nam",,Ngõ 181 Đường Xuân Thủy,building:levels:[19] ;; leisure:[swimming_pool]
update,516d56f8-9134-4c75-8768-e05d4ea41db3,227377020,directory,Sân bóng Thành Lâm 3,hn,2,21.02661455,105.785282889288,hn_caugiay,Quận Cầu Giấy,contains,1,pitch|sports_centre,True,True,"Sân bóng Thành Lâm 3, Ngõ 3 Tôn Thất Thuyết, Phường Dịch Vọng Hậu, Quận Cầu Giấy, Thành phố Hà Nội, 10192, Việt Nam",,Ngõ 3 Tôn Thất Thuyết,"sport:[soccer] ;; leisure:[sports_centre, pitch]"
update,1434f62a-6239-4a7e-b903-2e03506e068d,404569508,directory,Sân cầu lông TVC,hn,2,21.0261092,105.787276476551,hn_caugiay,Quận Cầu Giấy,contains,3,,True,True,"Sân cầu lông TVC, 1, Phố Tôn Thất Thuyết, Phường Dịch Vọng Hậu, Quận Cầu Giấy, Thành phố Hà Nội, 10036, Việt Nam",1,Phố Tôn Thất Thuyết,sport:[badminton] ;; building:[house] ;; operator:[TVC Sports] ;; opening_hours:[24/7] ;; leisure:[sports_hall]
update,446c86b8-cbe8-420c-8f65-cc56a05bc8a1,227382833,directory,Tháp A,hn,2,21.03847885,105.787533386987,hn_caugiay,Quận Cầu Giấy,contains,4,pitch,True,True,"Tháp A, Ngõ 68 Đường Xuân Thủy, Phường Dịch Vọng Hậu, Quận Cầu Giấy, Thành phố Hà Nội, 10141, Việt Nam",,Ngõ 68 Đường Xuân Thủy,layer:[1] ;; building:levels:[35] ;; leisure:[pitch] ;; sport:[tennis]
update,faa1ad09-4798-41fb-a7d3-7580cc988d6d,227392094,directory,Tháp S,hn,2,21.0385169,105.786304566215,hn_caugiay,Quận Cầu Giấy,contains,,swimming_pool,False,True,"Tháp S, Ngõ 33 Phố Phan Văn Trường, Phường Dịch Vọng Hậu, Quận Cầu Giấy, Thành phố Hà Nội, 10179, Việt Nam",,Ngõ 33 Phố Phan Văn Trường,layer:[-1] ;; building:levels:[35] ;; leisure:[swimming_pool]
update,29bf4543-dff9-406e-bbf8-ae7a11030f83,404214624,directory,Time House,hn,2,21.02885355,105.788122108238,hn_caugiay,Quận Cầu Giấy,contains,4,pitch,True,True,"Time House, 95, Phố Trần Thái Tông, Phường Dịch Vọng, Quận Cầu Giấy, Thành phố Hà Nội, 10192, Việt Nam",95,Phố Trần Thái Tông,leisure:[pitch] ;; sport:[tennis]
update,653389d4-87b5-4166-ab14-c17d8d145f14,227379975,directory,"Trung tâm Văn hoá - Thông tin, Thể thao và Du lịch quận Cầu Giấy",hn,2,21.03733235,105.791089230796,hn_caugiay,Quận Cầu Giấy,contains,4,pitch|sports_centre|swimming_pool,True,True,"Trung tâm Văn hoá - Thông tin, Thể thao và Du lịch quận Cầu Giấy, Ngõ 99 Đường Nguyễn Phong Sắc, Phường Dịch Vọng Hậu, Quận Cầu Giấy, Thành phố Hà Nội, 10141, Việt Nam",,Ngõ 99 Đường Nguyễn Phong Sắc,"leisure:[sports_centre, pitch, swimming_pool] ;; sport:[tennis]"
update,a863890d-edf8-4e0c-b41c-afcd7fd779da,227384933,directory,Trường Dewey - Cầu Giấy,hn,2,21.0316542,105.792091751903,hn_caugiay,Quận Cầu Giấy,contains,1,pitch,True,True,"Trường Dewey - Cầu Giấy, 89, Phố Khúc Thừa Dụ, Phường Dịch Vọng, Quận Cầu Giấy, Thành phố Hà Nội, 10141, Việt Nam",89,Phố Khúc Thừa Dụ,leisure:[pitch] ;; sport:[soccer]
update,c29f98b7-54f6-4016-93ea-abbcc374f653,227404069,directory,Trường Mầm non Happy Smile,hn,2,21.03176275,105.790442148832,hn_caugiay,Quận Cầu Giấy,contains,2,pitch,True,True,"Trường Mầm non Happy Smile, Phố Trương Công Giai, Phường Dịch Vọng, Quận Cầu Giấy, Thành phố Hà Nội, 10141, Việt Nam",,Phố Trương Công Giai,leisure:[pitch] ;; sport:[basketball]
update,f5896cdd-9a48-4a7e-9155-a34206a22d51,227355804,directory,Trường Phổ thông Đa Trí Tuệ - MIS,hn,2,21.0269597,105.792550801712,hn_caugiay,Quận Cầu Giấy,contains,1,pitch,True,True,"Trường Phổ thông Đa Trí Tuệ - MIS, 37, Phố Hoàng Quán Chi, Phường Dịch Vọng, Quận Cầu Giấy, Thành phố Hà Nội, 10036, Việt Nam",37,Phố Hoàng Quán Chi,leisure:[pitch] ;; sport:[soccer]
update,f367fe0d-c0a9-4ffc-8bfe-387b88ddc612,227382660,directory,Trường THCS Dịch Vọng,hn,2,21.0386042,105.795258111093,hn_caugiay,Quận Cầu Giấy,contains,1,pitch,True,True,"Trường THCS Dịch Vọng, 186, Đường Nguyễn Khánh Toàn, Phường Dịch Vọng, Quận Cầu Giấy, Thành phố Hà Nội, 10141, Việt Nam",186,Đường Nguyễn Khánh Toàn,grades:[6-9] ;; leisure:[pitch] ;; sport:[soccer]
update,e112a204-0ce1-417f-8b62-2fd77fabec8d,227410044,directory,Trường Đại học Ngoại ngữ,hn,2,21.03919645,105.781828846177,hn_caugiay,Quận Cầu Giấy,contains,1|2|3,pitch|sports_centre,True,True,"Trường Đại học Ngoại ngữ, Đường Phạm Văn Đồng, Phường Dịch Vọng Hậu, Quận Cầu Giấy, Thành phố Hà Nội, 10065, Việt Nam",,Đường Phạm Văn Đồng,"website:[https://ulis.vnu.edu.vn/] ;; operator:[Đại học Quốc gia Hà Nội] ;; wikidata:[Q7895616] ;; wikipedia:[vi:Trường Đại học Ngoại ngữ, Đại học Quốc gia Hà Nội] ;; operator:type:[university] ;; internet_access:[yes] ;; internet_access:fee:[customers] ;; leisure:[sports_centre, pitch] ;; sport:[basketball, soccer, badminton]"
update,e0f378ae-f4b9-4a87-a567-acc8f49fbf39,227392232,directory,Trường Đại học Sư phạm Hà Nội,hn,2,21.0390039,105.784262283464,hn_caugiay,Quận Cầu Giấy,contains,1|2|3|4,pitch|sports_centre,True,True,"Trường Đại học Sư phạm Hà Nội, 136, Đường Xuân Thủy, Phường Dịch Vọng Hậu, Quận Cầu Giấy, Thành phố Hà Nội, 10085, Việt Nam",136,Đường Xuân Thủy,"website:[https://hnue.edu.vn/] ;; wikidata:[Q5649329] ;; wikipedia:[vi:Trường Đại học Sư phạm Hà Nội] ;; internet_access:[yes] ;; wikimedia_commons:[Category:Hanoi National University of Education] ;; leisure:[sports_centre, pitch] ;; sport:[soccer, badminton, basketball, tennis]"
update,73fd2401-fce6-42da-bb44-8612d5ea2170,227355471,directory,Tòa nhà Hội Liên hiệp Phụ nữ thành phố Hà Nội,hn,2,21.02735415,105.784728379372,hn_caugiay,Quận Cầu Giấy,contains,4,pitch,True,True,"Tòa nhà Hội Liên hiệp Phụ nữ thành phố Hà Nội, 7, Phố Tôn Thất Thuyết, Phường Dịch Vọng Hậu, Quận Cầu Giấy, Thành phố Hà Nội, 10192, Việt Nam",7,Phố Tôn Thất Thuyết,building:levels:[5] ;; leisure:[pitch] ;; sport:[tennis]
update,9c26dc48-8918-4d2e-9370-7b1c81625303,227383619,directory,Tòa án nhân dân cấp cao tại Hà Nội,hn,2,21.02492755,105.787077730783,hn_caugiay,Quận Cầu Giấy,contains,1,pitch,True,True,"Tòa án nhân dân cấp cao tại Hà Nội, Ngõ 6 Dương Đình Nghệ, Phường Yên Hòa, Quận Cầu Giấy, Thành phố Hà Nội, 10064, Việt Nam",,Ngõ 6 Dương Đình Nghệ,building:[yes] ;; building:levels:[9] ;; leisure:[pitch] ;; sport:[soccer]
update,cf5deecd-ac2f-44f7-a5eb-c5192e37ab84,227387202,directory,Tập đoàn Công nghiệp – Viễn thông Quân đội,hn,2,21.02525315,105.785636602246,hn_caugiay,Quận Cầu Giấy,contains,2,pitch,True,True,"Tập đoàn Công nghiệp – Viễn thông Quân đội, D26, Ngõ 7 Tôn Thất Thuyết, Phường Yên Hòa, Quận Cầu Giấy, Thành phố Hà Nội, 10192, Việt Nam",,Ngõ 7 Tôn Thất Thuyết,website:[https://viettel.com.vn/] ;; building:[yes] ;; wikidata:[Q1109534] ;; wikipedia:[vi:Tập đoàn Công nghiệp – Viễn thông Quân đội] ;; roof:shape:[skillion] ;; roof:levels:[9] ;; roof:direction:[278] ;; building:levels:[0] ;; leisure:[pitch] ;; sport:[basketball]
update,b53e636b-eade-4057-b89c-f0bc03299b77,227404984,directory,Đài tưởng niệm liệt sỹ Dịch Vọng Hậu,hn,2,21.0312557,105.7871724,hn_caugiay,Quận Cầu Giấy,contains,3,pitch,True,True,"Đài tưởng niệm liệt sỹ Dịch Vọng Hậu, Ngõ 4 Phố Duy Tân, Phường Dịch Vọng Hậu, Quận Cầu Giấy, Thành phố Hà Nội, 10192, Việt Nam",,Ngõ 4 Phố Duy Tân,access:[yes] ;; leisure:[pitch] ;; sport:[badminton]
update,dcb27bea-401b-4546-92e0-c21e5e1d33b6,227405452,directory,Đại học Quốc gia Hà Nội,hn,2,21.0388103,105.781889704018,hn_caugiay,Quận Cầu Giấy,contains,1|2|3,pitch|sports_centre,True,True,"Đại học Quốc gia Hà Nội, 144, Đường Xuân Thủy, Phường Dịch Vọng Hậu, Quận Cầu Giấy, Thành phố Hà Nội, 10085, Việt Nam",144,Đường Xuân Thủy,"wikidata:[Q1076729] ;; wikipedia:[vi:Đại học Quốc gia Hà Nội] ;; internet_access:[yes] ;; leisure:[sports_centre, pitch] ;; sport:[basketball, soccer, badminton]"
update,7fdb7610-b1a3-48f4-8247-92170648a7d0,227356377,directory,Đối diện Trường THCS Cầu Giấy,hn,2,21.0300303,105.7890771,hn_caugiay,Quận Cầu Giấy,contains,1,pitch,True,True,"Đối diện Trường THCS Cầu Giấy, Phố Thành Thái, Phường Dịch Vọng, Quận Cầu Giấy, Thành phố Hà Nội, 10036, Việt Nam",,Phố Thành Thái,bus:[yes] ;; public_transport:[platform] ;; leisure:[pitch] ;; sport:[soccer]
update,b93db18b-ad62-41e7-8325-e42321535a11,227471584,directory,,hn,2,20.9201570922704,105.710281265885,hn_chuongmy,,contains,1,pitch,True,True,"Bắc Sơn, Thành phố Hà Nội, 13400, Việt Nam",,,leisure:[pitch] ;; sport:[soccer]
update,bc2507b1-62a5-4027-8a87-a80d277b81c2,227471798,directory,Công an huyện Chương Mỹ,hn,2,20.92566475,105.708117953195,hn_chuongmy,,contains,4,pitch,True,True,"Công an huyện Chương Mỹ, Đường Chúc Sơn, Bắc Sơn, Thành phố Hà Nội, 13400, Việt Nam",,Đường Chúc Sơn,leisure:[pitch] ;; sport:[tennis]
update,0678d62a-afaa-46e7-835a-b41b119e215c,227496121,directory,Nhà văn hóa Phụng Châu,hn,2,20.95034045,105.709847333731,hn_chuongmy,,contains,,pitch,True,True,"Nhà văn hóa Phụng Châu, Đường Đê Mới, Thành phố Hà Nội, 13400, Việt Nam",,Đường Đê Mới,building:[yes] ;; leisure:[pitch] ;; sport:[volleyball]
update,b1a43ccf-88f6-4385-aff1-da0f0ac41108,227442844,directory,Sân Bóng Chuyền,hn,2,20.94814935,105.706961828743,hn_chuongmy,,contains,,pitch,True,True,"Sân Bóng Chuyền, Đường Hoa, Thành phố Hà Nội, 13400, Việt Nam",,Đường Hoa,sport:[volleyball] ;; access:[yes] ;; leisure:[pitch]
update,d6cd071d-c974-469d-9297-6bf5d9a95276,227471736,directory,Sân Bóng Chuyền Phương Bản,hn,2,20.95122795,105.695129041746,hn_chuongmy,,contains,,pitch,True,True,"Sân Bóng Chuyền Phương Bản, Đường Phương Bản, Thành phố Hà Nội, 13400, Việt Nam",,Đường Phương Bản,sport:[volleyball] ;; leisure:[pitch]
update,90a52406-3849-4148-9cad-53095b5bb4e0,227440411,directory,Sân Bóng Chuyền Phượng Đồng,hn,2,20.9413536,105.708133184381,hn_chuongmy,,contains,,pitch,True,True,"Sân Bóng Chuyền Phượng Đồng, Đường Hoa, Thành phố Hà Nội, 13400, Việt Nam",,Đường Hoa,sport:[volleyball] ;; access:[yes] ;; leisure:[pitch]
update,c9d4fb24-8bdd-40ab-8031-9a73394c4e6f,227470732,directory,Sân Bóng Phương Bản,hn,2,20.94943515,105.698533365529,hn_chuongmy,,contains,1,pitch,True,True,"Sân Bóng Phương Bản, Đường Phương Bản, Thành phố Hà Nội, 13400, Việt Nam",,Đường Phương Bản,sport:[soccer] ;; leisure:[pitch]
update,3c012dd2-3792-4158-aff6-dd6b813f9542,227440892,directory,Sân Bóng Trầm,hn,2,20.9389557,105.695145949543,hn_chuongmy,,contains,1,pitch,True,True,"Sân Bóng Trầm, Đường Chùa Trầm, Thành phố Hà Nội, 13400, Việt Nam",,Đường Chùa Trầm,sport:[soccer] ;; leisure:[pitch]
update,28ef2da2-d639-4db0-9068-85f7bc9da5e3,227452418,directory,Sân Bóng Đá Long Châu,hn,2,20.9417555,105.699659754681,hn_chuongmy,,contains,1,pitch,True,True,"Sân Bóng Đá Long Châu, Đường Long Châu, Thành phố Hà Nội, 13400, Việt Nam",,Đường Long Châu,sport:[soccer] ;; access:[yes] ;; leisure:[pitch]
update,9f3fd8d2-2f12-4dc5-9482-db4f8ad43061,227458186,directory,Sân Bóng Đá Ngọc Hòa,hn,2,20.92043625,105.694089057136,hn_chuongmy,,contains,1,pitch,True,True,"Sân Bóng Đá Ngọc Hòa, Đường Hoà Sơn, Thành phố Hà Nội, 13400, Việt Nam",,Đường Hoà Sơn,sport:[soccer] ;; access:[yes] ;; leisure:[pitch]
update,bb253aae-66c9-4ccb-9997-806b8963dd6d,227455878,directory,Sân vận động Chương Mỹ,hn,2,20.9222517,105.703158704528,hn_chuongmy,,contains,,pitch|stadium,False,True,"Sân vận động Chương Mỹ, Đường Hoà Sơn, Bắc Sơn, Thành phố Hà Nội, 13400, Việt Nam",,Đường Hoà Sơn,"leisure:[stadium, pitch]"
update,a2b9affd-d8ba-4d50-b9b3-f9a3c8920080,227481190,directory,Trường THCS Biên Giang,hn,2,20.9292117,105.718783839116,hn_chuongmy,Quận Hà Đông,contains,,pitch,False,True,"Trường THCS Biên Giang, Ngõ 221 Biên Giang, Phường Biên Giang, Quận Hà Đông, Thành phố Hà Nội, 13400, Việt Nam",,Ngõ 221 Biên Giang,grades:[6-9] ;; website:[https://thcsbiengiang.edu.vn/] ;; leisure:[pitch]
update,3a66f7aa-094f-4c3d-8e9b-33b4ce19fae8,227473128,directory,Trường THPT Chương Mỹ A,hn,2,20.91271985,105.700969373375,hn_chuongmy,,contains,1,pitch,True,True,"Trường THPT Chương Mỹ A, 42, Đường Yên Sơn, Thành phố Hà Nội, 13400, Việt Nam",42,Đường Yên Sơn,fax:[0243.3868.556] ;; grades:[10-12] ;; website:[http://c3chuongmya.edu.vn/] ;; wikipedia:[vi:THPT Chương Mỹ A] ;; start_date:[1966] ;; leisure:[pitch] ;; sport:[soccer]
update,69ec9fe9-47b8-4c94-92a4-d6931c8ca521,227478838,directory,Trường Tiểu học Thị trấn Chúc Sơn B,hn,2,20.92174085,105.709468775481,hn_chuongmy,,contains,1,pitch,True,True,"Trường Tiểu học Thị trấn Chúc Sơn B, Đường Ngọc Sơn, Bắc Sơn, Thành phố Hà Nội, 13400, Việt Nam",,Đường Ngọc Sơn,leisure:[pitch] ;; sport:[soccer]
update,457a4bb7-ea0e-4f01-bdb8-7423cfecf6dc,227467342,directory,Trường Đại học Sư phạm Thể dục Thể thao Hà Nội,hn,2,20.936692,105.709425678341,hn_chuongmy,,contains,1|2|3|4,pitch|swimming_pool,True,True,"Trường Đại học Sư phạm Thể dục Thể thao Hà Nội, Đường Hoa, Thành phố Hà Nội, 13400, Việt Nam",,Đường Hoa,"website:[https://dhsptdtthanoi.edu.vn/] ;; wikidata:[Q10829134] ;; wikipedia:[vi:Trường Đại học Sư phạm Thể dục Thể thao Hà Nội] ;; wheelchair:[yes] ;; description:[Là một trường Đại học Công lập của Việt Nam] ;; internet_access:[yes] ;; internet_access:fee:[no] ;; leisure:[pitch, swimming_pool] ;; sport:[soccer, tennis, basketball, handball, badminton, volleyball]"
update,70d00cd7-174a-4607-9f1f-6e830f114c10,227387300,directory,,hn,2,21.0225428,105.860526626179,hn_cuanam,Quận Hoàn Kiếm,contains,,swimming_pool,False,True,"25, Đường Trần Khánh Dư, Phường Phan Chu Trinh, Quận Hoàn Kiếm, Thành phố Hà Nội, 11021, Việt Nam",25,Đường Trần Khánh Dư,leisure:[swimming_pool]
update,42896033-510f-4cba-a455-4dfe41c3455a,227365771,directory,Câu lạc bộ bóng đá Công an Hà Nội,hn,2,21.0222238,105.8473386,hn_cuanam,Quận Hoàn Kiếm,contains,1,,True,True,"Câu lạc bộ bóng đá Công an Hà Nội, 79, Phố Trần Hưng Đạo, Phường Trần Hưng Đạo, Quận Hoàn Kiếm, Thành phố Hà Nội, 11019, Việt Nam",79,Phố Trần Hưng Đạo,sport:[soccer] ;; website:[https://cahnfc.com/] ;; operator:[Công an Thành phố Hà Nội] ;; wikidata:[Q116196832] ;; wikipedia:[vi:Câu lạc bộ bóng đá Công an Hà Nội (1956)]
update,7ce6867e-7cd5-40f5-a5de-9186475e687c,227376049,directory,Khách Sạn Ats,hn,2,21.0200525,105.8601709,hn_cuanam,Quận Hoàn Kiếm,contains,4,pitch,True,True,"Khách Sạn Ats, 33b, Phố Đinh Công Tráng, Phường Phan Chu Trinh, Quận Hoàn Kiếm, Thành phố Hà Nội, 11021, Việt Nam",,Phố Đinh Công Tráng,leisure:[pitch] ;; sport:[tennis]
update,7da66b37-8d36-455f-bb0c-d5f6af3f951a,227405583,directory,Tháp Hà Nội,hn,2,21.02565805,105.846036900221,hn_cuanam,Quận Hoàn Kiếm,contains,4,pitch|swimming_pool,True,True,"Tháp Hà Nội, 49, Phố Hai Bà Trưng, Phường Trần Hưng Đạo, Quận Hoàn Kiếm, Thành phố Hà Nội, 11019, Việt Nam",49,Phố Hai Bà Trưng,"building:part:[yes] ;; building:colour:[brown] ;; building:levels:[5] ;; leisure:[pitch, swimming_pool] ;; sport:[tennis]"
update,9d7f95b7-522d-4674-b43a-09b41dfb2eae,227465275,directory,,hn,2,20.9919949661778,105.790925600038,hn_daimo,Quận Nam Từ Liêm,contains,1,pitch,True,True,"Phường Trung Văn, Quận Nam Từ Liêm, Thành phố Hà Nội, 12011, Việt Nam",,,surface:[asphalt] ;; leisure:[pitch] ;; sport:[soccer]
update,1916eb40-f457-473c-b521-9e6bfacd1baf,227460151,directory,Bể bơi Ngoài trời S2 Season avenue,hn,2,20.986836,105.787311933768,hn_daimo,Quận Hà Đông,contains,,swimming_pool,False,True,"Bể bơi Ngoài trời S2 Season avenue, Chung cư Season Avenue, Phường Mộ Lao, Quận Hà Đông, Thành phố Hà Nội, 12011, Việt Nam",,Chung cư Season Avenue,location:[outdoor] ;; swimming_pool:[outdoor] ;; leisure:[swimming_pool]
update,2a9ce14d-6479-4213-bdca-8ed450097e40,227379605,directory,Club House,hn,2,21.0007361,105.78547324354,hn_daimo,Quận Nam Từ Liêm,contains,4,pitch|sports_centre|swimming_pool,True,True,"Club House, Mộc Lan, Phường Mễ Trì, Quận Nam Từ Liêm, Thành phố Hà Nội, 12011, Việt Nam",,Mộc Lan,"sport:[multi, tennis] ;; building:[civic] ;; building:levels:[3] ;; leisure:[sports_centre, pitch, swimming_pool]"
update,5b20d946-16f9-40ae-b49e-c8a87b4b945f,227441003,directory,Khu nhà ở VOV Mễ Trì,hn,2,20.9967770902333,105.784718853589,hn_daimo,Quận Nam Từ Liêm,contains,4,pitch,True,True,"Khu nhà ở VOV Mễ Trì, Quận Nam Từ Liêm, Thành phố Hà Nội, 12011, Việt Nam",,,surface:[asphalt] ;; leisure:[pitch] ;; sport:[tennis]
update,9437775a-bdf5-4c76-99c0-e0d49e097cfd,227356790,directory,Khu đô thị Vinhomes Green Bay,hn,2,21.0014774,105.7854993,hn_daimo,Quận Nam Từ Liêm,contains,2,pitch,True,True,"Khu đô thị Vinhomes Green Bay, Hoàng Lan 1, Phường Mễ Trì, Quận Nam Từ Liêm, Thành phố Hà Nội, 12011, Việt Nam",,Hoàng Lan 1,"bin:[no] ;; bus:[yes] ;; lit:[yes] ;; bench:[no] ;; shelter:[no] ;; public_transport:[platform] ;; leisure:[pitch] ;; sport:[skateboard, basketball]"
update,d99d4ff3-da05-49c5-a675-d2dbb0ce3f7d,227462124,directory,Trường Phổ thông Liên cấp Olympia,hn,2,20.9914378,105.790532138581,hn_daimo,Quận Nam Từ Liêm,contains,1|2,pitch,True,True,"Trường Phổ thông Liên cấp Olympia, Đường Trung Văn, Phường Trung Văn, Quận Nam Từ Liêm, Thành phố Hà Nội, 12011, Việt Nam",,Đường Trung Văn,"email:[info@theolympiaschools.edu.vn] ;; phone:[+84 24 6267 7999] ;; grades:[0-12] ;; website:[https://theolympiaschools.edu.vn/] ;; leisure:[pitch] ;; sport:[soccer, basketball]"
update,3c440f8b-73e2-48b9-9dd6-ccdcadc7f8f8,227439646,directory,Trường Tiểu học Trung Văn,hn,2,20.9902047,105.784801830525,hn_daimo,Quận Nam Từ Liêm,contains,,pitch,False,True,"Trường Tiểu học Trung Văn, Ngõ 76 Trung Văn, Phường Trung Văn, Quận Nam Từ Liêm, Thành phố Hà Nội, 12011, Việt Nam",,Ngõ 76 Trung Văn,grades:[1-5] ;; leisure:[pitch]
update,b721120d-6331-4b12-a64b-2903263a4fd7,227434088,directory,Trường Đại học Hà Nội,hn,2,20.9892907,105.795252632638,hn_daimo,Quận Nam Từ Liêm,contains,1,pitch,True,True,"Trường Đại học Hà Nội, Km 9, Đường Nguyễn Trãi, Phường Trung Văn, Quận Nam Từ Liêm, Thành phố Hà Nội, 12011, Việt Nam",,Đường Nguyễn Trãi,wikidata:[Q10829049] ;; wikipedia:[vi:Trường Đại học Hà Nội] ;; leisure:[pitch] ;; sport:[soccer]
update,fb6d1b38-aa82-481a-a674-26dcd46f35da,227358971,directory,Trường Đại học Phòng cháy chữa cháy,hn,2,21.0002991,105.794338594152,hn_daimo,Quận Thanh Xuân,contains,1|3,pitch,True,True,"Trường Đại học Phòng cháy chữa cháy, 243, Đường Khuất Duy Tiến, Phường Nhân Chính, Quận Thanh Xuân, Thành phố Hà Nội, 10055, Việt Nam",243,Đường Khuất Duy Tiến,"wikidata:[Q20026261] ;; wikipedia:[vi:Trường Đại học Phòng cháy chữa cháy (Việt Nam)] ;; leisure:[pitch] ;; sport:[soccer, badminton]"
update,eb7252c3-5da3-4a10-b0dd-253843c9bd33,227385968,directory,Viglacera Tower,hn,2,21.0034434,105.791617897512,hn_daimo,Quận Nam Từ Liêm,contains,1|4,pitch,True,True,"Viglacera Tower, 1, Đại lộ Thăng Long, Phường Mễ Trì, Quận Nam Từ Liêm, Thành phố Hà Nội, 10161, Việt Nam",1,Đại lộ Thăng Long,"building:levels:[3] ;; leisure:[pitch] ;; sport:[tennis, soccer]"
update,ee2b6783-763d-4d95-8fbf-6f51b5bae4b7,227384728,directory,VinFast (xe máy điện),hn,2,21.0005623,105.791333,hn_daimo,Quận Nam Từ Liêm,contains,,swimming_pool,False,True,"VinFast (xe máy điện), Thạch Thảo 6, Phường Mễ Trì, Quận Nam Từ Liêm, Thành phố Hà Nội, 12011, Việt Nam",,Thạch Thảo 6,fee:[yes] ;; moped:[yes] ;; access:[yes] ;; operator:[VinFast] ;; socket:schuko:[486] ;; brand:wikidata:[Q56660561] ;; operator:wikidata:[Q56660561] ;; leisure:[swimming_pool]
update,3e8d3c26-70e8-478c-9c1d-fe63f477230c,227465270,directory,Viện Sốt rét - Ký sinh trùng - Côn trùng Trung ương,hn,2,20.9921624,105.792480457054,hn_daimo,Quận Nam Từ Liêm,contains,1,pitch,True,True,"Viện Sốt rét - Ký sinh trùng - Côn trùng Trung ương, 34, Đường Trung Văn, Phường Trung Văn, Quận Nam Từ Liêm, Thành phố Hà Nội, 12011, Việt Nam",34,Đường Trung Văn,landuse:[commercial] ;; leisure:[pitch] ;; sport:[soccer]
update,d16775b1-7c6f-463d-827b-264dc031a19c,227437580,directory,Trường THCS Tả Thanh Oai,hn,2,20.9342594,105.805769003075,hn_daithanh,,contains,,pitch,False,True,"Trường THCS Tả Thanh Oai, Nhân Hòa, Thành phố Hà Nội, 10136, Việt Nam",,Nhân Hòa,grades:[6-9] ;; leisure:[pitch]
update,28482864-ea2b-4189-97fd-a1eebe39461f,227425580,directory,Trường THCS Vĩnh Quỳnh,hn,2,20.93745575,105.824206838035,hn_daithanh,,contains,,pitch,False,True,"Trường THCS Vĩnh Quỳnh, Đường Đại Thanh, Thành phố Hà Nội, 12506, Việt Nam",,Đường Đại Thanh,leisure:[pitch]
update,211be87e-04eb-40fc-a270-af845bd25ec2,227452698,directory,Trường Tiểu học Ngô Thì Nhậm,hn,2,20.9388679,105.807320581467,hn_daithanh,,contains,,pitch,False,True,"Trường Tiểu học Ngô Thì Nhậm, Ngõ 33, Thành phố Hà Nội, 10136, Việt Nam",,Ngõ 33,grades:[1-5] ;; leisure:[pitch]
update,15af41a1-06af-4753-9b08-847916f94806,227489900,directory,Trường THPT Nguyễn Du - Thanh Oai,hn,2,20.8144804,105.776681888745,hn_danhoa,,contains,,pitch,False,True,"Trường THPT Nguyễn Du - Thanh Oai, Quốc lộ 21B, Thành phố Hà Nội, 10000, Việt Nam",,Quốc lộ 21B,grades:[10-12] ;; leisure:[pitch]
update,48228f53-badf-4a25-b280-ebb93b41cb51,227399942,directory,Nhà thi đấu huyện Đan Phượng,hn,2,21.085953,105.67136920468,hn_danphuong,,contains,4,pitch|sports_centre,True,True,"Nhà thi đấu huyện Đan Phượng, Đường Ô Diên, Thành phố Hà Nội, Việt Nam",,Đường Ô Diên,"building:[yes] ;; leisure:[sports_centre, pitch] ;; sport:[tennis]"
update,840c89a2-11b8-4ee3-b1a2-3822839b5adb,227365729,directory,Sân vận động huyện Đan Phượng,hn,2,21.0849421,105.672325,hn_danphuong,,contains,,pitch|stadium,False,True,"Sân vận động huyện Đan Phượng, Phố Tây Sơn, Thành phố Hà Nội, Việt Nam",,Phố Tây Sơn,"leisure:[stadium, pitch]"
update,84fea65f-9c73-487f-9a5b-43c70c0ae6b6,227361794,directory,Trường THCS Lương Thế Vinh,hn,2,21.0859925,105.658882047116,hn_danphuong,,contains,1,pitch,True,True,"Trường THCS Lương Thế Vinh, Quốc lộ 32, Thành phố Hà Nội, Việt Nam",,Quốc lộ 32,grades:[6-9] ;; leisure:[pitch] ;; sport:[soccer]
update,b940f373-f0df-468a-a3df-4f9e814be327,227364803,directory,Trường THCS Song Phượng,hn,2,21.0813788,105.668570051296,hn_danphuong,,contains,1|2,pitch,True,True,"Trường THCS Song Phượng, Đường Đình Thu, Thành phố Hà Nội, Việt Nam",,Đường Đình Thu,"grades:[6-9] ;; leisure:[pitch] ;; sport:[soccer, basketball]"
update,d3f5fd3c-198e-458e-b738-0901b83bb729,227356241,directory,Trường THCS Thượng Mỗ,hn,2,21.1051608,105.68090031654,hn_danphuong,,contains,2,pitch,True,True,"Trường THCS Thượng Mỗ, Đường Sơn Long, Thành phố Hà Nội, Việt Nam",,Đường Sơn Long,grades:[6-9] ;; leisure:[pitch] ;; sport:[basketball]
update,075b0b56-11a4-493d-acab-e83493ad7eb7,227339055,directory,Trường THCS Đan Phượng,hn,2,21.09065925,105.668129336536,hn_danphuong,,contains,,pitch,False,True,"Trường THCS Đan Phượng, Ngách 28 Đường Hùng, Thành phố Hà Nội, Việt Nam",,Ngách 28 Đường Hùng,grades:[6-9] ;; leisure:[pitch]
update,a9822cc4-0622-4b1c-81d3-d0a8cba72859,227361662,directory,Trường THCS Đồng Tháp,hn,2,21.07975335,105.648339224216,hn_danphuong,,contains,2,pitch,True,True,"Trường THCS Đồng Tháp, Đường 2 Đồng Tháp, Thành phố Hà Nội, Việt Nam",,Đường 2 Đồng Tháp,leisure:[pitch] ;; sport:[basketball]
update,8a4bfbfa-e30e-4364-8431-e52761bb3f1a,227401263,directory,Trường Tiểu học Thượng Mỗ,hn,2,21.1106982,105.679108575194,hn_danphuong,,contains,1|2,pitch,True,True,"Trường Tiểu học Thượng Mỗ, Hoa Sơn, Thành phố Hà Nội, Việt Nam",,Hoa Sơn,"grades:[1-5] ;; leisure:[pitch] ;; sport:[soccer, basketball]"
update,8bcb0df3-6bb6-4e2d-a550-a4c80b1d4e87,227337476,directory,Trường Tiểu học Đan Phượng,hn,2,21.08752385,105.664396477195,hn_danphuong,,contains,1,pitch,True,True,"Trường Tiểu học Đan Phượng, Phố Phượng Trì, Thành phố Hà Nội, Việt Nam",,Phố Phượng Trì,grades:[1-5] ;; leisure:[pitch] ;; sport:[soccer]
update,62dca598-c1c2-4906-8f60-321a0b1e5adc,227338365,directory,Trường THPT Xuân Giang,hn,2,21.24318755,105.890989442199,hn_daphuc,,contains,,pitch,False,True,"Trường THPT Xuân Giang, ĐT.131, Thành phố Hà Nội, Việt Nam",,ĐT.131,grades:[10-12] ;; website:[https://c3xuangiang.edu.vn] ;; leisure:[pitch]
update,55937bd8-bc42-4146-8288-4b3a258641d3,227451025,directory,,hn,2,20.9828414845213,105.825148148376,hn_dinhcong,Quận Hoàng Mai,contains,1,pitch,True,True,"Phường Định Công, Quận Hoàng Mai, Thành phố Hà Nội, 11718, Việt Nam",,,leisure:[pitch] ;; sport:[soccer]
update,c76849ab-e99d-4906-a7cb-bd96411f3b77,227434607,directory,,hn,2,20.9771464,105.8166781,hn_dinhcong,Quận Hoàng Mai,contains,1,pitch,True,True,"Ngách 97 Ngõ 168 Kim Giang, Phường Đại Kim, Quận Hoàng Mai, Thành phố Hà Nội, 10135, Việt Nam",,Ngách 97 Ngõ 168 Kim Giang,service:[alley] ;; motorcar:[destination] ;; leisure:[pitch] ;; sport:[soccer]
update,7f034b70-4b06-4316-8a31-0acf07a0be75,227458045,directory,CT3,hn,2,20.97325545,105.826720700069,hn_dinhcong,Quận Hoàng Mai,contains,1,pitch,True,True,"CT3, Phố Trịnh Đình Cửu, Phường Đại Kim, Quận Hoàng Mai, Thành phố Hà Nội, 11718, Việt Nam",,Phố Trịnh Đình Cửu,building:levels:[28] ;; leisure:[pitch] ;; sport:[soccer]
update,c553d411-bb98-4371-9c0f-64a369fc7f29,227449159,directory,Công an phường Đại Kim,hn,2,20.976421,105.822650543421,hn_dinhcong,Quận Hoàng Mai,contains,1,pitch,True,True,"Công an phường Đại Kim, Ngõ 292 Đường Kim Giang, Phường Đại Kim, Quận Hoàng Mai, Thành phố Hà Nội, 11718, Việt Nam",,Ngõ 292 Đường Kim Giang,building:[yes] ;; leisure:[pitch] ;; sport:[soccer]
update,dbb09f2e-d5ba-423f-a61c-c451d4786139,227435065,directory,Sân bóng Bộ Công An,hn,2,20.96992975,105.819697723499,hn_dinhcong,,contains,,sports_centre|stadium,True,True,"Sân bóng Bộ Công An, Đường Thanh Liệt, Thành phố Hà Nội, 11718, Việt Nam",,Đường Thanh Liệt,"leisure:[sports_centre, stadium] ;; sport:[multi]"
update,9ee46a04-01d6-43a6-a980-39d3ca92947e,399557913,directory,Sân bóng Định Công,hn,2,20.9813673,105.8272823,hn_dinhcong,Quận Hoàng Mai,contains,1,pitch,True,True,"Sân bóng Định Công, Ngõ 99 Định Công Hạ, Phường Định Công, Quận Hoàng Mai, Thành phố Hà Nội, 11718, Việt Nam",,Ngõ 99 Định Công Hạ,sport:[soccer] ;; leisure:[pitch]
update,d0af4846-05d8-4477-acec-6394a3ab0c7e,227428653,directory,Sân thể thao 161 Trần Hoà,hn,2,20.9759781,105.826904,hn_dinhcong,Quận Hoàng Mai,contains,,sports_centre,False,True,"Sân thể thao 161 Trần Hoà, Phố Trần Hòa, Phường Đại Kim, Quận Hoàng Mai, Thành phố Hà Nội, 11718, Việt Nam",,Phố Trần Hòa,leisure:[sports_centre]
update,53c26908-b7c6-478e-8581-5a48a9bcc629,227464258,directory,The Manor Central Park,hn,2,20.9745154416626,105.8105494356,hn_dinhcong,Quận Hoàng Mai,contains,4,pitch,True,True,"The Manor Central Park, Quận Hoàng Mai, Thành phố Hà Nội, 10136, Việt Nam",,,oneway:[yes] ;; leisure:[pitch] ;; sport:[tennis]
update,c9cf76b6-8df4-45fa-bccf-23427e197c0b,227434901,directory,Trung tâm Thể thao Bộ Công an,hn,2,20.96999195,105.819696464981,hn_dinhcong,,contains,1,pitch,True,True,"Trung tâm Thể thao Bộ Công an, Đường Thanh Liệt, Thành phố Hà Nội, 11718, Việt Nam",,Đường Thanh Liệt,sport:[soccer] ;; leisure:[pitch]
update,f88e6d5c-ffa1-4f5d-8070-acaafd9a3064,227449172,directory,Trường Mầm non Hoa Sữa,hn,2,20.97477665,105.821373531723,hn_dinhcong,Quận Hoàng Mai,contains,1,pitch,True,True,"Trường Mầm non Hoa Sữa, Ngõ 282 Kim Giang, Quận Hoàng Mai, Thành phố Hà Nội, 11718, Việt Nam",,Ngõ 282 Kim Giang,leisure:[pitch] ;; sport:[soccer]
update,b7a288fd-e342-47ec-bbfc-8429acf68662,227430320,directory,Trường Mầm non Linh Đàm,hn,2,20.9701168,105.828483604872,hn_dinhcong,Quận Hoàng Mai,contains,1,pitch,True,True,"Trường Mầm non Linh Đàm, Bắc Linh Đàm, Phường Đại Kim, Quận Hoàng Mai, Thành phố Hà Nội, 11718, Việt Nam",,Bắc Linh Đàm,phone:[+84 243 641 1683] ;; website:[http://mamnonlinhdam.edu.vn/] ;; preschool:[yes] ;; leisure:[pitch] ;; sport:[soccer]
update,43919583-1e28-4b30-a416-c01393bc5fbc,227460876,directory,Trường Quốc Tế Việt Nam,hn,2,20.9748203,105.833655494958,hn_dinhcong,Quận Hoàng Mai,contains,1,pitch,True,True,"Trường Quốc Tế Việt Nam, 6-7, Nguyễn Công Thái, Phường Đại Kim, Quận Hoàng Mai, Thành phố Hà Nội, 11718, Việt Nam",,Nguyễn Công Thái,phone:[+84 2435 409 183] ;; grades:[K-12] ;; website:[https://www.reigategrammar.edu.vn/] ;; leisure:[pitch] ;; sport:[soccer]
update,9d99056d-ac01-4d09-8372-869db6f3df41,227453406,directory,Trường Đại học Thăng Long,hn,2,20.97589615,105.815726334773,hn_dinhcong,Quận Hoàng Mai,contains,2,pitch,True,True,"Trường Đại học Thăng Long, Đường Nghiêm Xuân Yêm, Phường Đại Kim, Quận Hoàng Mai, Thành phố Hà Nội, 11718, Việt Nam",,Đường Nghiêm Xuân Yêm,email:[info@thanglong.edu.vn] ;; phone:[+84 24 3858 7346] ;; website:[https://thanglong.edu.vn/] ;; leisure:[pitch] ;; sport:[basketball]
update,fa53ec7e-0c4f-4230-b6a5-ff8d0ef4db9a,227439927,directory,Viện Kiểm sát nhân dân Thành phố Hà Nội,hn,2,20.97556285,105.811434233268,hn_dinhcong,Quận Hoàng Mai,contains,4,pitch,True,True,"Viện Kiểm sát nhân dân Thành phố Hà Nội, Đường Phạm Tu, Phường Đại Kim, Quận Hoàng Mai, Thành phố Hà Nội, 10136, Việt Nam",,Đường Phạm Tu,phone:[+84 243 934 9091] ;; website:[https://vkshanoi.gov.vn] ;; building:[yes] ;; government:[prosecutor] ;; leisure:[pitch] ;; sport:[tennis]
update,def90aa4-90cf-4aaa-95c1-24e938a99ce1,227433013,directory,Viện Y học cổ truyền Quân đội,hn,2,20.97293555,105.823405235571,hn_dinhcong,Quận Hoàng Mai,contains,4,pitch,True,True,"Viện Y học cổ truyền Quân đội, 442, Đường Kim Giang, Phường Đại Kim, Quận Hoàng Mai, Thành phố Hà Nội, 11718, Việt Nam",442,Đường Kim Giang,operator:[Bộ Quốc phòng] ;; healthcare:[hospital] ;; operator:type:[military] ;; contact:website:[http://yhoccotruyenqd.vn/] ;; healthcare:speciality:[general] ;; leisure:[pitch] ;; sport:[tennis]
update,d2710047-fc7f-4db9-9502-6b8be7cc0086,227372697,directory,,hn,2,21.0593965,105.5276533,hn_doaiphuong,Xã Cổ Đông,contains,,swimming_pool,False,True,"Xã Cổ Đông, Thành phố Hà Nội, Việt Nam",,,leisure:[swimming_pool]
update,59b5ebeb-b600-458f-82b5-6e7b2d4af09c,227365403,directory,Trường Đại học Trần Quốc Tuấn,hn,2,21.0565217,105.51423199893,hn_doaiphuong,Xã Sơn Đông,contains,,swimming_pool,False,True,"Trường Đại học Trần Quốc Tuấn, Sơn Đông, Xã Sơn Đông, Thành phố Hà Nội, Việt Nam",,Sơn Đông,barrier:[fence] ;; landuse:[military] ;; military:[academy] ;; leisure:[swimming_pool]
update,78f0fdcc-7cec-4ee7-8786-cbf68f934f5b,227317843,directory,Sân vận động huyện Đông Anh,hn,2,21.13937675,105.850387152324,hn_donganh,,contains,,pitch|stadium,False,True,"Sân vận động huyện Đông Anh, Đường Cao Lỗ, Thành phố Hà Nội, 12323, Việt Nam",,Đường Cao Lỗ,"leisure:[stadium, pitch]"
update,102faa39-799c-49b7-8c3c-e90b6691e58a,227423722,directory,Trường Mầm non Đông Hội (điểm Đông Trù),hn,2,21.07600855,105.876577579771,hn_donganh,,contains,,pitch,False,True,"Trường Mầm non Đông Hội (điểm Đông Trù), Đường Đông Hội, Thành phố Hà Nội, 11810, Việt Nam",,Đường Đông Hội,leisure:[pitch]
update,540cca2e-5819-460b-b841-ef9e05182184,227420362,directory,Trường THCS Cổ Loa,hn,2,21.12110765,105.869314980299,hn_donganh,,contains,,pitch,False,True,"Trường THCS Cổ Loa, Ngõ 277 Đường Cổ Loa, Thành phố Hà Nội, 12323, Việt Nam",,Ngõ 277 Đường Cổ Loa,grades:[6-9] ;; leisure:[pitch]
update,4868d13b-8eae-45ac-9153-2e9e68f3ad8a,227397807,directory,Trường THCS Dục Tú,hn,2,21.11529225,105.895927887857,hn_donganh,,contains,1,pitch,True,True,"Trường THCS Dục Tú, Ngõ 151 Đường Dục Tú, Thành phố Hà Nội, Việt Nam",,Ngõ 151 Đường Dục Tú,grades:[6-9] ;; leisure:[pitch] ;; sport:[soccer]
update,95290090-55a5-4eaa-b12a-b2683e12c2c6,227400185,directory,Trường THCS Ngô Quyền,hn,2,21.07929915,105.878873299258,hn_donganh,,contains,1,pitch,True,True,"Trường THCS Ngô Quyền, 34, Thành phố Hà Nội, 11810, Việt Nam",,34,grades:[6-9] ;; leisure:[pitch] ;; sport:[soccer]
update,e2811678-bdd5-41f2-82a5-caade400a654,227449597,directory,Trường THPT Cổ Loa,hn,2,21.0966838,105.868062097564,hn_donganh,,contains,1,pitch,True,True,"Trường THPT Cổ Loa, Đường Đông Hội, Thành phố Hà Nội, 12323, Việt Nam",,Đường Đông Hội,grades:[10-12] ;; website:[http://thptcoloa.hanoi.edu.vn] ;; leisure:[pitch] ;; sport:[soccer]
update,62294d71-8e3f-4a50-95bb-913525c62ec2,227313053,directory,Trường Tiểu học An Dương Vương,hn,2,21.12922715,105.88065090688,hn_donganh,,contains,1,pitch,True,True,"Trường Tiểu học An Dương Vương, Đường Dục Nội, Thành phố Hà Nội, 12323, Việt Nam",,Đường Dục Nội,grades:[1-5] ;; leisure:[pitch] ;; sport:[soccer]
update,e71492c9-8deb-45a5-9ee1-c5b4b670e813,227316931,directory,Trường Tiểu học Uy Nỗ,hn,2,21.1443773,105.854795739882,hn_donganh,,contains,1,pitch,True,True,"Trường Tiểu học Uy Nỗ, Đường Đản Dị, Thành phố Hà Nội, 12323, Việt Nam",,Đường Đản Dị,grades:[1-5] ;; leisure:[pitch] ;; sport:[soccer]
update,6e818fe6-0c71-4a94-916a-4300c0c7be4f,227336830,directory,Trường Tiểu học Đào Duy Tùng,hn,2,21.1291506,105.856244066552,hn_donganh,,contains,1,pitch,True,True,"Trường Tiểu học Đào Duy Tùng, Đường Đào Duy Tùng, Thành phố Hà Nội, 12323, Việt Nam",,Đường Đào Duy Tùng,grades:[1-5] ;; leisure:[pitch] ;; sport:[soccer]
update,728431a9-99f5-4cd6-b278-eb6f4d4e3b95,227382520,directory,,hn,2,21.0094004855836,105.822819852946,hn_dongda,Quận Đống Đa,contains,4,pitch,True,True,"Ngõ 3 Phố Thái Hà, Phường Trung Liệt, Quận Đống Đa, Thành phố Hà Nội, 10165, Việt Nam",,Ngõ 3 Phố Thái Hà,service:[alley] ;; surface:[asphalt] ;; leisure:[pitch] ;; sport:[tennis]
update,a7f9085e-f94c-4052-956a-fad849335fe3,227367060,directory,3 Thái Hà,hn,2,21.0100085,105.8229433,hn_dongda,Quận Đống Đa,contains,4,pitch,True,True,"3 Thái Hà, Ngõ 16 Phố Thái Hà, Phường Trung Liệt, Quận Đống Đa, Thành phố Hà Nội, 10165, Việt Nam",,Ngõ 16 Phố Thái Hà,bus:[yes] ;; bench:[yes] ;; shelter:[yes] ;; public_transport:[platform] ;; leisure:[pitch] ;; sport:[tennis]
update,e8dffa7b-94ed-4cb1-b170-7509e0b72418,227360646,directory,Bể Bơi Bốn Mùa,hn,2,21.0134122,105.8228421,hn_dongda,Quận Đống Đa,contains,,swimming_pool,False,True,"Bể Bơi Bốn Mùa, 14, Phố Trần Quang Diệu, Phường Trung Liệt, Quận Đống Đa, Thành phố Hà Nội, 10265, Việt Nam",14,Phố Trần Quang Diệu,leisure:[swimming_pool]
update,1744089f-90e0-4f00-a02c-531a0dc3bba5,227358850,directory,Bể bơi Thái Hà,hn,2,21.0097835,105.822455973427,hn_dongda,Quận Đống Đa,contains,,sports_centre|swimming_pool,True,True,"Bể bơi Thái Hà, Ngách 3/2 Phố Thái Hà, Phường Trung Liệt, Quận Đống Đa, Thành phố Hà Nội, 10165, Việt Nam",,Ngách 3/2 Phố Thái Hà,"lit:[yes] ;; sport:[swimming] ;; covered:[no] ;; location:[outdoor] ;; swimming_pool:[outdoor] ;; leisure:[sports_centre, swimming_pool]"
update,3de88c78-45f0-40ac-8e37-0820419827da,227381048,directory,Sân bóng rổ Zone Six7,hn,2,21.0086062,105.817724582623,hn_dongda,Quận Đống Đa,contains,4,sports_centre,True,True,"Sân bóng rổ Zone Six7, Ngõ 67 Thái Thịnh, Phường Thịnh Quang, Quận Đống Đa, Thành phố Hà Nội, 10165, Việt Nam",,Ngõ 67 Thái Thịnh,sport:[tennis] ;; leisure:[sports_centre]
update,bfd283a9-5a79-4441-bc18-fab7c1cf6a85,227425317,directory,,hn,2,21.0567829,105.7780762,hn_dongngac,Quận Bắc Từ Liêm,contains,4,pitch,True,True,"Phường Cổ Nhuế 2, Quận Bắc Từ Liêm, Thành phố Hà Nội, 12500, Việt Nam",,,leisure:[pitch] ;; sport:[tennis]
update,4327d12d-3060-4e1c-a92a-17b258a381b8,227410812,directory,Bowling Store,hn,2,21.0646328,105.7822535,hn_dongngac,Quận Bắc Từ Liêm,contains,,pitch,True,True,"Bowling Store, Phố Chế Lan Viên, Phường Cổ Nhuế 2, Quận Bắc Từ Liêm, Thành phố Hà Nội, 12500, Việt Nam",,Phố Chế Lan Viên,sport:[bowls] ;; leisure:[pitch]
update,89ac5302-cab0-4a82-992e-fac6612b1cc9,227411177,directory,Bãi Đỗ Xe,hn,2,21.06752815,105.778274718508,hn_dongngac,Quận Bắc Từ Liêm,contains,1,pitch,True,True,"Bãi Đỗ Xe, Ngõ 415 Cổ Nhuế, Phường Cổ Nhuế 2, Quận Bắc Từ Liêm, Thành phố Hà Nội, 12500, Việt Nam",,Ngõ 415 Cổ Nhuế,parking:[surface] ;; leisure:[pitch] ;; sport:[soccer]
update,96133ea3-1924-4e82-8a68-c99f1b734fc6,227398833,directory,Bể bơi thông minh,hn,2,21.0655499,105.7814787,hn_dongngac,Quận Bắc Từ Liêm,contains,,swimming_pool,False,True,"Bể bơi thông minh, Phố Chế Lan Viên, Phường Cổ Nhuế 2, Quận Bắc Từ Liêm, Thành phố Hà Nội, 12500, Việt Nam",,Phố Chế Lan Viên,access:[yes] ;; location:[indoor] ;; leisure:[swimming_pool]
update,e8188515-8e20-4164-81cf-ff35720ff941,227396363,directory,CLB Tennis & Bơi lội Tăng Thiết Giáp,hn,2,21.0579014,105.779812586416,hn_dongngac,Quận Bắc Từ Liêm,contains,4,pitch|sports_centre|swimming_pool,True,True,"CLB Tennis & Bơi lội Tăng Thiết Giáp, Tăng Thiết Giáp, Phường Cổ Nhuế 2, Quận Bắc Từ Liêm, Thành phố Hà Nội, 12500, Việt Nam",,Tăng Thiết Giáp,"leisure:[sports_centre, pitch, swimming_pool] ;; sport:[tennis]"
update,1667dba2-815e-4d1f-87a6-6b3659aa1745,227404221,directory,Học viện Cảnh sát Nhân dân,hn,2,21.06694895,105.764437263108,hn_dongngac,Quận Bắc Từ Liêm,contains,1,pitch|swimming_pool,True,True,"Học viện Cảnh sát Nhân dân, Đường Phạm Văn Nghị, Phường Cổ Nhuế 2, Quận Bắc Từ Liêm, Thành phố Hà Nội, 12500, Việt Nam",,Đường Phạm Văn Nghị,"wikidata:[Q10771884] ;; wikipedia:[vi:Học viện Cảnh sát nhân dân] ;; leisure:[pitch, swimming_pool] ;; sport:[soccer]"
update,6f38b8ef-9065-4341-b7d5-3b6e9a82b945,227425804,directory,Học viện Tài chính,hn,2,21.07968755,105.779640474663,hn_dongngac,Quận Bắc Từ Liêm,contains,1,pitch,True,True,"Học viện Tài chính, 69, Đường Đức Thắng, Phường Đức Thắng, Quận Bắc Từ Liêm, Thành phố Hà Nội, 12500, Việt Nam",69,Đường Đức Thắng,leisure:[pitch] ;; sport:[soccer]
update,e7db5412-6cc0-4b30-b5f6-8696b1d0f0d6,227387562,directory,Học viện Tài chính,hn,2,21.0758507,105.772858264336,hn_dongngac,Quận Bắc Từ Liêm,contains,1|2|4,pitch|swimming_pool,True,True,"Học viện Tài chính, 58, ngõ 54 lê văn hiến, Phường Đức Thắng, Quận Bắc Từ Liêm, Thành phố Hà Nội, 12500, Việt Nam",58,ngõ 54 lê văn hiến,"operator:[Bộ Giáo dục và Đào tạo] ;; leisure:[pitch, swimming_pool] ;; sport:[soccer, basketball, tennis, golf]"
update,48f38496-0684-40ea-b15d-9648446a01d6,227389265,directory,Nướng mỏ,hn,2,21.0715564,105.7719014,hn_dongngac,Quận Bắc Từ Liêm,contains,,sports_centre,True,True,"Nướng mỏ, Cầu Đức Thành, 292 Đ. Bờ Tây Sông Nhuệ, Cổ Nhuế, Từ Liêm, Hà Nội, Việt Nam, Phố Viên, Phường Đức Thắng, Quận Bắc Từ Liêm, Thành phố Hà Nội, 12500, Việt Nam",,Phố Viên,phone:[969363201] ;; opening_hours:[Mo-Su 17:00-00:00] ;; leisure:[sports_centre] ;; sport:[swimming]
update,5b7fd72a-4577-446d-b829-05a28516a8cc,227386969,directory,Sân bóng Phường Cổ Nhuế 2,hn,2,21.0584034,105.779393443804,hn_dongngac,Quận Bắc Từ Liêm,contains,1|4,pitch|sports_centre,True,True,"Sân bóng Phường Cổ Nhuế 2, Ngõ 43 Cổ Nhuế, Phường Cổ Nhuế 2, Quận Bắc Từ Liêm, Thành phố Hà Nội, 12500, Việt Nam",,Ngõ 43 Cổ Nhuế,"sport:[soccer, tennis] ;; leisure:[sports_centre, pitch]"
update,eeb124ca-64f5-4df3-ae09-23b5e3892a52,227388946,directory,Sân bóng cổ nhuê,hn,2,21.0609975,105.777990512069,hn_dongngac,Quận Bắc Từ Liêm,contains,1,pitch,True,True,"Sân bóng cổ nhuê, Ngõ 145 Cổ Nhuế, Phường Cổ Nhuế 2, Quận Bắc Từ Liêm, Thành phố Hà Nội, 12500, Việt Nam",,Ngõ 145 Cổ Nhuế,sport:[soccer] ;; leisure:[pitch]
update,cdb80461-83af-49af-934f-2fcf0087c917,227393066,directory,Sân bóng Đông Ngạc,hn,2,21.08589745,105.778779764794,hn_dongngac,Quận Bắc Từ Liêm,contains,,pitch|sports_centre,False,True,"Sân bóng Đông Ngạc, Đường Đông Thắng, Phường Đông Ngạc, Quận Bắc Từ Liêm, Thành phố Hà Nội, 11909, Việt Nam",,Đường Đông Thắng,"leisure:[sports_centre, pitch]"
update,df3a74fc-c744-426d-addd-c023d3aa2f9f,227415475,directory,Trường Phổ thông Đoàn Thị Điểm,hn,2,21.07081995,105.779952855811,hn_dongngac,Quận Bắc Từ Liêm,contains,1|2,pitch,True,True,"Trường Phổ thông Đoàn Thị Điểm, Phố Nguyễn Đình Tứ, Phường Cổ Nhuế 2, Quận Bắc Từ Liêm, Thành phố Hà Nội, 12500, Việt Nam",,Phố Nguyễn Đình Tứ,"leisure:[pitch] ;; sport:[soccer, basketball]"
update,b5ac6405-6af3-41c1-a881-7f872a3f42dc,227390296,directory,Trường THCS Cổ Nhuế 2,hn,2,21.06882105,105.781375128832,hn_dongngac,Quận Bắc Từ Liêm,contains,,pitch,False,True,"Trường THCS Cổ Nhuế 2, Phố Phạm Tiến Duật, Phường Cổ Nhuế 2, Quận Bắc Từ Liêm, Thành phố Hà Nội, 12500, Việt Nam",,Phố Phạm Tiến Duật,grades:[6-9] ;; leisure:[pitch]
update,6f1318d1-09b5-4f47-b17e-1cd52d9860d9,227421984,directory,Trường THCS Đức Thắng,hn,2,21.0827276,105.773359321299,hn_dongngac,Quận Bắc Từ Liêm,contains,,pitch,False,True,"Trường THCS Đức Thắng, Ngõ 429 Đường Hoàng Tăng Bí, Phường Đức Thắng, Quận Bắc Từ Liêm, Thành phố Hà Nội, 11909, Việt Nam",,Ngõ 429 Đường Hoàng Tăng Bí,leisure:[pitch]
update,e4398f12-1c70-4884-ad4c-9ae9aa8a858d,227385765,directory,Trường Tiểu học Cổ Nhuế 2B,hn,2,21.06130775,105.777776989534,hn_dongngac,Quận Bắc Từ Liêm,contains,,pitch,False,True,"Trường Tiểu học Cổ Nhuế 2B, Ngõ 145 Cổ Nhuế, Phường Cổ Nhuế 2, Quận Bắc Từ Liêm, Thành phố Hà Nội, 12500, Việt Nam",,Ngõ 145 Cổ Nhuế,grades:[1-5] ;; opening_hours:[Mo-Sa 07:00-20:00] ;; leisure:[pitch]
update,58b8ef07-cf4d-4ca7-8c32-c9a9d0231953,227413464,directory,Trường Tiểu học Đông Ngạc A,hn,2,21.08736435,105.778407355403,hn_dongngac,Quận Bắc Từ Liêm,contains,,pitch,False,True,"Trường Tiểu học Đông Ngạc A, Đường Thụy Phương, Phường Đông Ngạc, Quận Bắc Từ Liêm, Thành phố Hà Nội, 11909, Việt Nam",,Đường Thụy Phương,leisure:[pitch]
update,aade435f-89c6-43a8-9b30-29f51ad9218e,227418455,directory,Trường Tiểu học Đức Thắng,hn,2,21.0781955,105.776427970489,hn_dongngac,Quận Bắc Từ Liêm,contains,,pitch,False,True,"Trường Tiểu học Đức Thắng, Phố Văn Hội, Phường Đức Thắng, Quận Bắc Từ Liêm, Thành phố Hà Nội, 11909, Việt Nam",,Phố Văn Hội,grades:[1-5] ;; leisure:[pitch]
update,cf58a980-b374-487a-b343-a62f265e95e8,227397835,directory,Trường Đại học Mỏ - Địa chất (khu B),hn,2,21.06905,105.761223640319,hn_dongngac,Quận Bắc Từ Liêm,contains,1|2,pitch,True,True,"Trường Đại học Mỏ - Địa chất (khu B), Khu B Đại Học Mỏ, Phường Cổ Nhuế 2, Quận Bắc Từ Liêm, Thành phố Hà Nội, 12500, Việt Nam",,Khu B Đại Học Mỏ,"leisure:[pitch] ;; sport:[soccer, basketball, volleyball]"
update,abb649af-45a2-4258-b4b5-7010c9ef298b,227394602,directory,Trường Đại học Y tế Công cộng,hn,2,21.0820916,105.779989787087,hn_dongngac,Quận Bắc Từ Liêm,contains,1,pitch,True,True,"Trường Đại học Y tế Công cộng, 1A, Đường Đức Thắng, Phường Đức Thắng, Quận Bắc Từ Liêm, Thành phố Hà Nội, 12500, Việt Nam",,Đường Đức Thắng,leisure:[pitch] ;; sport:[soccer]
update,2199a789-1cf4-4fc6-94c6-74341698de0f,227347017,directory,Sân vận động xã Đắc Sở,hn,2,21.0355377,105.678002354878,hn_duonghoa,,contains,1,stadium,True,True,"Sân vận động xã Đắc Sở, Đường Lý Phục Man, Thành phố Hà Nội, 34000, Việt Nam",,Đường Lý Phục Man,sport:[soccer] ;; leisure:[stadium]
update,f4337ea8-6ce6-412f-a203-c0d0a63d9aab,227345621,directory,Trường Tiểu học Minh Khai,hn,2,21.06580935,105.674918823785,hn_duonghoa,,contains,1,pitch,True,True,"Trường Tiểu học Minh Khai, Đường Lý Phục Man, Thành phố Hà Nội, 34000, Việt Nam",,Đường Lý Phục Man,grades:[1-5] ;; leisure:[pitch] ;; sport:[soccer]
update,12aa32c6-8bfb-47f8-81bb-c82d77521704,227349169,directory,Vinasat,hn,2,21.0485784,105.6890259,hn_duonghoa,,contains,4,pitch,True,True,"Vinasat, Đường Sơn Đồng, Thành phố Hà Nội, 34000, Việt Nam",,Đường Sơn Đồng,leisure:[pitch] ;; sport:[tennis]
update,868f556b-6bab-4f97-91ec-1e33e2f7ee2a,227461640,directory,Khu đô thị mới Lê Trọng Tấn Geleximco - Khu D,hn,2,20.9820811066233,105.741873904951,hn_duongnoi,,contains,1,pitch,True,True,"Khu đô thị mới Lê Trọng Tấn Geleximco - Khu D, Thành phố Hà Nội, 10170, Việt Nam",,,leisure:[pitch] ;; sport:[soccer]
update,a6193d65-f57c-4496-8688-e93e987b8e15,227462862,directory,Sân bóng,hn,2,20.9613858,105.748988057778,hn_duongnoi,Quận Hà Đông,contains,1|4,pitch,True,True,"Sân bóng, Phố Nguyễn Trác, Phường Yên Nghĩa, Quận Hà Đông, Thành phố Hà Nội, 10170, Việt Nam",,Phố Nguyễn Trác,"sport:[soccer, tennis] ;; leisure:[pitch]"
update,5dcd0835-285c-4faf-8ecb-077a00541909,227431283,directory,The ParkCity Club,hn,2,20.9629516,105.759784549074,hn_duongnoi,Quận Hà Đông,contains,4,pitch|sports_centre|swimming_pool,True,True,"The ParkCity Club, Đường Lê Trọng Tấn, Phường La Khê, Quận Hà Đông, Thành phố Hà Nội, 10170, Việt Nam",,Đường Lê Trọng Tấn,"email:[recep.clubhouse@parkcityhanoi.biz] ;; phone:[+84 24 3203 0999] ;; resort:[recreation_center] ;; website:[https://www.parkcityclubhanoi.com] ;; leisure:[sports_centre, pitch, swimming_pool] ;; sport:[tennis]"
update,5a5bb54a-0b0b-4c5d-9830-0b4ed79c7fda,227454227,directory,Trường Liên cấp Lômônôxốp Tây Hà Nội,hn,2,20.97854405,105.74125955054,hn_duongnoi,Quận Hà Đông,contains,1|2,pitch,True,True,"Trường Liên cấp Lômônôxốp Tây Hà Nội, Ngõ 291 Lê Trọng Tấn, Quận Hà Đông, Thành phố Hà Nội, 10170, Việt Nam",,Ngõ 291 Lê Trọng Tấn,"grades:[1-12] ;; leisure:[pitch] ;; sport:[soccer, basketball]"
update,59f37673-2d5b-46f2-ab77-743989df0ba3,227462728,directory,Trường Mầm non Lômônôxốp Dương Nội,hn,2,20.98397165,105.742969621041,hn_duongnoi,Quận Hà Đông,contains,1,pitch,True,True,"Trường Mầm non Lômônôxốp Dương Nội, Đường Dương Nội, Phường Dương Nội, Quận Hà Đông, Thành phố Hà Nội, 10170, Việt Nam",,Đường Dương Nội,leisure:[pitch] ;; sport:[soccer]
update,e8cb8892-a9c2-4d6d-aa9c-00ad78b33a6a,227452758,directory,Trường Phổ thông Quốc tế Việt Nam,hn,2,20.98787435,105.752524634169,hn_duongnoi,Quận Hà Đông,contains,,pitch,False,True,"Trường Phổ thông Quốc tế Việt Nam, Phố Nguyễn Văn Luyện, Phường Dương Nội, Quận Hà Đông, Thành phố Hà Nội, 10070, Việt Nam",,Phố Nguyễn Văn Luyện,grades:[1-12] ;; leisure:[pitch]
update,3fb5f69b-1350-4dfd-b20d-3dadd382a104,227469054,directory,Trường Phổ thông liên cấp H.A.S,hn,2,20.9851239,105.744424711957,hn_duongnoi,Quận Hà Đông,contains,2,pitch,True,True,"Trường Phổ thông liên cấp H.A.S, Đường Chùa Võ, Quận Hà Đông, Thành phố Hà Nội, 10170, Việt Nam",,Đường Chùa Võ,leisure:[pitch] ;; sport:[basketball]
update,771928b8-7304-44b6-bc65-bd03e71ff3eb,227429977,directory,Trường Quốc tế ParkCity Hanoi,hn,2,20.96281555,105.760888431682,hn_duongnoi,Quận Hà Đông,contains,1,pitch,True,True,"Trường Quốc tế ParkCity Hanoi, Đường Lê Trọng Tấn, Phường La Khê, Quận Hà Đông, Thành phố Hà Nội, 10170, Việt Nam",,Đường Lê Trọng Tấn,"email:[info@isph.edu.vn] ;; phone:[+84 2 456 789 000] ;; website:[https://isph.edu.vn/] ;; leisure:[pitch] ;; sport:[soccer, baseball]"
update,e78a430f-a6ad-4b00-b432-40b447b197c6,227438538,directory,Trường THPT chuyên Nguyễn Huệ,hn,2,20.9609573,105.759844968083,hn_duongnoi,Quận Hà Đông,contains,2,pitch,True,True,"Trường THPT chuyên Nguyễn Huệ, 560B, Đường Quang Trung, Phường La Khê, Quận Hà Đông, Thành phố Hà Nội, 10170, Việt Nam",,Đường Quang Trung,"grades:[10-12] ;; leisure:[pitch] ;; sport:[basketball, volleyball]"
update,ec9294cf-23a3-4bca-a167-33d555b1e3d1,227437318,directory,Trường Tiểu học An Hưng,hn,2,20.97414905,105.752163245738,hn_duongnoi,Quận Hà Đông,contains,1,pitch,True,True,"Trường Tiểu học An Hưng, Khu Đô Thị Dương Nội, Phường Dương Nội, Quận Hà Đông, Thành phố Hà Nội, 10170, Việt Nam",,Khu Đô Thị Dương Nội,grades:[1-5] ;; website:[https://tieuhocanhung.edu.vn/] ;; leisure:[pitch] ;; sport:[soccer]
update,18bff265-7093-4a4b-90e5-d60c04c06e37,227420953,directory,,hn,2,21.0064835601701,105.948342134599,hn_gialam,,contains,1,pitch,True,True,"Ngõ 208, Kiên Thành, Thành phố Hà Nội, Việt Nam",,Ngõ 208,surface:[asphalt] ;; leisure:[pitch] ;; sport:[soccer]
update,58a80618-845a-43fb-9c28-c31f29c8d637,227407565,directory,,hn,2,21.0112130607007,105.925396159547,hn_gialam,,contains,1,pitch,True,True,"Đường Khu A Viện Rau quả, An Lạc, Thành phố Hà Nội, 08443, Việt Nam",,Đường Khu A Viện Rau quả,surface:[concrete] ;; leisure:[pitch] ;; sport:[soccer]
update,6f21d7da-a46f-4a87-b2e5-961390d31337,227412711,directory,,hn,2,21.0170297088265,105.947967918881,hn_gialam,,contains,4,pitch,True,True,"Đường Đặng Xá 8, Voi Phục, Thành phố Hà Nội, 08443, Việt Nam",,Đường Đặng Xá 8,leisure:[pitch] ;; sport:[tennis]
update,6f239149-eace-4e82-96b4-bde73f30717e,227429641,directory,,hn,2,21.01656925,105.929287165624,hn_gialam,,contains,,swimming_pool,False,True,"An Lạc, Thành phố Hà Nội, 08443, Việt Nam",,,leisure:[swimming_pool]
update,9bfe7656-6e5a-4d51-a059-134352811bf1,227443173,directory,,hn,2,21.0145622068441,105.937697386534,hn_gialam,,contains,1,pitch,True,True,"Ngõ 21 phố Nguyễn Khiêm Ích, Thành phố Hà Nội, 08443, Việt Nam",,Ngõ 21 phố Nguyễn Khiêm Ích,surface:[asphalt] ;; sidewalk:[both] ;; leisure:[pitch] ;; sport:[soccer]
update,dbb4586d-699b-4d44-affb-97b28d98794c,227434570,directory,,hn,2,21.0119899039184,105.925634510872,hn_gialam,,contains,1,pitch,True,True,"Ngõ 14 Khu A, Thành phố Hà Nội, 08443, Việt Nam",,Ngõ 14 Khu A,surface:[concrete] ;; leisure:[pitch] ;; sport:[soccer]
update,e5330c41-d137-4433-a031-7e2a235f1821,227409266,directory,,hn,2,21.0118524563971,105.925983265344,hn_gialam,,contains,,pitch,False,True,"Ngõ 12 Khu A, Thành phố Hà Nội, 08443, Việt Nam",,Ngõ 12 Khu A,service:[alley] ;; surface:[concrete] ;; leisure:[pitch]
update,b51b20cb-b680-4354-ab0f-6e86e9b3994c,227439697,directory,Bien Ho Badminton Court 1,hn,2,20.99695045,105.944505325171,hn_gialam,,contains,3,pitch,True,True,"Bien Ho Badminton Court 1, Đường Biển Hồ, Thành phố Hà Nội, Việt Nam",,Đường Biển Hồ,lit:[yes] ;; sport:[badminton] ;; access:[permissive] ;; covered:[no] ;; check_date:[2024-06-25] ;; leisure:[pitch]
update,2a7860f2-c8b8-47a3-8c34-742a440a42a5,227423181,directory,Bien Ho Badminton Court 2,hn,2,20.99700235,105.944413943266,hn_gialam,,contains,3,pitch,True,True,"Bien Ho Badminton Court 2, Đường Biển Hồ, Thành phố Hà Nội, Việt Nam",,Đường Biển Hồ,lit:[yes] ;; sport:[badminton] ;; access:[permissive] ;; covered:[no] ;; check_date:[2024-06-25] ;; leisure:[pitch]
update,e1aedd8c-9b8c-4fb2-a06a-199555e3457a,227424887,directory,Bien Ho Badminton Court 3,hn,2,20.9984933,105.9441212,hn_gialam,,contains,3,pitch,True,True,"Bien Ho Badminton Court 3, Đường D, An Đào, Thành phố Hà Nội, Việt Nam",,Đường D,lit:[yes] ;; sport:[badminton] ;; access:[permissive] ;; covered:[no] ;; check_date:[2024-06-25] ;; leisure:[pitch]
update,5b9cd9a7-3765-4ecc-abd7-8034c671c227,227416873,directory,Bien Ho Basketball Court 1,hn,2,20.99678145,105.944720738366,hn_gialam,,contains,2,pitch,True,True,"Bien Ho Basketball Court 1, Đường Biển Hồ, Thành phố Hà Nội, Việt Nam",,Đường Biển Hồ,lit:[yes] ;; hoops:[1] ;; sport:[basketball] ;; access:[permissive] ;; covered:[no] ;; check_date:[2024-06-25] ;; leisure:[pitch]
update,b222fb6d-cd58-4b4a-b4fd-e39a1d5dc9d3,227414020,directory,Bien Ho Basketball Court 2,hn,2,20.9968837,105.944623358867,hn_gialam,,contains,2,pitch,True,True,"Bien Ho Basketball Court 2, Đường Biển Hồ, Thành phố Hà Nội, Việt Nam",,Đường Biển Hồ,lit:[yes] ;; hoops:[1] ;; sport:[basketball] ;; access:[permissive] ;; covered:[no] ;; check_date:[2024-06-25] ;; leisure:[pitch]
update,276e7ceb-afc2-4e4b-ba0e-d0170fdba50e,227467562,directory,Bien Ho Basketball Court 3,hn,2,20.9985992,105.94403855,hn_gialam,,contains,2,pitch,True,True,"Bien Ho Basketball Court 3, Đường Biển Hồ, Thành phố Hà Nội, Việt Nam",,Đường Biển Hồ,lit:[yes] ;; hoops:[1] ;; sport:[basketball] ;; access:[permissive] ;; covered:[no] ;; check_date:[2024-06-25] ;; leisure:[pitch]
update,35f05fcb-0aec-4970-a1ad-8d5ad4b390c7,227434293,directory,Bien Ho Pickleball Court 1,hn,2,20.99879425,105.943889966188,hn_gialam,,contains,5,pitch,True,True,"Bien Ho Pickleball Court 1, Đường Biển Hồ, Thành phố Hà Nội, Việt Nam",,Đường Biển Hồ,lit:[yes] ;; sport:[pickleball] ;; access:[permissive] ;; covered:[no] ;; check_date:[2024-12-19] ;; leisure:[pitch]
update,3d18c8d2-ce91-40e6-944c-c1773dcc9d52,227437044,directory,Bien Ho Table Tennis Court 1,hn,2,20.99683925,105.944771090297,hn_gialam,,contains,,pitch,True,True,"Bien Ho Table Tennis Court 1, Đường Biển Hồ, Thành phố Hà Nội, Việt Nam",,Đường Biển Hồ,lit:[yes] ;; sport:[table_tennis] ;; access:[permissive] ;; covered:[no] ;; check_date:[2024-06-25] ;; leisure:[pitch]
update,64b82541-88a4-421b-9831-5f388e59252a,227414220,directory,Bien Ho Volleyball Court 1,hn,2,20.9970536,105.944324010179,hn_gialam,,contains,,pitch,True,True,"Bien Ho Volleyball Court 1, Đường Biển Hồ, Thành phố Hà Nội, Việt Nam",,Đường Biển Hồ,lit:[yes] ;; sport:[volleyball] ;; access:[permissive] ;; covered:[no] ;; check_date:[2024-06-25] ;; leisure:[pitch]
update,16fe4406-b7c7-479e-a157-3bb8a5b648d6,227413612,directory,Bien Ho Volleyball Court 2,hn,2,20.9970832,105.944224927477,hn_gialam,,contains,,pitch,True,True,"Bien Ho Volleyball Court 2, Đường Biển Hồ, Thành phố Hà Nội, Việt Nam",,Đường Biển Hồ,lit:[yes] ;; sport:[volleyball] ;; access:[permissive] ;; covered:[no] ;; check_date:[2024-06-25] ;; leisure:[pitch]
update,84c19d43-6711-4bdd-8cfc-a36bcae14215,227464346,directory,Bể bơi Tùng Lâm,hn,2,21.0162126,105.940249965989,hn_gialam,,contains,,swimming_pool,False,True,"Bể bơi Tùng Lâm, Phố Cửu Việt, Thành phố Hà Nội, 08443, Việt Nam",,Phố Cửu Việt,leisure:[swimming_pool]
update,8183b8e0-f121-4b36-84b5-d2d399c036fc,227438757,directory,Hai Au Badminton Court 1,hn,2,20.99085485,105.953859223257,hn_gialam,,contains,3,pitch,True,True,"Hai Au Badminton Court 1, Hải Âu 6, Thành phố Hà Nội, Việt Nam",,Hải Âu 6,lit:[yes] ;; sport:[badminton] ;; access:[permissive] ;; covered:[no] ;; check_date:[2024-06-25] ;; leisure:[pitch]
update,74c32021-9389-491e-9cb5-737b9a1ab536,227415749,directory,Hai Au Basketball Court 1,hn,2,20.99071405,105.953692500125,hn_gialam,,contains,2,pitch,True,True,"Hai Au Basketball Court 1, Hải Âu 6, Thành phố Hà Nội, Việt Nam",,Hải Âu 6,lit:[yes] ;; hoops:[1] ;; sport:[basketball] ;; access:[permissive] ;; covered:[no] ;; check_date:[2024-06-25] ;; leisure:[pitch]
update,c29bc1d1-85c3-4193-bc1e-9e338d1796c5,227414402,directory,Hai Au Basketball Court 2,hn,2,20.99066975,105.953623381339,hn_gialam,,contains,2,pitch,True,True,"Hai Au Basketball Court 2, Hải Âu 6, Thành phố Hà Nội, Việt Nam",,Hải Âu 6,lit:[yes] ;; hoops:[1] ;; sport:[basketball] ;; access:[permissive] ;; covered:[no] ;; check_date:[2024-06-25] ;; leisure:[pitch]
update,dd6ba4b7-1bc3-4608-b1ef-45ab6f7c26d4,227436171,directory,Hai Au Table Tennis Court 1,hn,2,20.99075835,105.953613193231,hn_gialam,,contains,,pitch,True,True,"Hai Au Table Tennis Court 1, Hải Âu 8, Thành phố Hà Nội, Việt Nam",,Hải Âu 8,lit:[yes] ;; sport:[table_tennis] ;; access:[permissive] ;; covered:[no] ;; check_date:[2024-06-25] ;; leisure:[pitch]
update,8aa9beb8-d4ae-4388-abbe-223c0b0abc37,227422241,directory,Hai Au Tennis Court 1,hn,2,20.9910146,105.953930419852,hn_gialam,,contains,4,pitch,True,True,"Hai Au Tennis Court 1, Hải Âu 7, Thành phố Hà Nội, Việt Nam",,Hải Âu 7,lit:[yes] ;; sport:[tennis] ;; access:[permissive] ;; covered:[no] ;; check_date:[2024-06-25] ;; leisure:[pitch]
update,8984ea4b-b727-4041-ab00-cacf86ca8c7b,227413143,directory,Hai Au Volleyball Court 1,hn,2,20.99080275,105.953753583059,hn_gialam,,contains,,pitch,True,True,"Hai Au Volleyball Court 1, Hải Âu 6, Thành phố Hà Nội, Việt Nam",,Hải Âu 6,lit:[yes] ;; sport:[volleyball] ;; access:[permissive] ;; covered:[no] ;; check_date:[2024-06-25] ;; leisure:[pitch]
update,c6b538c7-1580-4bba-bde1-a15cf0d396ef,227436487,directory,Học viện Nông nghiệp Việt Nam,hn,2,21.009802,105.931758817502,hn_gialam,,contains,1|4,pitch,True,True,"Học viện Nông nghiệp Việt Nam, Phố Ngô Xuân Quảng, Bình Minh, Thành phố Hà Nội, 08443, Việt Nam",,Phố Ngô Xuân Quảng,"website:[https://www.vnua.edu.vn/] ;; operator:[Bộ Nông nghiệp và Phát triển nông thôn] ;; wikidata:[Q5649335] ;; wikipedia:[vi:Học viện Nông nghiệp Việt Nam] ;; operator:type:[public/government] ;; leisure:[pitch] ;; sport:[soccer, tennis]"
update,30af7114-2953-47c4-8172-7ff8335e68c9,227421137,directory,Khu tổ hợp thể thao Tùng Lâm,hn,2,21.0159682,105.939735287392,hn_gialam,,contains,1,pitch|sports_centre|swimming_pool,True,True,"Khu tổ hợp thể thao Tùng Lâm, Ngõ 20 phố Nguyễn Mậu Tài, Thành phố Hà Nội, 08443, Việt Nam",,Ngõ 20 phố Nguyễn Mậu Tài,"leisure:[sports_centre, pitch, swimming_pool] ;; sport:[soccer]"
update,f4c012e6-d742-4264-9f96-ddd167718d6b,227415601,directory,Lữ đoàn 84 Cục Tác chiến điện tử,hn,2,20.99740755,105.937534528302,hn_gialam,,contains,3|4,pitch,True,True,"Lữ đoàn 84 Cục Tác chiến điện tử, Đường Hải Đăng, Thành phố Hà Nội, Việt Nam",,Đường Hải Đăng,"landuse:[military] ;; military_service:[army] ;; leisure:[pitch] ;; sport:[badminton, tennis]"
update,7dff0a33-2ff3-4333-b90e-0fc65fdc9e74,227434694,directory,Ngoc Trai Badminton Court,hn,2,20.9978489,105.94701879371,hn_gialam,,contains,4,pitch,True,True,"Ngoc Trai Badminton Court, Đường Ngọc Trai, Thành phố Hà Nội, Việt Nam",,Đường Ngọc Trai,lit:[yes] ;; sport:[tennis] ;; access:[permissive] ;; covered:[no] ;; check_date:[2024-06-26] ;; leisure:[pitch]
update,ba42bddf-4699-4cd6-a7dd-f86ba5793be3,227413730,directory,Ngoc Trai Badminton Court,hn,2,20.9942959,105.948141793709,hn_gialam,,contains,3,pitch,True,True,"Ngoc Trai Badminton Court, Ngọc Trai 3, Thành phố Hà Nội, Việt Nam",,Ngọc Trai 3,lit:[yes] ;; sport:[badminton] ;; access:[permissive] ;; covered:[no] ;; check_date:[2024-06-26] ;; leisure:[pitch]
update,ef28a8aa-21bd-4689-8bf3-6ef1d7c65bc2,227413010,directory,Ngoc Trai Badminton Court,hn,2,20.99656075,105.946866386809,hn_gialam,,contains,3,pitch,True,True,"Ngoc Trai Badminton Court, Ngọc Trai 9, Thành phố Hà Nội, Việt Nam",,Ngọc Trai 9,lit:[yes] ;; sport:[badminton] ;; access:[permissive] ;; covered:[no] ;; check_date:[2024-06-26] ;; leisure:[pitch]
update,35630c2a-bfea-4f8a-a5b6-ed2314c494d9,227411255,directory,Ngoc Trai Pool,hn,2,20.9949598,105.948806551829,hn_gialam,,contains,,swimming_pool,False,True,"Ngoc Trai Pool, Ngọc Trai 3, Thành phố Hà Nội, Việt Nam",,Ngọc Trai 3,access:[permissive] ;; location:[outdoor] ;; check_date:[2024-06-26] ;; swimming_pool:[outdoor] ;; leisure:[swimming_pool]
update,93032ffb-b6c6-4213-943c-449a3a6c53a3,227436655,directory,Ngoc Trai Pool,hn,2,20.99710095,105.947326976483,hn_gialam,,contains,,sports_centre,True,True,"Ngoc Trai Pool, Ngọc Trai 9, Thành phố Hà Nội, Việt Nam",,Ngọc Trai 9,sport:[swimming] ;; access:[permissive] ;; building:[yes] ;; operator:[Vinhomes Ocean Park] ;; check_date:[2024-06-26] ;; leisure:[sports_centre]
update,09ec7246-03a6-467a-ac4b-ec2e26206e3a,227431767,directory,Ngoc Trai Tennis Court,hn,2,20.99672765,105.946565739023,hn_gialam,,contains,4,pitch,True,True,"Ngoc Trai Tennis Court, Ngọc Trai 11, Thành phố Hà Nội, Việt Nam",,Ngọc Trai 11,lit:[yes] ;; sport:[tennis] ;; access:[permissive] ;; covered:[no] ;; check_date:[2024-06-26] ;; leisure:[pitch]
update,1cfa0369-c4ea-43a2-bde6-bf19cafc8e08,227415265,directory,Ngoc Trai Tennis Court,hn,2,20.99458645,105.94796903873,hn_gialam,,contains,4,pitch,True,True,"Ngoc Trai Tennis Court, Ngọc Trai 6, Thành phố Hà Nội, Việt Nam",,Ngọc Trai 6,lit:[yes] ;; sport:[tennis] ;; access:[permissive] ;; covered:[no] ;; check_date:[2024-06-26] ;; leisure:[pitch]
update,53dc9811-2f77-40a3-bdc9-02b55d0474f8,227416681,directory,Ngoc Trai Tennis Court,hn,2,20.994475,105.94780735,hn_gialam,,contains,4,pitch,True,True,"Ngoc Trai Tennis Court, Ngọc Trai 7, Thành phố Hà Nội, Việt Nam",,Ngọc Trai 7,lit:[yes] ;; sport:[tennis] ;; access:[permissive] ;; covered:[no] ;; check_date:[2024-06-26] ;; leisure:[pitch]
update,3d21eff9-3891-460f-93b8-acc89db47a6c,227440598,directory,Ngoc Trai Volleyball Court,hn,2,20.9979327,105.94695335,hn_gialam,,contains,,pitch,True,True,"Ngoc Trai Volleyball Court, Đường Ngọc Trai, Thành phố Hà Nội, Việt Nam",,Đường Ngọc Trai,lit:[yes] ;; sport:[volleyball] ;; access:[permissive] ;; covered:[no] ;; check_date:[2024-06-26] ;; leisure:[pitch]
update,88a706a5-2427-4d07-902d-08e20fe52aa6,227413478,directory,Ngoc Trai Volleyball Court,hn,2,20.99662395,105.9469566,hn_gialam,,contains,,pitch,True,True,"Ngoc Trai Volleyball Court, Ngọc Trai 9, Thành phố Hà Nội, Việt Nam",,Ngọc Trai 9,lit:[yes] ;; sport:[volleyball] ;; access:[permissive] ;; covered:[no] ;; check_date:[2024-06-26] ;; leisure:[pitch]
update,b8d7af68-7cc9-4d88-b2d4-4e0d3afcdd70,227434278,directory,Ngoc Trai Volleyball Court,hn,2,20.99439355,105.948280521473,hn_gialam,,contains,,pitch,True,True,"Ngoc Trai Volleyball Court, Ngọc Trai 3, Thành phố Hà Nội, Việt Nam",,Ngọc Trai 3,lit:[yes] ;; sport:[volleyball] ;; access:[permissive] ;; covered:[no] ;; check_date:[2024-06-26] ;; leisure:[pitch]
update,e0d3a51c-ec27-4812-ae49-6549a9ad6d08,227443761,directory,Ngoc Trai Volleyball Court,hn,2,20.99780235,105.946768844857,hn_gialam,,contains,,pitch,True,True,"Ngoc Trai Volleyball Court, Ngọc Trai 20, Thành phố Hà Nội, Việt Nam",,Ngọc Trai 20,lit:[yes] ;; sport:[volleyball] ;; access:[permissive] ;; covered:[no] ;; check_date:[2024-06-26] ;; leisure:[pitch]
update,0302e42a-a8d4-48ef-b05b-c1e8b54775d9,227433517,directory,Ngọc Trai Basketball Court,hn,2,20.997603,105.946929807255,hn_gialam,,contains,2,pitch,True,True,"Ngọc Trai Basketball Court, Ngọc Trai 11, Thành phố Hà Nội, Việt Nam",,Ngọc Trai 11,lit:[yes] ;; hoops:[1] ;; sport:[basketball] ;; access:[permissive] ;; covered:[no] ;; check_date:[2024-06-26] ;; leisure:[pitch]
update,09052b54-9cf6-4f43-9abb-18486566d426,227439144,directory,Ngọc Trai Basketball Court,hn,2,20.99410085,105.9480571,hn_gialam,,contains,2,pitch,True,True,"Ngọc Trai Basketball Court, Ngọc Trai 3, Thành phố Hà Nội, Việt Nam",,Ngọc Trai 3,"lit:[yes] ;; sport:[basketball, table_tennis] ;; access:[permissive] ;; covered:[no] ;; check_date:[2024-06-26] ;; leisure:[pitch]"
update,32e22203-5614-4895-9904-f28d2ad9b453,227467087,directory,Ngọc Trai Basketball Court,hn,2,20.99776975,105.947096700641,hn_gialam,,contains,2,pitch,True,True,"Ngọc Trai Basketball Court, Đường Ngọc Trai, Thành phố Hà Nội, Việt Nam",,Đường Ngọc Trai,lit:[yes] ;; hoops:[1] ;; sport:[basketball] ;; access:[permissive] ;; covered:[no] ;; check_date:[2024-06-26] ;; leisure:[pitch]
update,c160790d-36ce-46b5-95b6-f1c97397b874,227436962,directory,Ngọc Trai Basketball Court,hn,2,20.994235,105.947998906378,hn_gialam,,contains,2,pitch,True,True,"Ngọc Trai Basketball Court, Ngọc Trai 7, Thành phố Hà Nội, Việt Nam",,Ngọc Trai 7,lit:[yes] ;; hoops:[1] ;; sport:[basketball] ;; access:[permissive] ;; covered:[no] ;; check_date:[2024-06-26] ;; leisure:[pitch]
update,e6966cbc-aede-4826-81c5-77a13d653876,227422589,directory,Ngọc Trai Basketball Court,hn,2,20.99647735,105.946747200939,hn_gialam,,contains,2,pitch,True,True,"Ngọc Trai Basketball Court, Ngọc Trai 9, Thành phố Hà Nội, Việt Nam",,Ngọc Trai 9,lit:[yes] ;; hoops:[1] ;; sport:[basketball] ;; access:[permissive] ;; covered:[no] ;; check_date:[2024-06-26] ;; leisure:[pitch]
update,efcdd941-418a-436b-935e-3ae1edab3d26,227415414,directory,Ngọc Trai Table Tennis Court,hn,2,20.9977288,105.947038470606,hn_gialam,,contains,,pitch,True,True,"Ngọc Trai Table Tennis Court, Ngọc Trai 11, Thành phố Hà Nội, Việt Nam",,Ngọc Trai 11,lit:[yes] ;; sport:[table_tennis] ;; access:[permissive] ;; covered:[no] ;; check_date:[2024-06-26] ;; leisure:[pitch]
update,0fc2f24c-8c83-4c0c-b8fa-d1de19a37776,227409894,directory,Nhà thi đấu huyện Gia Lâm,hn,2,21.0184257,105.944039039759,hn_gialam,,contains,,sports_centre,False,True,"Nhà thi đấu huyện Gia Lâm, Đường Nguyễn Đức Thuận, Bình Minh, Thành phố Hà Nội, 08443, Việt Nam",,Đường Nguyễn Đức Thuận,building:[yes] ;; leisure:[sports_centre]
update,3b595848-a69f-448f-be4c-c759d04c2686,227429158,directory,Nhà văn hóa thôn Vàng,hn,2,21.03263545,105.93816065481,hn_gialam,,contains,1,pitch,True,True,"Nhà văn hóa thôn Vàng, Ngõ 113 đường Cổ Bi, Thôn Vàng, Thành phố Hà Nội, 08443, Việt Nam",,Ngõ 113 đường Cổ Bi,operator:[Uỷ ban nhân dân xã Cổ Bi] ;; townhall:type:[village] ;; leisure:[pitch] ;; sport:[soccer]
update,9463f13b-ebe6-42ad-a94b-9a70017ab4a0,227430387,directory,Pavilion Basketball Court 1,hn,2,21.00324125,105.945345398006,hn_gialam,,contains,2,pitch,True,True,"Pavilion Basketball Court 1, Đường Lý Thánh Tông, An Đào, Thành phố Hà Nội, Việt Nam",,Đường Lý Thánh Tông,lit:[yes] ;; hoops:[1] ;; sport:[basketball] ;; access:[permissive] ;; covered:[no] ;; check_date:[2024-06-25] ;; leisure:[pitch]
update,a389397c-253a-4d3e-a8a9-cafcd38f3509,227440317,directory,Pavilion Basketball Court 2,hn,2,21.00251165,105.94635815,hn_gialam,,contains,2,pitch,True,True,"Pavilion Basketball Court 2, Biển Hồ 5, An Đào, Thành phố Hà Nội, Việt Nam",,Biển Hồ 5,lit:[yes] ;; hoops:[1] ;; sport:[basketball] ;; access:[permissive] ;; covered:[no] ;; check_date:[2024-06-25] ;; leisure:[pitch]
update,4a04ba72-16cc-48ba-ac69-2b82af6f3739,227437236,directory,Pavilion Basketball Court 3,hn,2,21.00256115,105.946427898267,hn_gialam,,contains,2,pitch,True,True,"Pavilion Basketball Court 3, Biển Hồ 5, An Đào, Thành phố Hà Nội, Việt Nam",,Biển Hồ 5,lit:[yes] ;; hoops:[1] ;; sport:[basketball] ;; access:[permissive] ;; covered:[no] ;; leisure:[pitch]
update,04a66f14-1fe9-46af-9015-77bb47d29226,227435249,directory,Pavilion Volleyball Court 1,hn,2,21.0024663,105.94647810406,hn_gialam,,contains,,pitch,True,True,"Pavilion Volleyball Court 1, Biển Hồ 5, An Đào, Thành phố Hà Nội, Việt Nam",,Biển Hồ 5,lit:[yes] ;; sport:[volleyball] ;; access:[permissive] ;; covered:[no] ;; check_date:[2024-06-25] ;; leisure:[pitch]
update,86b001be-a891-4046-8a2e-c63e3a0e8f4e,227420676,directory,Ruby Parking Garage,hn,2,21.0020577,105.944071036559,hn_gialam,,contains,,sports_centre,True,True,"Ruby Parking Garage, Đường Lý Thánh Tông, An Đào, Thành phố Hà Nội, Việt Nam",,Đường Lý Thánh Tông,fee:[yes] ;; layer:[1] ;; access:[yes] ;; charge:[10.000VND/hour] ;; parking:[multi-storey] ;; surface:[asphalt] ;; building:[yes] ;; operator:[Vinhomes Ocean Park] ;; check_date:[2024-06-25] ;; supervised:[yes] ;; payment:cash:[yes] ;; operator:type:[private] ;; building:levels:[5] ;; leisure:[sports_centre] ;; sport:[swimming]
update,1b3d8368-31e9-42b7-9006-0842096a5d1b,227413902,directory,S1 Badminton Court 1,hn,2,20.99385375,105.944127239207,hn_gialam,,contains,3,pitch,True,True,"S1 Badminton Court 1, Hải Đăng 5, Thành phố Hà Nội, Việt Nam",,Hải Đăng 5,lit:[yes] ;; sport:[badminton] ;; access:[permissive] ;; covered:[no] ;; check_date:[2024-06-25] ;; leisure:[pitch]
update,df1ddd1b-0a35-417c-b9cd-74809d8e669b,227444316,directory,S1 Badminton Court 2,hn,2,20.994398,105.94010765,hn_gialam,,contains,3,pitch,True,True,"S1 Badminton Court 2, Đường Hải Đăng, Thành phố Hà Nội, Việt Nam",,Đường Hải Đăng,lit:[yes] ;; sport:[badminton] ;; access:[permissive] ;; covered:[no] ;; check_date:[2024-06-25] ;; leisure:[pitch]
update,6f37685f-030d-4f97-835d-aba13076048d,227438315,directory,S1 Basketball Court 1,hn,2,20.99522525,105.94111235,hn_gialam,,contains,2,pitch,True,True,"S1 Basketball Court 1, Hải Đăng 5, Thành phố Hà Nội, Việt Nam",,Hải Đăng 5,lit:[yes] ;; hoops:[1] ;; sport:[basketball] ;; access:[permissive] ;; covered:[no] ;; check_date:[2024-06-25] ;; leisure:[pitch]
update,a9d3f06f-82b0-4d8f-b2e4-2435f74d1ec6,227434366,directory,S1 Basketball Court 2,hn,2,20.9945088,105.942165877399,hn_gialam,,contains,2,pitch,True,True,"S1 Basketball Court 2, Hải Đăng 5, Thành phố Hà Nội, Việt Nam",,Hải Đăng 5,lit:[yes] ;; hoops:[1] ;; sport:[basketball] ;; access:[permissive] ;; covered:[no] ;; check_date:[2024-06-25] ;; leisure:[pitch]
update,520ac20c-2561-4b73-9c67-d70ef8b7c549,227437019,directory,S1 Basketball Court 3,hn,2,20.9939265,105.944431850935,hn_gialam,,contains,2,pitch,True,True,"S1 Basketball Court 3, Hải Đăng 5, Thành phố Hà Nội, Việt Nam",,Hải Đăng 5,lit:[yes] ;; hoops:[2] ;; sport:[basketball] ;; access:[permissive] ;; covered:[no] ;; check_date:[2024-06-25] ;; leisure:[pitch]
update,364237b3-5850-4a8e-9be0-84742c04f7bf,227434012,directory,S1 Basketball Court 4,hn,2,20.99415445,105.940506238891,hn_gialam,,contains,2,pitch,True,True,"S1 Basketball Court 4, Đường Hải Đăng, Thành phố Hà Nội, Việt Nam",,Đường Hải Đăng,lit:[yes] ;; hoops:[1] ;; sport:[basketball] ;; access:[permissive] ;; covered:[no] ;; check_date:[2024-06-25] ;; leisure:[pitch]
update,cd9dc42e-82cb-4298-b0a6-534cf96ebc9f,227467489,directory,S1 Basketball Court 5,hn,2,20.9942795,105.94039335,hn_gialam,,contains,2,pitch,True,True,"S1 Basketball Court 5, Đường Hải Đăng, Thành phố Hà Nội, Việt Nam",,Đường Hải Đăng,lit:[yes] ;; hoops:[1] ;; sport:[basketball] ;; access:[permissive] ;; covered:[no] ;; check_date:[2024-06-25] ;; leisure:[pitch]
update,d567a766-c0e0-4114-a8c4-0bb20f3b2f09,227434280,directory,S1 Football Field 1,hn,2,20.9965808,105.943770749966,hn_gialam,,contains,1,pitch,True,True,"S1 Football Field 1, Ngõ 5 đường D, An Đào, Thành phố Hà Nội, Việt Nam",,Ngõ 5 đường D,lit:[yes] ;; sport:[soccer] ;; access:[permissive] ;; covered:[no] ;; check_date:[2024-06-25] ;; leisure:[pitch]
update,29a007f3-90f5-441d-b439-704b20b53e93,227435623,directory,S1 Football Field 2,hn,2,20.9940386,105.940053890162,hn_gialam,,contains,1,pitch,True,True,"S1 Football Field 2, Đường Hải Đăng, Thành phố Hà Nội, Việt Nam",,Đường Hải Đăng,lit:[yes] ;; sport:[soccer] ;; access:[permissive] ;; covered:[no] ;; check_date:[2024-06-25] ;; leisure:[pitch]
update,b9e55b04-8d44-4701-a00c-7e1a731bb4bc,227435352,directory,S1 Football Field 3,hn,2,20.9939017,105.940296215374,hn_gialam,,contains,1,pitch,True,True,"S1 Football Field 3, Đại Dương 2, Thành phố Hà Nội, Việt Nam",,Đại Dương 2,lit:[yes] ;; sport:[soccer] ;; access:[permissive] ;; leisure:[pitch]
update,7bd788d8-d4e3-4fb2-8a09-efcfc9cf48d2,227411577,directory,S1 Pickleball Court 1,hn,2,20.9968281,105.9439793,hn_gialam,,contains,5,pitch,True,True,"S1 Pickleball Court 1, Ngõ 5 đường D, An Đào, Thành phố Hà Nội, Việt Nam",,Ngõ 5 đường D,lit:[yes] ;; sport:[pickleball] ;; access:[permissive] ;; covered:[no] ;; check_date:[2024-12-19] ;; leisure:[pitch]
update,fcbd6d1b-e314-4252-a9fd-a65ffa316868,227424188,directory,S1 Pool,hn,2,20.9945163,105.939301684681,hn_gialam,,contains,,swimming_pool,False,True,"S1 Pool, Đường Hải Đăng, Thành phố Hà Nội, Việt Nam",,Đường Hải Đăng,lit:[yes] ;; access:[permissive] ;; location:[outdoor] ;; check_date:[2024-06-25] ;; swimming_pool:[outdoor] ;; leisure:[swimming_pool]
update,a55629f1-e4ab-489e-ab79-8a0b5a58c92f,227434250,directory,S1 Table Tennis Court 1,hn,2,20.9951545,105.941064654478,hn_gialam,,contains,,pitch,True,True,"S1 Table Tennis Court 1, Hải Đăng 5, Thành phố Hà Nội, Việt Nam",,Hải Đăng 5,lit:[yes] ;; sport:[table_tennis] ;; access:[permissive] ;; covered:[no] ;; check_date:[2024-06-25] ;; leisure:[pitch]
update,4804734e-093f-491c-9a84-5d3a5ec32cc7,227418574,directory,S1 Table Tennis Court 2,hn,2,20.99446855,105.942252364769,hn_gialam,,contains,,pitch,True,True,"S1 Table Tennis Court 2, Hải Đăng 5, Thành phố Hà Nội, Việt Nam",,Hải Đăng 5,lit:[yes] ;; sport:[table_tennis] ;; access:[permissive] ;; covered:[no] ;; check_date:[2024-06-25] ;; leisure:[pitch]
update,572f8f7b-138c-4639-a0e0-6a1585a89232,227423102,directory,S1 Table Tennis Court 3,hn,2,20.9941966,105.94034005346,hn_gialam,,contains,,pitch,True,True,"S1 Table Tennis Court 3, Đường Hải Đăng, Thành phố Hà Nội, Việt Nam",,Đường Hải Đăng,lit:[yes] ;; sport:[table_tennis] ;; access:[permissive] ;; covered:[no] ;; check_date:[2024-06-25] ;; leisure:[pitch]
update,99838aa1-303a-42b0-ae01-36eeed439ef7,227432237,directory,S1 Tennis Court 2,hn,2,20.99450785,105.9448048,hn_gialam,,contains,4,pitch,True,True,"S1 Tennis Court 2, Hải Đăng 8, Thành phố Hà Nội, Việt Nam",,Hải Đăng 8,lit:[yes] ;; sport:[tennis] ;; access:[permissive] ;; covered:[no] ;; check_date:[2024-06-25] ;; leisure:[pitch]
update,9119ed2e-ecf1-4ff1-95ed-39c4c80bacd8,227448573,directory,S1 Tennis Court 3,hn,2,20.9943639,105.944712409178,hn_gialam,,contains,4,pitch,True,True,"S1 Tennis Court 3, Hải Đăng 8, Thành phố Hà Nội, Việt Nam",,Hải Đăng 8,lit:[yes] ;; sport:[tennis] ;; access:[permissive] ;; covered:[no] ;; check_date:[2024-06-25] ;; leisure:[pitch]
update,e8062ede-d20e-401e-ba30-e253dc61ee43,227424098,directory,S1 Tennis Court 4,hn,2,20.99422165,105.944621097368,hn_gialam,,contains,4,pitch,True,True,"S1 Tennis Court 4, Hải Đăng 8, Thành phố Hà Nội, Việt Nam",,Hải Đăng 8,lit:[yes] ;; sport:[tennis] ;; access:[permissive] ;; covered:[no] ;; check_date:[2024-06-25] ;; leisure:[pitch]
update,4b5c68a2-3306-45f5-a689-0c9175bbc91c,227415968,directory,S1 Tennis Court 5,hn,2,20.994079,105.94452965,hn_gialam,,contains,4,pitch,True,True,"S1 Tennis Court 5, Hải Đăng 5, Thành phố Hà Nội, Việt Nam",,Hải Đăng 5,lit:[yes] ;; sport:[tennis] ;; access:[permissive] ;; covered:[no] ;; check_date:[2024-06-25] ;; leisure:[pitch]
update,b23f363c-5c85-4e98-9d1a-2333e0884f31,227441005,directory,S1 Tennis Court 6,hn,2,20.9942253,105.93963805,hn_gialam,,contains,4,pitch,True,True,"S1 Tennis Court 6, Đường Hải Đăng, Thành phố Hà Nội, Việt Nam",,Đường Hải Đăng,lit:[yes] ;; sport:[tennis] ;; access:[permissive] ;; covered:[no] ;; check_date:[2024-06-25] ;; leisure:[pitch]
update,6f123536-4ef9-4beb-97c5-b86cb2c47273,227411463,directory,S1 Tennis Court 7,hn,2,20.99413695,105.939791127698,hn_gialam,,contains,4,pitch,True,True,"S1 Tennis Court 7, Đường Hải Đăng, Thành phố Hà Nội, Việt Nam",,Đường Hải Đăng,lit:[yes] ;; sport:[tennis] ;; access:[permissive] ;; covered:[no] ;; check_date:[2024-06-25] ;; leisure:[pitch]
update,ba7f787f-3cba-4788-baae-2d02d759cfe6,227444340,directory,S1 Volleyball Court 1,hn,2,20.99514235,105.94118275,hn_gialam,,contains,,pitch,True,True,"S1 Volleyball Court 1, Hải Đăng 5, Thành phố Hà Nội, Việt Nam",,Hải Đăng 5,lit:[yes] ;; sport:[volleyball] ;; access:[permissive] ;; covered:[no] ;; check_date:[2024-06-25] ;; leisure:[pitch]
update,38b633e0-7f28-4934-a642-c9ab0be1166f,227446267,directory,S1 Volleyball Court 2,hn,2,20.99459285,105.942286598169,hn_gialam,,contains,,pitch,True,True,"S1 Volleyball Court 2, Hải Đăng 5, Thành phố Hà Nội, Việt Nam",,Hải Đăng 5,lit:[yes] ;; sport:[volleyball] ;; access:[permissive] ;; covered:[no] ;; check_date:[2024-06-25] ;; leisure:[pitch]
update,2ca4941e-5a45-4aa1-935c-057f5b0d8bf2,227413890,directory,S1 Volleyball Court 3,hn,2,20.9944299,105.943616354652,hn_gialam,,contains,,pitch,True,True,"S1 Volleyball Court 3, Hải Đăng 1, Thành phố Hà Nội, Việt Nam",,Hải Đăng 1,lit:[yes] ;; sport:[volleyball] ;; access:[permissive] ;; covered:[no] ;; check_date:[2024-06-25] ;; leisure:[pitch]
update,eb922bc3-3ccf-4d62-8b82-9eadb38e589e,227435845,directory,S1 Volleyball Court 4,hn,2,20.99694705,105.9437688,hn_gialam,,contains,,pitch,True,True,"S1 Volleyball Court 4, Ngõ 5 đường D, An Đào, Thành phố Hà Nội, Việt Nam",,Ngõ 5 đường D,lit:[yes] ;; sport:[volleyball] ;; access:[permissive] ;; covered:[no] ;; check_date:[2024-06-25] ;; leisure:[pitch]
update,5b2dbb35-be20-440e-967c-66074d7629d5,227446314,directory,S1 Volleyball Court 5,hn,2,20.99373335,105.944397248418,hn_gialam,,contains,,pitch,True,True,"S1 Volleyball Court 5, Hải Đăng 5, Thành phố Hà Nội, Việt Nam",,Hải Đăng 5,lit:[yes] ;; sport:[volleyball] ;; access:[permissive] ;; covered:[no] ;; check_date:[2024-06-25] ;; leisure:[pitch]
update,bcf7472b-f44e-4df0-9c9a-c43ce1d03b4e,227438173,directory,S1 Volleyball Court 6,hn,2,20.9943417,105.940201982397,hn_gialam,,contains,,pitch,True,True,"S1 Volleyball Court 6, Đường Hải Đăng, Thành phố Hà Nội, Việt Nam",,Đường Hải Đăng,lit:[yes] ;; sport:[volleyball] ;; access:[permissive] ;; covered:[no] ;; check_date:[2024-06-25] ;; leisure:[pitch]
update,0d8823da-6727-4647-a1ea-1f236698d570,227441039,directory,S1 Volleyball Court 7,hn,2,20.9943002,105.94027395,hn_gialam,,contains,,pitch,True,True,"S1 Volleyball Court 7, Đường Hải Đăng, Thành phố Hà Nội, Việt Nam",,Đường Hải Đăng,lit:[yes] ;; sport:[volleyball] ;; access:[permissive] ;; covered:[no] ;; check_date:[2024-06-25] ;; leisure:[pitch]
update,dcc656c9-2dbc-4ea6-a805-f15f2346b423,227438271,directory,S2 Badminton Court 1,hn,2,20.9913933,105.940313367635,hn_gialam,,contains,3,pitch,True,True,"S2 Badminton Court 1, Đại Dương 8, Thành phố Hà Nội, Việt Nam",,Đại Dương 8,lit:[yes] ;; sport:[badminton] ;; access:[permissive] ;; covered:[no] ;; check_date:[2024-06-25] ;; leisure:[pitch]
update,25c008e5-6ceb-4a2c-a1c8-92fac6f8b9dc,227423031,directory,S2 Badminton Court 2,hn,2,20.99316455,105.94112355,hn_gialam,,contains,4,pitch,True,True,"S2 Badminton Court 2, Đại Dương 9, Thành phố Hà Nội, Việt Nam",,Đại Dương 9,lit:[yes] ;; sport:[tennis] ;; access:[permissive] ;; covered:[no] ;; check_date:[2024-06-25] ;; leisure:[pitch]
update,f6572428-7281-4099-9076-84a6360ef595,227414166,directory,S2 Badminton Court 3,hn,2,20.9932454,105.94098325601,hn_gialam,,contains,4,pitch,True,True,"S2 Badminton Court 3, Đại Dương 9, Thành phố Hà Nội, Việt Nam",,Đại Dương 9,lit:[yes] ;; sport:[tennis] ;; access:[permissive] ;; covered:[no] ;; check_date:[2024-06-25] ;; leisure:[pitch]
update,f4762930-d462-4d72-96e5-cc95b1050fb1,227445285,directory,S2 Badminton Court 4,hn,2,20.99157465,105.94315535,hn_gialam,,contains,3,pitch,True,True,"S2 Badminton Court 4, Đại Dương 1, Thành phố Hà Nội, Việt Nam",,Đại Dương 1,lit:[yes] ;; sport:[badminton] ;; access:[permissive] ;; check_date:[2024-06-25] ;; leisure:[pitch]
update,71b275a5-01ef-47f7-b1c4-bc5a19cc0012,227412961,directory,S2 Basketball Court 1,hn,2,20.9914705,105.94041055,hn_gialam,,contains,2,pitch,True,True,"S2 Basketball Court 1, Đại Dương 8, Thành phố Hà Nội, Việt Nam",,Đại Dương 8,lit:[yes] ;; hoops:[1] ;; sport:[basketball] ;; access:[permissive] ;; covered:[no] ;; check_date:[2024-06-25] ;; leisure:[pitch]
update,614bd125-53cc-4bbd-950b-8d8923d63bf4,227413498,directory,S2 Basketball Court 2,hn,2,20.99340945,105.9410688,hn_gialam,,contains,2,pitch,True,True,"S2 Basketball Court 2, Đường Hải Đăng, Thành phố Hà Nội, Việt Nam",,Đường Hải Đăng,lit:[yes] ;; hoops:[1] ;; sport:[basketball] ;; access:[permissive] ;; covered:[no] ;; check_date:[2024-06-25] ;; leisure:[pitch]
update,f96390c2-6885-410a-a69f-a048c337bfd0,227433708,directory,S2 Basketball Court 3,hn,2,20.99204885,105.94282427954,hn_gialam,,contains,2,pitch,True,True,"S2 Basketball Court 3, Đại Dương 1, Thành phố Hà Nội, Việt Nam",,Đại Dương 1,lit:[yes] ;; hoops:[1] ;; sport:[basketball] ;; access:[permissive] ;; covered:[no] ;; check_date:[2024-06-25] ;; leisure:[pitch]
update,166ee74d-52b4-4353-8aed-a6bcfa57bfb7,227413942,directory,S2 Basketball Court 4,hn,2,20.99028185,105.942435528174,hn_gialam,,contains,2,pitch,True,True,"S2 Basketball Court 4, Đại Dương 8, Thành phố Hà Nội, Việt Nam",,Đại Dương 8,lit:[yes] ;; hoops:[1] ;; sport:[basketball] ;; access:[permissive] ;; covered:[no] ;; check_date:[2024-06-25] ;; leisure:[pitch]
update,4c5ebea5-8739-4020-9137-2d8b698e5ebe,227434419,directory,S2 Basketball Court 5,hn,2,20.99251605,105.940017712403,hn_gialam,,contains,2,pitch,True,True,"S2 Basketball Court 5, Đại Dương 8, Thành phố Hà Nội, Việt Nam",,Đại Dương 8,lit:[yes] ;; hoops:[1] ;; sport:[basketball] ;; access:[permissive] ;; covered:[no] ;; check_date:[2024-06-25] ;; leisure:[pitch]
update,c2f6a1d0-e2e1-4ccd-a446-eda780e8fbee,227439777,directory,S2 Outdoor Pool,hn,2,20.99154205,105.943528868192,hn_gialam,,contains,,sports_centre|swimming_pool,True,True,"S2 Outdoor Pool, Đường Hải Đăng, Thành phố Hà Nội, Việt Nam",,Đường Hải Đăng,"lit:[yes] ;; access:[permissive] ;; location:[outdoor] ;; check_date:[2024-06-25] ;; leisure:[sports_centre, swimming_pool] ;; sport:[swimming]"
update,5bfb74ca-f639-41f9-a776-a15bd0155ba7,227413985,directory,S2 Pool,hn,2,20.992229,105.940405296177,hn_gialam,,contains,,swimming_pool,False,True,"S2 Pool, Đại Dương 8, Thành phố Hà Nội, Việt Nam",,Đại Dương 8,lit:[yes] ;; access:[permissive] ;; location:[outdoor] ;; check_date:[2024-06-25] ;; swimming_pool:[outdoor] ;; leisure:[swimming_pool]
update,545050bc-6613-41f0-8d0c-dbf1d86683ea,227433454,directory,S2 Table Tennis Court 1&2,hn,2,20.9916737,105.943211738544,hn_gialam,,contains,,pitch,True,True,"S2 Table Tennis Court 1&2, Đường Hải Đăng, Thành phố Hà Nội, Việt Nam",,Đường Hải Đăng,lit:[yes] ;; sport:[table_tennis] ;; access:[permissive] ;; covered:[no] ;; check_date:[2024-06-25] ;; leisure:[pitch]
update,4c55b5ca-94ea-4ec2-87b9-e7cfc83215a8,227412629,directory,S2 Table Tennis Court 3,hn,2,20.9903578,105.942485427189,hn_gialam,,contains,,pitch,True,True,"S2 Table Tennis Court 3, Đại Dương 8, Thành phố Hà Nội, Việt Nam",,Đại Dương 8,lit:[yes] ;; sport:[table_tennis] ;; access:[permissive] ;; covered:[no] ;; check_date:[2024-06-25] ;; leisure:[pitch]
update,ebb3c0b6-a46d-4377-b834-9488a44a11d4,227439278,directory,S2 Table Tennis Court 4,hn,2,20.9925746,105.940061554057,hn_gialam,,contains,,pitch,True,True,"S2 Table Tennis Court 4, Đại Dương 2, Thành phố Hà Nội, Việt Nam",,Đại Dương 2,lit:[yes] ;; sport:[table_tennis] ;; access:[permissive] ;; covered:[no] ;; check_date:[2024-06-25] ;; leisure:[pitch]
update,d5ba5ea5-ae24-42de-b7c5-22b5c5339f9e,227433435,directory,S2 Tennis Court 1,hn,2,20.99157665,105.940071951665,hn_gialam,,contains,4,pitch,True,True,"S2 Tennis Court 1, Đại Dương 8, Thành phố Hà Nội, Việt Nam",,Đại Dương 8,lit:[yes] ;; sport:[tennis] ;; access:[permissive] ;; covered:[no] ;; check_date:[2024-06-25] ;; leisure:[pitch]
update,a1662f1f-e182-47bd-8d23-a1d4f4e867a1,227439744,directory,S2 Tennis Court 2,hn,2,20.9916828,105.940208535298,hn_gialam,,contains,4,pitch,True,True,"S2 Tennis Court 2, Đại Dương 8, Thành phố Hà Nội, Việt Nam",,Đại Dương 8,lit:[yes] ;; sport:[tennis] ;; access:[permissive] ;; covered:[no] ;; check_date:[2024-06-25] ;; leisure:[pitch]
update,6fe5aafe-e7e3-4a62-a0fe-3975fc012cc6,227439511,directory,S2 Tennis Court 3,hn,2,20.99193665,105.943021232533,hn_gialam,,contains,4,pitch,True,True,"S2 Tennis Court 3, Đại Dương 1, Thành phố Hà Nội, Việt Nam",,Đại Dương 1,lit:[yes] ;; sport:[tennis] ;; access:[permissive] ;; covered:[no] ;; check_date:[2024-06-25] ;; leisure:[pitch]
update,249f331a-2a5c-4316-9559-26e712250f69,227415288,directory,S2 Tennis Court 4,hn,2,20.9904417,105.942369511477,hn_gialam,,contains,4,pitch,True,True,"S2 Tennis Court 4, Đại Dương 8, Thành phố Hà Nội, Việt Nam",,Đại Dương 8,lit:[yes] ;; sport:[tennis] ;; access:[permissive] ;; covered:[no] ;; check_date:[2024-06-25] ;; leisure:[pitch]
update,9c022d2b-6efa-41d1-bfd2-7c3e92c5db24,227411436,directory,S2 Volleyball Court 1,hn,2,20.99131945,105.940252792946,hn_gialam,,contains,,pitch,True,True,"S2 Volleyball Court 1, Đại Dương 8, Thành phố Hà Nội, Việt Nam",,Đại Dương 8,lit:[yes] ;; sport:[volleyball] ;; access:[permissive] ;; covered:[no] ;; check_date:[2024-06-25] ;; leisure:[pitch]
update,bbb67d8a-7370-4953-b74c-259182416b8f,227413956,directory,S2 Volleyball Court 2,hn,2,20.993284,105.941248788696,hn_gialam,,contains,,pitch,True,True,"S2 Volleyball Court 2, Đường Hải Đăng, Thành phố Hà Nội, Việt Nam",,Đường Hải Đăng,lit:[yes] ;; sport:[volleyball] ;; access:[permissive] ;; covered:[no] ;; check_date:[2024-06-25] ;; leisure:[pitch]
update,46752720-75f2-4950-ad0f-aaa567f57473,227439611,directory,S2 Volleyball Court 3,hn,2,20.99332875,105.941170456421,hn_gialam,,contains,,pitch,True,True,"S2 Volleyball Court 3, Đường Hải Đăng, Thành phố Hà Nội, Việt Nam",,Đường Hải Đăng,lit:[yes] ;; sport:[volleyball] ;; access:[permissive] ;; covered:[no] ;; check_date:[2024-06-25] ;; leisure:[pitch]
update,e17d3c32-de87-46b1-b1e5-bc9516a6ca79,227417022,directory,S2 Volleyball Court 4,hn,2,20.9918062,105.94329745281,hn_gialam,,contains,,pitch,True,True,"S2 Volleyball Court 4, Đường Hải Đăng, Thành phố Hà Nội, Việt Nam",,Đường Hải Đăng,lit:[yes] ;; sport:[volleyball] ;; access:[permissive] ;; covered:[no] ;; check_date:[2024-06-25] ;; leisure:[pitch]
update,1de8e06a-28d6-41bd-bd00-d3787df3436b,227433303,directory,S2 Volleyball Court 5,hn,2,20.99173755,105.94325331289,hn_gialam,,contains,,pitch,True,True,"S2 Volleyball Court 5, Đường Hải Đăng, Thành phố Hà Nội, Việt Nam",,Đường Hải Đăng,lit:[yes] ;; sport:[volleyball] ;; access:[permissive] ;; covered:[no] ;; check_date:[2024-06-25] ;; leisure:[pitch]
update,e11679d9-4dab-418d-bade-7a814696c061,227435732,directory,S2 Volleyball Court 6,hn,2,20.99046155,105.94255305,hn_gialam,,contains,,pitch,True,True,"S2 Volleyball Court 6, Đại Dương 8, Thành phố Hà Nội, Việt Nam",,Đại Dương 8,lit:[yes] ;; sport:[volleyball] ;; access:[permissive] ;; covered:[no] ;; check_date:[2024-06-25] ;; leisure:[pitch]
update,384349ec-e835-4fa4-bbd2-930d7769c587,227446334,directory,S2 Volleyball Court 7,hn,2,20.99261095,105.939949066458,hn_gialam,,contains,,pitch,True,True,"S2 Volleyball Court 7, Đại Dương 2, Thành phố Hà Nội, Việt Nam",,Đại Dương 2,lit:[yes] ;; sport:[volleyball] ;; access:[permissive] ;; covered:[no] ;; check_date:[2024-06-25] ;; leisure:[pitch]
update,32ca8f91-efa2-43e8-9c9b-44781f9cf25f,227422395,directory,San Ho Basketball Court 1,hn,2,20.99131195,105.9471388,hn_gialam,,contains,2,pitch,True,True,"San Ho Basketball Court 1, San Hô 6, Thành phố Hà Nội, Việt Nam",,San Hô 6,lit:[yes] ;; hoops:[1] ;; sport:[basketball] ;; access:[permissive] ;; covered:[no] ;; check_date:[2024-06-25] ;; leisure:[pitch]
update,dee45344-c80e-4fff-8fe5-6bd8150b687f,227431076,directory,San Ho Outdoor Pool,hn,2,20.99176395,105.947109475592,hn_gialam,,contains,,swimming_pool,False,True,"San Ho Outdoor Pool, San Hô 11, Thành phố Hà Nội, Việt Nam",,San Hô 11,lit:[yes] ;; access:[permissive] ;; location:[outdoor] ;; operator:[Vinhomes Ocean Park] ;; check_date:[2024-06-25] ;; leisure:[swimming_pool]
update,6a7cf5f7-078c-4239-bc49-920c412d2c66,227447510,directory,San Ho Table Tennis Court 1,hn,2,20.9913798,105.94718285,hn_gialam,,contains,,pitch,True,True,"San Ho Table Tennis Court 1, San Hô 6, Thành phố Hà Nội, Việt Nam",,San Hô 6,lit:[yes] ;; sport:[table_tennis] ;; access:[permissive] ;; covered:[no] ;; check_date:[2024-06-25] ;; leisure:[pitch]
update,a4a7b96c-67ef-4c3b-9f2e-dca1ffbe23e7,227423752,directory,San Ho Tennis Court 1,hn,2,20.99162005,105.94728190402,hn_gialam,,contains,4,pitch,True,True,"San Ho Tennis Court 1, San Hô 9, Thành phố Hà Nội, Việt Nam",,San Hô 9,lit:[yes] ;; sport:[tennis] ;; access:[permissive] ;; covered:[no] ;; check_date:[2024-06-25] ;; leisure:[pitch]
update,e014033a-72d7-468e-a13d-0b7dbac97283,227414589,directory,San Ho Volleyball Court 1,hn,2,20.99140025,105.947090077708,hn_gialam,,contains,,pitch,True,True,"San Ho Volleyball Court 1, San Hô 6, Thành phố Hà Nội, Việt Nam",,San Hô 6,lit:[yes] ;; sport:[volleyball] ;; access:[permissive] ;; covered:[no] ;; check_date:[2024-06-25] ;; leisure:[pitch]
update,3e0443ab-2f83-467c-b37f-5ca3c67e6064,227422353,directory,Sao Bien Badminton Court 1,hn,2,20.9968122,105.956066297302,hn_gialam,,contains,3,pitch,True,True,"Sao Bien Badminton Court 1, Sao Biển 11, Thành phố Hà Nội, Việt Nam",,Sao Biển 11,lit:[yes] ;; sport:[badminton] ;; access:[permissive] ;; covered:[no] ;; check_date:[2024-06-25] ;; leisure:[pitch]
update,2a5a3b30-1716-48a0-813d-a835d6319b5f,227413221,directory,Sao Bien Basketball Court 1,hn,2,20.9969034,105.955947949201,hn_gialam,,contains,2,pitch,True,True,"Sao Bien Basketball Court 1, Sao Biển 11, Thành phố Hà Nội, Việt Nam",,Sao Biển 11,lit:[yes] ;; hoops:[1] ;; sport:[basketball] ;; access:[permissive] ;; covered:[yes] ;; check_date:[2024-06-25] ;; leisure:[pitch]
update,e1babbae-6091-4912-93f3-dc03f8582b7e,227422943,directory,Sao Bien Pool,hn,2,20.9972082,105.955966351509,hn_gialam,,contains,,swimming_pool,False,True,"Sao Bien Pool, Sao Biển 23, Thành phố Hà Nội, Việt Nam",,Sao Biển 23,lit:[yes] ;; access:[permissive] ;; location:[outdoor] ;; operator:[Vinhomes Ocean Park] ;; check_date:[2024-06-25] ;; leisure:[swimming_pool]
update,a3bc8101-1264-4f5c-ae59-a6204790aff3,227412765,directory,Sao Bien Tennis Court 1,hn,2,20.997058,105.955740447124,hn_gialam,,contains,4,pitch,True,True,"Sao Bien Tennis Court 1, Sao Biển 23, Thành phố Hà Nội, Việt Nam",,Sao Biển 23,lit:[yes] ;; sport:[tennis] ;; access:[permissive] ;; covered:[no] ;; check_date:[2024-06-25] ;; leisure:[pitch]
update,8c0e5111-5d07-406b-9e2f-84ba9c970113,227438805,directory,Sao Bien Volleyball Court 1,hn,2,20.99673985,105.956161588481,hn_gialam,,contains,,pitch,True,True,"Sao Bien Volleyball Court 1, Sao Biển 11, Thành phố Hà Nội, Việt Nam",,Sao Biển 11,lit:[yes] ;; sport:[volleyball] ;; access:[permissive] ;; covered:[no] ;; check_date:[2024-06-25] ;; leisure:[pitch]
update,0d64c877-e4eb-4674-89cb-c42bcfb7767b,227410214,directory,Sapphire Four Season Pool,hn,2,20.99188135,105.941141697192,hn_gialam,,contains,,sports_centre,True,True,"Sapphire Four Season Pool, Đại Dương 9, Thành phố Hà Nội, Việt Nam",,Đại Dương 9,"fee:[yes] ;; level:[5] ;; sport:[swimming] ;; access:[customers] ;; operator:[Vinhomes Ocean Park] ;; check_date:[2024-06-25] ;; opening_hours:[Mo-Su 06:00-12:00,14:00-21:00] ;; leisure:[sports_centre]"
update,92cb20e2-16b1-4f40-8072-0df2600b739c,227416813,directory,Sapphire Pool,hn,2,20.99473585,105.943394890599,hn_gialam,,contains,,swimming_pool,False,True,"Sapphire Pool, Hải Đăng 1, Thành phố Hà Nội, Việt Nam",,Hải Đăng 1,lit:[no] ;; access:[permissive] ;; location:[outdoor] ;; operator:[Vinhomes Ocean Park] ;; check_date:[2024-06-25] ;; leisure:[swimming_pool]
update,ef17ac21-4077-4070-9c2b-2c90764e8b9b,227430319,directory,Sân bóng Cửu Việt,hn,2,21.00676125,105.938832793007,hn_gialam,,contains,1,pitch,True,True,"Sân bóng Cửu Việt, Ngách 215/41 đường Trâu Quỳ, Thành phố Hà Nội, 08443, Việt Nam",,Ngách 215/41 đường Trâu Quỳ,lit:[yes] ;; sport:[soccer] ;; surface:[Cỏ_nhân_tạo] ;; leisure:[pitch]
update,c8719412-eadc-425b-ad9e-cacd1d844477,227437323,directory,Sân bóng đá,hn,2,21.023204,105.940627395894,hn_gialam,,contains,1,pitch,True,True,"Sân bóng đá, Ngõ 86 đường Cổ Bi, Voi Phục, Thành phố Hà Nội, 08443, Việt Nam",,Ngõ 86 đường Cổ Bi,sport:[soccer] ;; leisure:[pitch]
update,187bafa1-a01c-41fc-9f3d-5e6c64d82ec8,227435488,directory,Sân cỏ nhân tạo Học Viện,hn,2,21.0046295,105.93605115,hn_gialam,,contains,1,pitch,True,True,"Sân cỏ nhân tạo Học Viện, Ngõ 86 đường Trâu Quỳ, An Đào, Thành phố Hà Nội, 08443, Việt Nam",,Ngõ 86 đường Trâu Quỳ,place:[plot] ;; sport:[soccer] ;; leisure:[pitch]
update,1c21e0a4-12c3-4c3d-b677-c6f8965fffe3,227414401,directory,Sân cỏ nhân tạo Học Viện,hn,2,21.00432535,105.936566026094,hn_gialam,,contains,1,pitch,True,True,"Sân cỏ nhân tạo Học Viện, Ngách 86/7 đường Trâu Quỳ, An Đào, Thành phố Hà Nội, 08443, Việt Nam",,Ngách 86/7 đường Trâu Quỳ,place:[plot] ;; sport:[soccer] ;; leisure:[pitch]
update,2a7249ae-718a-4a5d-8e23-aef351e32eb5,227436130,directory,Sân nhân tạo học viên,hn,2,21.004934,105.9345083,hn_gialam,,contains,,pitch,False,True,"Sân nhân tạo học viên, Phố Ngô Xuân Quảng, Thành phố Hà Nội, 08443, Việt Nam",,Phố Ngô Xuân Quảng,leisure:[pitch]
update,065c7839-266a-4118-b183-c97340d88987,227436917,directory,Trung tâm Thể dục thể thao huyện Gia Lâm,hn,2,21.0181487,105.944474800716,hn_gialam,,contains,1|4,pitch|sports_centre,True,True,"Trung tâm Thể dục thể thao huyện Gia Lâm, Đường Nguyễn Đức Thuận, Bình Minh, Thành phố Hà Nội, 08443, Việt Nam",,Đường Nguyễn Đức Thuận,"leisure:[sports_centre, pitch] ;; sport:[tennis, soccer]"
update,889bba11-d378-4b46-86b8-7274a83cfb21,227427616,directory,Trung tâm hướng dẫn hoạt động Thiếu nhi Trung ương,hn,2,21.0189396,105.943083736942,hn_gialam,,contains,,swimming_pool,False,True,"Trung tâm hướng dẫn hoạt động Thiếu nhi Trung ương, Ngõ 387 phố Bình Minh, Bình Minh, Thành phố Hà Nội, 08443, Việt Nam",,Ngõ 387 phố Bình Minh,leisure:[swimming_pool]
update,abf6210f-39bd-4a05-98a7-e2df32eba360,227411624,directory,Trung tâm văn hóa thể thao Cổ Bi,hn,2,21.0268879,105.940815479303,hn_gialam,,contains,,sports_centre,False,True,"Trung tâm văn hóa thể thao Cổ Bi, Đường Cổ Bi, Cơ Khí, Thành phố Hà Nội, 08443, Việt Nam",,Đường Cổ Bi,leisure:[sports_centre]
update,c75c7677-b8d3-46f6-b31f-147cf409f7f8,227440517,directory,Trường Cao đẳng Kỹ thuật và Mỹ nghệ Việt Nam,hn,2,20.9953896,105.966591492865,hn_gialam,,contains,,pitch,False,True,"Trường Cao đẳng Kỹ thuật và Mỹ nghệ Việt Nam, Ngách 84/36 Nguyễn Bình, Thành phố Hà Nội, Việt Nam",,Ngách 84/36 Nguyễn Bình,leisure:[pitch]
update,64c281a8-88ee-4613-ba77-8062a7f8081d,227431516,directory,Trường THCS Cổ Bi,hn,2,21.0229703,105.941222343378,hn_gialam,,contains,2,pitch,True,True,"Trường THCS Cổ Bi, Ngõ 86 đường Cổ Bi, Voi Phục, Thành phố Hà Nội, 08443, Việt Nam",,Ngõ 86 đường Cổ Bi,email:[c2cobi-gl@hanoiedu.vn] ;; image:[http://quantri.gialam.edu.vn//UploadImages/thcscobi/admin/2022_9/truong.jpg?w=1130] ;; phone:[+842466524276] ;; grades:[6-9] ;; website:[http://thcscobi.pgdgialam.edu.vn/] ;; operator:[Phòng Giáo dục và Đào tạo huyện Gia Lâm] ;; operator:type:[public] ;; leisure:[pitch] ;; sport:[basketball]
update,9e0ee5e5-ab1f-4693-9e1b-607a6a8f94f4,227442885,directory,Trường THCS Dương Xá,hn,2,21.0075359,105.967011409149,hn_gialam,,contains,1,pitch,True,True,"Trường THCS Dương Xá, 28, Đường Ỷ Lan, Thành phố Hà Nội, Việt Nam",28,Đường Ỷ Lan,grades:[6-9] ;; leisure:[pitch] ;; sport:[soccer]
update,79dfb14f-db1b-423f-9bc2-398cd9270e05,227419733,directory,Trường THPT Cao Bá Quát – Gia Lâm,hn,2,21.0240746,105.938204205883,hn_gialam,,contains,1,pitch|sports_centre,True,True,"Trường THPT Cao Bá Quát – Gia Lâm, 57, Đường Cổ Bi, Cơ Khí, Thành phố Hà Nội, 08443, Việt Nam",57,Đường Cổ Bi,"grades:[10-12] ;; website:[https://caobaquat.edu.vn] ;; operator:[Sở Giáo dục và Đào tạo Hà Nội] ;; wikidata:[Q109442157] ;; wikipedia:[vi:Trường Trung học phổ thông Cao Bá Quát – Gia Lâm] ;; operator:type:[public] ;; leisure:[sports_centre, pitch] ;; sport:[soccer]"
update,c2d906a7-5b77-4408-97f5-d1f072acdcc0,227409043,directory,Trường THPT Dương Xá,hn,2,21.00851475,105.967514479327,hn_gialam,,contains,2,pitch,True,True,"Trường THPT Dương Xá, 48, Đường Ỷ Lan, Thành phố Hà Nội, Việt Nam",48,Đường Ỷ Lan,grades:[10-12] ;; website:[https://c3duongxa.edu.vn/] ;; leisure:[pitch] ;; sport:[basketball]
update,58ccc6be-d5cf-4a2f-bc43-32c58b42966d,227427310,directory,Trường Tiểu học Cổ Bi,hn,2,21.03256385,105.940866318192,hn_gialam,,contains,1,pitch,True,True,"Trường Tiểu học Cổ Bi, 4, Ngõ 113 đường Cổ Bi, Thôn Vàng, Thành phố Hà Nội, 08443, Việt Nam",4,Ngõ 113 đường Cổ Bi,grades:[1-5] ;; leisure:[pitch] ;; sport:[soccer]
update,a81e4d03-6f19-46bc-8aff-b6e3f6ec0fac,227430665,directory,Trường Tiểu học Dương Xá,hn,2,21.0074294,105.967727492533,hn_gialam,,contains,,pitch,False,True,"Trường Tiểu học Dương Xá, Đường Dương Xá, Thành phố Hà Nội, Việt Nam",,Đường Dương Xá,grades:[1-5] ;; leisure:[pitch]
update,1c94136c-1c76-44f8-973c-749f5b66f98c,227430179,directory,Trường Tiểu học Kiêu Kỵ,hn,2,20.9805206,105.958068065807,hn_gialam,,contains,1,pitch,True,True,"Trường Tiểu học Kiêu Kỵ, ngõ 175 đường Kiêu Kỵ, Thành phố Hà Nội, Việt Nam",,ngõ 175 đường Kiêu Kỵ,grades:[1-5] ;; leisure:[pitch] ;; sport:[soccer]
update,a574ecac-48db-4f35-929d-141f3f99a722,227437602,directory,Trường Tiểu học Trung Thành,hn,2,21.02214085,105.94047346282,hn_gialam,,contains,1,pitch,True,True,"Trường Tiểu học Trung Thành, Ngách 309/55 phố Bình Minh, Bình Minh, Thành phố Hà Nội, 08443, Việt Nam",,Ngách 309/55 phố Bình Minh,grades:[1-5] ;; website:[http://thtrungthanh.pgdgialam.edu.vn/] ;; operator:[Phòng Giáo dục và Đào tạo huyện Gia Lâm] ;; operator:type:[government] ;; leisure:[pitch] ;; sport:[soccer]
update,42aeaf52-c6f6-4d5b-bc5f-bd81279fbadb,227439877,directory,Trường Đại học VinUni,hn,2,20.9885973,105.946027879872,hn_gialam,,contains,1|2|3|4,pitch|sports_centre|stadium,True,True,"Trường Đại học VinUni, Thành phố Hà Nội, Việt Nam",,,"email:[info@vinuni.edu.vn] ;; phone:[+84 18008189] ;; website:[https://vinuni.edu.vn/] ;; operator:[VinGroup] ;; wikidata:[Q86012411] ;; wikipedia:[en:VinUniversity] ;; operator:type:[private] ;; contact:facebook:[https://www.facebook.com/vinuniversity/] ;; leisure:[sports_centre, stadium, pitch] ;; sport:[swimming, basketball, volleyball, badminton, yoga, aerobics, soccer, tennis, athletics]"
update,3c58f88a-0f46-4d26-bd2b-6c594f5a990f,227411942,directory,Zenpark Badminton Court 1,hn,2,21.00060095,105.94373885,hn_gialam,,contains,3,pitch,True,True,"Zenpark Badminton Court 1, Biển Hồ 2, An Đào, Thành phố Hà Nội, Việt Nam",,Biển Hồ 2,lit:[yes] ;; sport:[badminton] ;; access:[permissive] ;; covered:[no] ;; leisure:[pitch]
update,a5adf7a5-d561-471e-9baf-8d5eb9c584b1,227409289,directory,Zenpark Basketball Court 1,hn,2,21.0007536,105.9436252,hn_gialam,,contains,2,pitch,True,True,"Zenpark Basketball Court 1, Biển Hồ 2, An Đào, Thành phố Hà Nội, Việt Nam",,Biển Hồ 2,lit:[yes] ;; hoops:[1] ;; sport:[basketball] ;; access:[permissive] ;; covered:[no] ;; check_date:[2024-06-25] ;; leisure:[pitch]
update,6d60d778-eaca-43f7-a953-85fe6e295b7b,227434881,directory,Zenpark Tennis Court 1,hn,2,21.0011268,105.943353140165,hn_gialam,,contains,4,pitch,True,True,"Zenpark Tennis Court 1, Đường Biển Hồ, An Đào, Thành phố Hà Nội, Việt Nam",,Đường Biển Hồ,lit:[yes] ;; sport:[tennis] ;; access:[permissive] ;; covered:[no] ;; check_date:[2024-06-25] ;; leisure:[pitch]
update,404c2668-9b23-4dc1-98ba-a37c513969c8,227408634,directory,Zenpark Volleyball Court 1,hn,2,21.00067935,105.943680626383,hn_gialam,,contains,,pitch,True,True,"Zenpark Volleyball Court 1, Biển Hồ 2, An Đào, Thành phố Hà Nội, Việt Nam",,Biển Hồ 2,lit:[yes] ;; sport:[volleyball] ;; access:[permissive] ;; covered:[no] ;; check_date:[2024-06-25] ;; leisure:[pitch]
update,ea4bdfef-8066-43f8-ada0-87b0726e45b3,227377489,directory,Công viên Thủ Lệ,hn,2,21.03054045,105.806702015281,hn_giangvo,Quận Ba Đình,contains,4,pitch,True,True,"Công viên Thủ Lệ, Đường Bưởi, Phường Ngọc Khánh, Quận Ba Đình, Thành phố Hà Nội, 10198, Việt Nam",,Đường Bưởi,fee:[yes] ;; charge:[50000 VND] ;; toilets:[yes] ;; website:[http://hanoizoo.com/] ;; operator:[Công ty TNHH MTV Vườn thú Hà Nội] ;; wikidata:[Q944021] ;; wikipedia:[vi:Công viên Thủ Lệ] ;; opening_hours:[Mo-Su 06:00-18:00] ;; operator:type:[public/government] ;; wikimedia_commons:[Category:Thủ Lệ Park] ;; leisure:[pitch] ;; sport:[tennis]
update,7ac9e55f-669c-4a38-a512-46a223626678,227362380,directory,Khách Sạn Hà Nội Daewoo,hn,2,21.03110595,105.81154463711,hn_giangvo,Quận Ba Đình,contains,,swimming_pool,False,True,"Khách Sạn Hà Nội Daewoo, 360, Phố Nguyễn Văn Ngọc, Phường Ngọc Khánh, Quận Ba Đình, Thành phố Hà Nội, 10303, Việt Nam",360,Phố Nguyễn Văn Ngọc,stars:[5] ;; landuse:[commercial] ;; wheelchair:[yes] ;; internet_access:[yes] ;; leisure:[swimming_pool]
update,db638df6-bda2-4226-bdb1-ffb970179f60,227402641,directory,Nhà hát Chèo Việt Nam,hn,2,21.0317124,105.827280941148,hn_giangvo,Quận Ba Đình,contains,,pitch,False,True,"Nhà hát Chèo Việt Nam, 71, Phố Kim Mã, Phường Kim Mã, Quận Ba Đình, Thành phố Hà Nội, 10060, Việt Nam",71,Phố Kim Mã,website:[http://nhahatcheovietnam.vn/] ;; building:[yes] ;; building:levels:[3] ;; leisure:[pitch]
update,7d3cb2b2-55dc-4834-b7bd-3477aa5ab125,227370647,directory,Trung tâm Văn hóa - Thông tin và Thể thao Ba Đình,hn,2,21.0201709,105.814599956933,hn_giangvo,Quận Ba Đình,contains,2,pitch|sports_centre,True,True,"Trung tâm Văn hóa - Thông tin và Thể thao Ba Đình, 5A, Phố Thành Công, Phường Thành Công, Quận Ba Đình, Thành phố Hà Nội, 10157, Việt Nam",,Phố Thành Công,"sport:[swimming, basketball] ;; leisure:[sports_centre, pitch]"
update,f1dd6215-3df1-40b8-9368-0388b1b9c45b,227370409,directory,Trường THCS Giảng Võ,hn,2,21.0285628,105.822104401942,hn_giangvo,Quận Ba Đình,contains,1,pitch,True,True,"Trường THCS Giảng Võ, 1, Phố Trần Huy Liệu, Phường Giảng Võ, Quận Ba Đình, Thành phố Hà Nội, 10288, Việt Nam",1,Phố Trần Huy Liệu,grades:[6-9] ;; leisure:[pitch] ;; sport:[soccer]
update,7da6f180-160a-4dd5-9e2a-be6004af589c,227428578,directory,Trường THCS Nguyễn Trãi,hn,2,21.03094355,105.826445022015,hn_giangvo,Quận Ba Đình,contains,4,pitch,True,True,"Trường THCS Nguyễn Trãi, 25, Phố Giang Văn Minh, Phường Kim Mã, Quận Ba Đình, Thành phố Hà Nội, 10060, Việt Nam",25,Phố Giang Văn Minh,grades:[6-9] ;; leisure:[pitch] ;; sport:[tennis]
update,8c463833-babf-4507-b5e3-ad071e5d7257,227369844,directory,Trường THCS Phan Chu Trinh,hn,2,21.02792005,105.814264724562,hn_giangvo,Quận Ba Đình,contains,1,pitch,True,True,"Trường THCS Phan Chu Trinh, 24, Phố Nguyễn Công Hoan, Phường Ngọc Khánh, Quận Ba Đình, Thành phố Hà Nội, 10067, Việt Nam",24,Phố Nguyễn Công Hoan,grades:[6-9] ;; leisure:[pitch] ;; sport:[soccer]
update,270d3333-f9e7-45c8-90f4-45178a3ccb19,227379335,directory,Trường THPT Nguyễn Trãi - Ba Đình,hn,2,21.0292487,105.822451950538,hn_giangvo,Quận Ba Đình,contains,2,pitch,True,True,"Trường THPT Nguyễn Trãi - Ba Đình, 50, Phố Nam Cao, Phường Giảng Võ, Quận Ba Đình, Thành phố Hà Nội, 10288, Việt Nam",50,Phố Nam Cao,grades:[10-12] ;; leisure:[pitch] ;; sport:[basketball]
update,0080165b-55eb-4a60-9822-58a5cf98f862,227399422,directory,Trường THPT Phạm Hồng Thái,hn,2,21.03385835,105.811946815808,hn_giangvo,Quận Ba Đình,contains,1|2,pitch,True,True,"Trường THPT Phạm Hồng Thái, 1, Phố Nguyễn Văn Ngọc, Phường Cống Vị, Quận Ba Đình, Thành phố Hà Nội, 10303, Việt Nam",1,Phố Nguyễn Văn Ngọc,"grades:[10-12] ;; leisure:[pitch] ;; sport:[soccer, basketball]"
update,505e5074-0e3a-4122-a205-a56fd130846b,227402196,directory,Trường Thể thao Thiếu niên 10 tháng 10,hn,2,21.0276639,105.823187788296,hn_giangvo,Quận Ba Đình,contains,1|2,pitch,True,True,"Trường Thể thao Thiếu niên 10 tháng 10, Ngõ 20A Núi Trúc, Phường Giảng Võ, Quận Ba Đình, Thành phố Hà Nội, 10060, Việt Nam",,Ngõ 20A Núi Trúc,"leisure:[pitch] ;; sport:[basketball, soccer]"
update,77803ef5-0603-4c39-9853-b4356e7e0896,227371417,directory,Trường Tiểu hoc Ngọc Khánh,hn,2,21.027681,105.814958229349,hn_giangvo,Quận Ba Đình,contains,1,pitch,True,True,"Trường Tiểu hoc Ngọc Khánh, 20, Phố Nguyễn Công Hoan, Phường Ngọc Khánh, Quận Ba Đình, Thành phố Hà Nội, 10067, Việt Nam",20,Phố Nguyễn Công Hoan,grades:[1-5] ;; leisure:[pitch] ;; sport:[soccer]
update,2416a563-e7f2-4ca9-a906-712b4a0fa8d9,227402541,directory,"Trường Tiểu học, THCS và THPT Thực nghiệm Khoa học Giáo dục",hn,2,21.03316045,105.812852531263,hn_giangvo,Quận Ba Đình,contains,1|2,pitch,True,True,"Trường Tiểu học, THCS và THPT Thực nghiệm Khoa học Giáo dục, 50, Phố Liễu Giai, Phường Cống Vị, Quận Ba Đình, Thành phố Hà Nội, 10203, Việt Nam",50,Phố Liễu Giai,"grades:[1-12] ;; website:[https://thucnghiem.edu.vn/] ;; leisure:[pitch] ;; sport:[soccer, basketball]"
update,b0f50c4c-62a3-48bf-aeff-7cf270c10de1,227406127,directory,Đại sứ quán Australia,hn,2,21.03250045,105.81151548794,hn_giangvo,Quận Ba Đình,contains,4,pitch,True,True,"Đại sứ quán Australia, 8, Phố Đào Tấn, Phường Cống Vị, Quận Ba Đình, Thành phố Hà Nội, 10303, Việt Nam",8,Phố Đào Tấn,target:[VN] ;; country:[AU] ;; embassy:[yes] ;; wikidata:[Q106567583] ;; diplomatic:[embassy] ;; contact:phone:[+84 24 3774 0100] ;; contact:website:[https://vietnam.embassy.gov.au/] ;; leisure:[pitch] ;; sport:[tennis]
update,7176fab1-935c-45de-a583-0a7f222aadeb,227346042,directory,Trường THPT Hai Bà Trưng - Thạch Thất,hn,2,21.02034855,105.550012988325,hn_habang,,contains,1,pitch,True,True,"Trường THPT Hai Bà Trưng - Thạch Thất, Mục Uyên, Thành phố Hà Nội, Việt Nam",,Mục Uyên,grades:[10-12] ;; website:[http://c3hbttthn.edu.vn/] ;; leisure:[pitch] ;; sport:[soccer]
update,a448f156-abff-4aa2-81b5-d6588641628d,227366444,directory,Xã Hạ Bằng,hn,2,21.0059548882104,105.564018754866,hn_habang,,contains,1,pitch,True,True,"Xã Hạ Bằng, Thành phố Hà Nội, Việt Nam",,,leisure:[pitch] ;; sport:[soccer]
update,ac98a8ea-4a05-4450-9486-be4f1036f2f3,227442916,directory,,hn,2,20.9828941156759,105.781782221189,hn_hadong,Quận Hà Đông,contains,,pitch,True,True,"Ngõ 68 Đường 18M, Phường Mộ Lao, Quận Hà Đông, Thành phố Hà Nội, 12011, Việt Nam",,Ngõ 68 Đường 18M,leisure:[pitch] ;; sport:[volleyball]
update,685097b9-1e63-41e6-9e1e-ca9fb45cd067,227462544,directory,AMIS (American Montessori Intl. School) Văn Khê,hn,2,20.9729136,105.764234769147,hn_hadong,Quận Hà Đông,contains,2,pitch,True,True,"AMIS (American Montessori Intl. School) Văn Khê, Phố Nông Quốc Chấn, Phường La Khê, Quận Hà Đông, Thành phố Hà Nội, 10170, Việt Nam",,Phố Nông Quốc Chấn,leisure:[pitch] ;; sport:[basketball]
update,07ba910b-d7aa-4ea2-b5ab-10927c570f70,227459398,directory,Bệnh viện Bỏng Quốc gia Lê Hữu Trác,hn,2,20.96687115,105.792507756174,hn_hadong,Quận Hà Đông,contains,4,pitch,True,True,"Bệnh viện Bỏng Quốc gia Lê Hữu Trác, Ngõ 7 Phùng Hưng, Phường Phúc La, Quận Hà Đông, Thành phố Hà Nội, 10156, Việt Nam",,Ngõ 7 Phùng Hưng,healthcare:[hospital] ;; leisure:[pitch] ;; sport:[tennis]
update,3e6bf2d1-c065-4bf7-b8ba-95da54726861,227461702,directory,Helios Auto Detailing,hn,2,20.9836509,105.7801703,hn_hadong,Quận Hà Đông,contains,,pitch,True,True,"Helios Auto Detailing, Dịch vụ 2, Ngõ 208 Thanh Bình, Phường Mộ Lao, Quận Hà Đông, Thành phố Hà Nội, 10000, Việt Nam",,Ngõ 208 Thanh Bình,phone:[+84349800114] ;; website:[https://www.facebook.com/HeliosAutoVN/] ;; operator:[Car Service] ;; payment:cash:[yes] ;; payment:visa:[yes] ;; opening_hours:[24/7] ;; payment:cards:[yes] ;; payment:credit_cards:[yes] ;; service:vehicle:Sale:[yes] ;; service:vehicle:tyres:[yes] ;; service:vehicle:wheels:[yes] ;; service:vehicle:batteries:[yes] ;; service:vehicle:car_parts:[yes] ;; service:vehicle:car_repair:[yes] ;; service:vehicle:oil_change:[yes] ;; service:vehicle:body_repair:[yes] ;; leisure:[pitch] ;; sport:[volleyball]
update,15f58821-a3e7-47cf-8f7b-b8dda35d8c2c,227452014,directory,Highlands Coffee,hn,2,20.9607206,105.7920451,hn_hadong,Quận Hà Đông,contains,,swimming_pool,False,True,"Highlands Coffee, Phố Phúc La, Phường Phúc La, Quận Hà Đông, Thành phố Hà Nội, 10156, Việt Nam",,Phố Phúc La,"cuisine:[coffee_shop, vietnamese] ;; takeaway:[yes] ;; brand:wikidata:[Q5759361] ;; brand:wikipedia:[vi:Highlands Coffee] ;; internet_access:[wlan] ;; leisure:[swimming_pool]"
update,da121ffc-63a0-4e69-be19-9b70c500eb7c,227425530,directory,Hà Cầu,hn,2,20.964591296683,105.781639033879,hn_hadong,Quận Hà Đông,contains,4,pitch,True,True,"Hà Cầu, Phường Hà Cầu, Quận Hà Đông, Thành phố Hà Nội, 10156, Việt Nam",,,leisure:[pitch] ;; sport:[tennis]
update,f99d34d4-28fb-4a57-b510-cecfb5c45558,227467903,directory,Học viện An ninh Nhân dân,hn,2,20.98061275,105.791988579931,hn_hadong,Quận Hà Đông,contains,1|2,pitch|swimming_pool,True,True,"Học viện An ninh Nhân dân, 125, Đường Trần Phú, Phường Văn Quán, Quận Hà Đông, Thành phố Hà Nội, 12011, Việt Nam",125,Đường Trần Phú,"wikidata:[Q25417473] ;; wikipedia:[vi:Học viện An ninh nhân dân] ;; leisure:[pitch, swimming_pool] ;; sport:[soccer, basketball]"
update,80e2b331-62fe-4ae0-9355-b7e6f8c84cd8,227469670,directory,Học viện Công nghệ Bưu chính Viễn thông,hn,2,20.9809427,105.787086051363,hn_hadong,Quận Hà Đông,contains,1,pitch,True,True,"Học viện Công nghệ Bưu chính Viễn thông, Km 10, Ngõ 4 Phố Nguyễn Văn Trỗi, Phường Mộ Lao, Quận Hà Đông, Thành phố Hà Nội, 10162, Việt Nam",,Ngõ 4 Phố Nguyễn Văn Trỗi,"website:[www.ptit.edu.vn] ;; wikidata:[Q10771881] ;; wikipedia:[en:Posts and Telecommunications Institute of Technology] ;; internet_access:[yes] ;; internet_access:fee:[no] ;; internet_access:ssid:[PTIT_] ;; leisure:[pitch] ;; sport:[soccer, volleyball]"
update,7cb09fcb-2d6d-4c85-ad10-51053c24ebff,227481113,directory,Học viện Quân y,hn,2,20.9665401,105.788493298568,hn_hadong,Quận Hà Đông,contains,1|2,pitch,True,True,"Học viện Quân y, 160, Đường Phùng Hưng, Phường Phúc La, Quận Hà Đông, Thành phố Hà Nội, 10162, Việt Nam",160,Đường Phùng Hưng,"operator:[Bộ Quốc phòng] ;; wikidata:[Q10771896] ;; wikipedia:[vi:Học viện Quân y (Việt Nam)] ;; operator:type:[military] ;; leisure:[pitch] ;; sport:[volleyball, basketball, soccer]"
update,4c585327-4fb8-4909-b310-d985bb8b41a8,227429212,directory,Khu đô thị Xa La,hn,2,20.9604754634772,105.791379632368,hn_hadong,Quận Hà Đông,contains,4,pitch,True,True,"Khu đô thị Xa La, Quận Hà Đông, Thành phố Hà Nội, 10156, Việt Nam",,,leisure:[pitch] ;; sport:[tennis]
update,a607a00e-5182-4e43-b84b-a0678a96bbc2,227425486,directory,Mường Thanh Grand Xa La,hn,2,20.96054135,105.791878261679,hn_hadong,Quận Hà Đông,contains,4,pitch,True,True,"Mường Thanh Grand Xa La, 66, Phố Phúc La, Phường Phúc La, Quận Hà Đông, Thành phố Hà Nội, 10156, Việt Nam",66,Phố Phúc La,building:[yes] ;; leisure:[pitch] ;; sport:[tennis]
update,4ae5e2a2-e6ab-4e24-987b-70c338dec6f2,227425302,directory,Nhà thi đấu Hà Đông,hn,2,20.9675815,105.7713388,hn_hadong,Quận Hà Đông,contains,4,pitch,True,True,"Nhà thi đấu Hà Đông, Đường Quang Trung, Phường Quang Trung, Quận Hà Đông, Thành phố Hà Nội, 10170, Việt Nam",,Đường Quang Trung,bus:[yes] ;; shelter:[yes] ;; public_transport:[platform] ;; leisure:[pitch] ;; sport:[tennis]
update,4261b8af-d5dc-405c-9086-d3e13b3592d5,227452719,directory,Nhà thi đấu quận Hà Đông,hn,2,20.967893,105.770512336315,hn_hadong,Quận Hà Đông,contains,4,pitch|sports_centre,True,True,"Nhà thi đấu quận Hà Đông, Phố Ngô Thì Nhậm, Phường Quang Trung, Quận Hà Đông, Thành phố Hà Nội, 10170, Việt Nam",,Phố Ngô Thì Nhậm,"building:[yes] ;; leisure:[sports_centre, pitch] ;; sport:[tennis]"
update,125664c8-805e-40fb-ba38-8f33f82fe4ff,227465101,directory,Sân B5,hn,2,20.98083,105.78657491604,hn_hadong,Quận Hà Đông,contains,2,pitch,True,True,"Sân B5, Ngõ 4 Phố Nguyễn Văn Trỗi, Phường Mộ Lao, Quận Hà Đông, Thành phố Hà Nội, 10162, Việt Nam",,Ngõ 4 Phố Nguyễn Văn Trỗi,"sport:[volleyball, basketball, athletics] ;; access:[yes] ;; surface:[concrete] ;; leisure:[pitch]"
update,501019ea-e8b8-4e8a-9004-118360e31de5,227443135,directory,Sân bóng BACVIET,hn,2,20.97315525,105.793311487578,hn_hadong,,contains,1,pitch,True,True,"Sân bóng BACVIET, Đường Yên Xá, Thành phố Hà Nội, 10162, Việt Nam",,Đường Yên Xá,sport:[soccer] ;; leisure:[pitch]
update,2a97a01d-527a-4615-b7b8-1eba8878ffa6,227425335,directory,Sân bóng Cầu Đơ,hn,2,20.9685312,105.77668418378,hn_hadong,Quận Hà Đông,contains,1,pitch,True,True,"Sân bóng Cầu Đơ, Phố Lê Hồng Phong, Phường Hà Cầu, Quận Hà Đông, Thành phố Hà Nội, 10189, Việt Nam",,Phố Lê Hồng Phong,sport:[soccer] ;; leisure:[pitch]
update,b1e75576-07d4-43ae-ae01-ae209d8d325b,227461627,directory,Sân bóng Mộ Lao,hn,2,20.9811494,105.782600529919,hn_hadong,Quận Hà Đông,contains,1,pitch,True,True,"Sân bóng Mộ Lao, Hẻm 3/1/23, Phường Mộ Lao, Quận Hà Đông, Thành phố Hà Nội, 10162, Việt Nam",,Hẻm 3/1/23,sport:[soccer] ;; leisure:[pitch]
update,4e2e714d-62ba-4cce-a567-e58b72417c48,227440688,directory,Sân bóng Phúc La,hn,2,20.96953555,105.787282362883,hn_hadong,Quận Hà Đông,contains,1,pitch,True,True,"Sân bóng Phúc La, Phố Bạch Thái Bưởi, Phường Phúc La, Quận Hà Đông, Thành phố Hà Nội, 10162, Việt Nam",,Phố Bạch Thái Bưởi,sport:[soccer] ;; leisure:[pitch]
update,aec9e093-9a41-4f85-acfb-04bf8d828714,227438191,directory,Sân bóng Văn Quán,hn,2,20.97377195,105.786446697731,hn_hadong,Quận Hà Đông,contains,1,pitch,True,True,"Sân bóng Văn Quán, Phố Văn Yên, Quận Hà Đông, Thành phố Hà Nội, 10162, Việt Nam",,Phố Văn Yên,sport:[soccer] ;; leisure:[pitch]
update,8efa1487-c739-4404-a866-5ce1334e7e12,227443190,directory,Sân bóng Vạn Phúc,hn,2,20.979062,105.778933962702,hn_hadong,Quận Hà Đông,contains,1,pitch,True,True,"Sân bóng Vạn Phúc, Phố Ngô Thì Sỹ, Phường Vạn Phúc, Quận Hà Đông, Thành phố Hà Nội, 10162, Việt Nam",,Phố Ngô Thì Sỹ,sport:[soccer] ;; leisure:[pitch]
update,9e14c57f-fa80-46c1-84d4-e81ba84d0c04,227463301,directory,Sân bóng Zone9,hn,2,20.97227865,105.793442659347,hn_hadong,Quận Hà Đông,contains,1,pitch,True,True,"Sân bóng Zone9, Khu Đô Thị Văn Quán, Phường Phúc La, Quận Hà Đông, Thành phố Hà Nội, 10162, Việt Nam",,Khu Đô Thị Văn Quán,sport:[soccer] ;; leisure:[pitch]
update,07a11f75-4d9d-49e6-862d-48e826b1231b,227469296,directory,Sân vận động Hà Đông,hn,2,20.96940085,105.781989985122,hn_hadong,Quận Hà Đông,contains,1,pitch|stadium,True,True,"Sân vận động Hà Đông, Ngõ 1, Phường Quang Trung, Quận Hà Đông, Thành phố Hà Nội, 10162, Việt Nam",,Ngõ 1,"leisure:[stadium, pitch] ;; sport:[soccer]"
update,e6c3a9d2-a6ee-4c83-a50b-f24b30ccd98e,227442095,directory,Trường Mầm non Thần Đồng - Bright School,hn,2,20.97299115,105.787171912741,hn_hadong,Quận Hà Đông,contains,1,pitch,True,True,"Trường Mầm non Thần Đồng - Bright School, Khu Đô Thị Văn Quán, Phường Phúc La, Quận Hà Đông, Thành phố Hà Nội, 10162, Việt Nam",,Khu Đô Thị Văn Quán,leisure:[pitch] ;; sport:[soccer]
update,1dd60abf-4d23-4e7a-ad0a-ec2faeca1409,227463548,directory,Trường Mầm non và Tiểu học Ban Mai,hn,2,20.9785886,105.793495898408,hn_hadong,Quận Hà Đông,contains,2,pitch,True,True,"Trường Mầm non và Tiểu học Ban Mai, Đường 19 Tháng 5, Phường Văn Quán, Quận Hà Đông, Thành phố Hà Nội, 12011, Việt Nam",,Đường 19 Tháng 5,grades:[0-5] ;; leisure:[pitch] ;; sport:[basketball]
update,10fb226e-97d3-47b9-94da-00490edad20b,227437260,directory,Trường Quốc tế True North,hn,2,20.98680085,105.781580475,hn_hadong,Quận Hà Đông,contains,1,pitch,True,True,"Trường Quốc tế True North, Ngõ 246 Thanh Bình, Phường Mộ Lao, Quận Hà Đông, Thành phố Hà Nội, 10070, Việt Nam",,Ngõ 246 Thanh Bình,email:[info@truenorth.edu.vn] ;; phone:[+84 94 435 9393] ;; grades:[0-12] ;; website:[https://truenorth.edu.vn] ;; leisure:[pitch] ;; sport:[soccer]
update,774c70f6-1c75-40da-9d8a-1c0c2bc7946c,227441581,directory,Trường THCS Mỗ Lao,hn,2,20.98501245,105.783114810336,hn_hadong,Quận Hà Đông,contains,1,pitch,True,True,"Trường THCS Mỗ Lao, Phố Nguyễn Văn Lộc, Phường Mộ Lao, Quận Hà Đông, Thành phố Hà Nội, 12011, Việt Nam",,Phố Nguyễn Văn Lộc,grades:[6-9] ;; leisure:[pitch] ;; sport:[soccer]
update,44731bba-d02c-4827-896b-87c96b46e745,227453493,directory,Trường THCS Văn Khê,hn,2,20.9654455,105.765833199773,hn_hadong,Quận Hà Đông,contains,1|2,pitch,True,True,"Trường THCS Văn Khê, 35, Phố Phan Đình Giót, BT5, Quận Hà Đông, Thành phố Hà Nội, 10170, Việt Nam",35,Phố Phan Đình Giót,"leisure:[pitch] ;; sport:[soccer, basketball]"
update,74a48ee8-b833-4d59-af52-4c648a2550a5,227459365,directory,Trường Tiểu học Văn Yên,hn,2,20.97221865,105.784810674199,hn_hadong,Quận Hà Đông,contains,1,pitch,True,True,"Trường Tiểu học Văn Yên, Phố Văn Yên, Phường Văn Quán, Quận Hà Đông, Thành phố Hà Nội, 10162, Việt Nam",,Phố Văn Yên,grades:[1-5] ;; leisure:[pitch] ;; sport:[soccer]
update,6573f155-98de-42e2-b0e4-bc8c4c98cfac,227380777,directory,Bể bơi Tăng Bạt Hổ,hn,2,21.01523055,105.859249743033,hn_haibatrung,Quận Hai Bà Trưng,contains,,swimming_pool,True,True,"Bể bơi Tăng Bạt Hổ, Phố Tăng Bạt Hổ, Phường Phạm Đình Hổ, Quận Hai Bà Trưng, Thành phố Hà Nội, 10078, Việt Nam",,Phố Tăng Bạt Hổ,sport:[swimming] ;; access:[yes] ;; covered:[no] ;; building:[yes] ;; leisure:[swimming_pool]
update,c4a6c270-1a01-4c8c-aa29-0af16d327dfd,227387917,directory,Cung Văn hoá Thể thao Thanh niên Hà Nội,hn,2,21.0168863,105.858676903762,hn_haibatrung,Quận Hai Bà Trưng,contains,4,pitch,True,True,"Cung Văn hoá Thể thao Thanh niên Hà Nội, 1, Phố Tăng Bạt Hổ, Phường Phạm Đình Hổ, Quận Hai Bà Trưng, Thành phố Hà Nội, 10092, Việt Nam",1,Phố Tăng Bạt Hổ,leisure:[pitch] ;; sport:[tennis]
update,b6fe9484-3765-4be5-9285-46a2d8d2c277,227396453,directory,Hôtel du Parc Hanoï,hn,2,21.0179754,105.84206244542,hn_haibatrung,Quận Hai Bà Trưng,contains,,swimming_pool,False,True,"Hôtel du Parc Hanoï, 84, Phố Trần Nhân Tông, Phường Lê Đại Hành, Quận Hai Bà Trưng, Thành phố Hà Nội, 10017, Việt Nam",84,Phố Trần Nhân Tông,phone:[+84 24 3822 3535] ;; rooms:[255] ;; stars:[5] ;; website:[https://hotelduparchanoi.com/] ;; building:[yes] ;; leisure:[swimming_pool]
update,391a3e69-b19a-40ad-8311-783b97aa9de8,227368153,directory,Rạp xiếc Trung ương,hn,2,21.01672585,105.842419497056,hn_haibatrung,Quận Hai Bà Trưng,contains,4,pitch,True,True,"Rạp xiếc Trung ương, 67-69, Phố Trần Nhân Tông, Phường Lê Đại Hành, Quận Hai Bà Trưng, Thành phố Hà Nội, 10017, Việt Nam",,Phố Trần Nhân Tông,phone:[+84 96 898 99 85] ;; website:[https://rapxiectrunguong.com/] ;; building:[yes] ;; operator:[Liên đoàn Xiếc Việt Nam] ;; theatre:genre:[circus] ;; leisure:[pitch] ;; sport:[tennis]
update,80bff978-e191-4c36-9fdb-78d873fcbd67,227364763,directory,Trường Tiểu học Ngô Thì Nhậm,hn,2,21.0150423,105.853903851038,hn_haibatrung,Quận Hai Bà Trưng,contains,1,pitch,True,True,"Trường Tiểu học Ngô Thì Nhậm, 9, Phố Hoà Mã, Phường Phạm Đình Hổ, Quận Hai Bà Trưng, Thành phố Hà Nội, 10092, Việt Nam",9,Phố Hoà Mã,grades:[1-5] ;; leisure:[pitch] ;; sport:[soccer]
update,48fefa7f-2605-4980-9944-d8a618f5319a,227343962,directory,Trường THPT Ngọc Tảo,hn,2,21.08931955,105.600695205351,hn_hatmon,,contains,,pitch,False,True,"Trường THPT Ngọc Tảo, Quốc lộ 32, Thành phố Hà Nội, Việt Nam",,Quốc lộ 32,grades:[10-12] ;; website:[https://c3ngoctao.edu.vn/] ;; leisure:[pitch]
update,fb9a0258-25f7-4ab2-a967-6e483c7e73c5,227338971,directory,,hn,2,21.066903301856,105.710274522589,hn_hoaiduc,,contains,1,pitch|stadium,True,True,"Giang Xá, Thành phố Hà Nội, 34000, Việt Nam",,,"leisure:[stadium, pitch] ;; sport:[soccer]"
update,429eebcd-212b-47d7-89f7-fec36a734f17,227358232,directory,Khu đô thị Lideco,hn,2,21.0704090083877,105.713221830041,hn_hoaiduc,,contains,4,pitch,True,True,"Khu đô thị Lideco, Thành phố Hà Nội, 34000, Việt Nam",,,oneway:[yes] ;; leisure:[pitch] ;; sport:[tennis]
update,4e32418e-f754-4770-9be9-64de44376058,227336225,directory,Trường THCS Thị trấn Trạm Trôi,hn,2,21.06828315,105.706169616425,hn_hoaiduc,,contains,2,pitch,True,True,"Trường THCS Thị trấn Trạm Trôi, Ngõ 78 Đường 422, Giang Xá, Thành phố Hà Nội, 34000, Việt Nam",,Ngõ 78 Đường 422,grades:[6-9] ;; leisure:[pitch] ;; sport:[basketball]
update,7ab567d1-719c-40ef-aba5-da25478a83d6,227373104,directory,Trường Tiểu học Lý Nam Đế,hn,2,21.06895595,105.706248269843,hn_hoaiduc,,contains,,pitch,False,True,"Trường Tiểu học Lý Nam Đế, Đường tỉnh 422, Giang Xá, Thành phố Hà Nội, 34000, Việt Nam",,Đường tỉnh 422,grades:[1-5] ;; leisure:[pitch]
update,dd89ea87-3f38-480d-87a4-855f289807cb,227375480,directory,Xã Di Trạch,hn,2,21.0465693752694,105.718526071446,hn_hoaiduc,,contains,,pitch,False,True,"Xã Di Trạch, Thành phố Hà Nội, 34000, Việt Nam",,,leisure:[pitch]
update,3236b65d-afd7-4166-a849-a4c717de9697,227337101,directory,Đại Học Thành Đô,hn,2,21.0646178,105.722625550476,hn_hoaiduc,,contains,,pitch,False,True,"Đại Học Thành Đô, Đường Vạn Xuân, Thành phố Hà Nội, 34000, Việt Nam",,Đường Vạn Xuân,phone:[0433861791] ;; website:[https://thanhdo.edu.vn/] ;; leisure:[pitch]
update,65c449b5-33a8-4421-978e-69b03048f9a4,227367197,directory,Ban Quản lý Khu Công nghệ cao Hoà Lạc,hn,2,21.0078297,105.531143403138,hn_hoalac,,contains,4,pitch,True,True,"Ban Quản lý Khu Công nghệ cao Hoà Lạc, Cầu đỏ, Thành phố Hà Nội, Việt Nam",,Cầu đỏ,building:[yes] ;; leisure:[pitch] ;; sport:[tennis]
update,4088be74-e9f6-48b7-bdbd-5e1643fd8b2e,227343067,directory,F-ville Football Field,hn,2,21.0092577,105.5360154,hn_hoalac,,contains,1,pitch,True,True,"F-ville Football Field, Cầu đỏ, Thành phố Hà Nội, Việt Nam",,Cầu đỏ,sport:[soccer] ;; leisure:[pitch]
update,4fa6fcb0-a9a1-4e8c-b016-03498ae6b750,227367389,directory,Fsoft Swimming Pool,hn,2,21.009033,105.534955500908,hn_hoalac,,contains,,swimming_pool,False,True,"Fsoft Swimming Pool, Cầu đỏ, Thành phố Hà Nội, Việt Nam",,Cầu đỏ,leisure:[swimming_pool]
update,baa9a01c-bb7e-4f13-8be9-377c6a49bb6d,227458241,directory,Nhà khách Đại học Quốc gia Hà Nội,hn,2,20.99618425,105.514243537321,hn_hoalac,,contains,4,pitch,True,True,"Nhà khách Đại học Quốc gia Hà Nội, Đường Làng Văn hóa, Thành phố Hà Nội, Việt Nam",,Đường Làng Văn hóa,building:[yes] ;; guest_house:[guest_house] ;; leisure:[pitch] ;; sport:[tennis]
update,2e4e59c1-d907-467c-a37f-cee873445232,227449402,directory,TH School Hòa Lạc,hn,2,20.9981709,105.536893753518,hn_hoalac,,contains,1,pitch,True,True,"TH School Hòa Lạc, Cầu vượt Phú Cát, Thành phố Hà Nội, Việt Nam",,Cầu vượt Phú Cát,leisure:[pitch] ;; sport:[soccer]
update,926869b5-7cb2-4e5f-a89b-16b78091ab4c,227346054,directory,Trung tâm Internet Việt Nam,hn,2,21.0073763,105.531319430895,hn_hoalac,,contains,4,pitch,True,True,"Trung tâm Internet Việt Nam, Cầu đỏ, Thành phố Hà Nội, Việt Nam",,Cầu đỏ,website:[https://vnnic.vn/] ;; building:[yes] ;; building:levels:[5] ;; leisure:[pitch] ;; sport:[tennis]
update,92c52377-7da8-4f92-996f-347661130d2b,227381345,directory,Trường Đại học FPT,hn,2,21.0135287,105.525262036078,hn_hoalac,,contains,1|2,pitch,True,True,"Trường Đại học FPT, Quốc lộ 21, Thành phố Hà Nội, Việt Nam",,Quốc lộ 21,"website:[https://hanoi.fpt.edu.vn/] ;; wikidata:[Q610220] ;; wikipedia:[en:FPT University] ;; check_date:[2025-01-06] ;; opening_hours:[Mo-Su 07:00-22:00] ;; leisure:[pitch] ;; sport:[soccer, basketball, volleyball]"
update,b597218b-fecf-452a-8ed7-f54b7c59531e,227361809,directory,Viện Khoa học và Công nghệ Việt Nam – Hàn Quốc,hn,2,21.01595085,105.533154305989,hn_hoalac,,contains,1|2|4,pitch,True,True,"Viện Khoa học và Công nghệ Việt Nam – Hàn Quốc, Cầu đỏ, Thành phố Hà Nội, Việt Nam",,Cầu đỏ,"landuse:[commercial] ;; leisure:[pitch] ;; sport:[soccer, tennis, basketball]"
update,45ccab63-8689-42f6-a95b-7df0e86d589d,227429474,directory,,hn,2,20.9663290849214,105.823479528538,hn_hoangliet,Quận Hoàng Mai,contains,4,pitch,True,True,"Linh Đàm, Quận Hoàng Mai, Thành phố Hà Nội, 11718, Việt Nam",,,leisure:[pitch] ;; sport:[tennis]
update,531e75ad-5124-48ec-ba53-3b1f957e8430,227454442,directory,,hn,2,20.9532189718823,105.836428036313,hn_hoangliet,,contains,1,pitch,True,True,"Ngõ 119 Tựu Liệt, Thành phố Hà Nội, 12506, Việt Nam",,Ngõ 119 Tựu Liệt,surface:[concrete] ;; motorcycle:[yes] ;; motor_vehicle:[no] ;; leisure:[pitch] ;; sport:[soccer]
update,94a6acde-7b91-46b5-ba5a-37116491c37d,227455465,directory,,hn,2,20.9583914,105.8332863,hn_hoangliet,Quận Hoàng Mai,contains,1,pitch,True,True,"Ngõ 56, Phường Hoàng Liệt, Quận Hoàng Mai, Thành phố Hà Nội, 12506, Việt Nam",,Ngõ 56,leisure:[pitch] ;; sport:[soccer]
update,d5b63682-43d0-47f2-ae70-356788281770,227451041,directory,,hn,2,20.9647955557842,105.834483988609,hn_hoangliet,Quận Hoàng Mai,contains,4,pitch,True,True,"Phố Nam Sơn, Quận Hoàng Mai, Thành phố Hà Nội, 12506, Việt Nam",,Phố Nam Sơn,surface:[asphalt] ;; leisure:[pitch] ;; sport:[tennis]
update,f569390e-df38-4ad5-ba19-87814c7affef,227440358,directory,,hn,2,20.9580517577444,105.839067624805,hn_hoangliet,Quận Hoàng Mai,contains,1,pitch,True,True,"Phường Hoàng Liệt, Quận Hoàng Mai, Thành phố Hà Nội, 12506, Việt Nam",,,leisure:[pitch] ;; sport:[soccer]
update,d1d39dfd-e8b2-453b-92ee-e98f9e6c5d45,227432899,directory,Bể bơi Bắc Linh Đàm,hn,2,20.967948,105.827779521148,hn_hoangliet,Quận Hoàng Mai,contains,4,pitch|swimming_pool,True,True,"Bể bơi Bắc Linh Đàm, Phố Nguyễn Hữu Thọ, Phường Đại Kim, Quận Hoàng Mai, Thành phố Hà Nội, 11718, Việt Nam",,Phố Nguyễn Hữu Thọ,"leisure:[pitch, swimming_pool] ;; sport:[tennis]"
update,df696743-f2cd-437e-b7dd-7c3a7db3c4e6,227433089,directory,Bể bơi bán đảo Kinh Đàm,hn,2,20.9640763,105.829329067454,hn_hoangliet,Quận Hoàng Mai,contains,,swimming_pool,False,True,"Bể bơi bán đảo Kinh Đàm, Phố Nam Sơn, Quận Hoàng Mai, Thành phố Hà Nội, 11718, Việt Nam",,Phố Nam Sơn,access:[yes] ;; location:[outdoor] ;; leisure:[swimming_pool]
update,d73130ac-31a5-471e-81a4-e352af0d5ee1,227442406,directory,CT4A-X2 Bắc Linh Đàm,hn,2,20.9650209,105.824070303683,hn_hoangliet,Quận Hoàng Mai,contains,4,pitch,True,True,"CT4A-X2 Bắc Linh Đàm, Phố Nguyễn Phan Chánh, Phường Hoàng Liệt, Quận Hoàng Mai, Thành phố Hà Nội, 11718, Việt Nam",,Phố Nguyễn Phan Chánh,building:levels:[12] ;; leisure:[pitch] ;; sport:[tennis]
update,d4072984-d527-4571-a836-849556f58504,227434544,directory,Sân vận động,hn,2,20.96130545,105.827762126447,hn_hoangliet,Quận Hoàng Mai,contains,1,pitch|stadium,True,True,"Sân vận động, Phố Linh Đường, Linh Đàm, Quận Hoàng Mai, Thành phố Hà Nội, 12506, Việt Nam",,Phố Linh Đường,"sport:[football, athletics, soccer] ;; leisure:[stadium, pitch]"
update,7c08cd6c-2e34-4c31-8d33-685513e11932,227440762,directory,Trung tâm Văn hóa Thể thao quận Hoàng Mai,hn,2,20.9613025,105.827433252315,hn_hoangliet,Quận Hoàng Mai,contains,,sports_centre,True,True,"Trung tâm Văn hóa Thể thao quận Hoàng Mai, Phố Linh Đường, Phường Hoàng Liệt, Quận Hoàng Mai, Thành phố Hà Nội, 12506, Việt Nam",,Phố Linh Đường,leisure:[sports_centre] ;; sport:[swimming]
update,24808e15-ec99-42ae-9188-727c8ffce98a,227434304,directory,Trường Mầm non Hoa Hướng Dương,hn,2,20.966795,105.824457033521,hn_hoangliet,Quận Hoàng Mai,contains,2,pitch,True,True,"Trường Mầm non Hoa Hướng Dương, Phố Bằng Liệt, Phường Hoàng Liệt, Quận Hoàng Mai, Thành phố Hà Nội, 11718, Việt Nam",,Phố Bằng Liệt,leisure:[pitch] ;; sport:[basketball]
update,e0c4ce0f-4ded-4578-8d1b-71207f8d004a,227433764,directory,Trường Tiểu học Hoàng Liệt,hn,2,20.9665858,105.838631841963,hn_hoangliet,Quận Hoàng Mai,contains,,pitch,False,True,"Trường Tiểu học Hoàng Liệt, Ngách 2/2 Phố Hoàng Liệt, Quận Hoàng Mai, Thành phố Hà Nội, 12506, Việt Nam",,Ngách 2/2 Phố Hoàng Liệt,leisure:[pitch]
update,6ac35ead-4c79-489a-a882-99cde291604b,227483817,directory,Trường Tiểu học Linh Đàm,hn,2,20.96021425,105.838098149428,hn_hoangliet,Quận Hoàng Mai,contains,1,pitch,True,True,"Trường Tiểu học Linh Đàm, Ngõ 46 Đường Ngọc Hồi, Phường Hoàng Liệt, Quận Hoàng Mai, Thành phố Hà Nội, 12506, Việt Nam",,Ngõ 46 Đường Ngọc Hồi,website:[http://tieuhoclinhdam.edu.vn/] ;; leisure:[pitch] ;; sport:[soccer]
update,2de18eac-7f7a-4ffd-bea7-a1d78abeace8,227442833,directory,,hn,2,20.9757443910033,105.880649147934,hn_hoangmai,Quận Hoàng Mai,contains,1,pitch,True,True,"Ngõ 144 Phố Tây Trà, Phường Trần Phú, Quận Hoàng Mai, Thành phố Hà Nội, 11622, Việt Nam",,Ngõ 144 Phố Tây Trà,lanes:[1] ;; oneway:[no] ;; surface:[asphalt] ;; maxweight:[10] ;; leisure:[pitch] ;; sport:[soccer]
update,bc266e41-0b0f-4cd2-af0f-5e2161561039,227440974,directory,,hn,2,20.9744336,105.8818886,hn_hoangmai,Quận Hoàng Mai,contains,1,pitch,True,True,"Phường Trần Phú, Quận Hoàng Mai, Thành phố Hà Nội, 11622, Việt Nam",,,surface:[asphalt] ;; leisure:[pitch] ;; sport:[soccer]
update,edeb2a3c-d4d4-4d76-bef2-9ccb65628a34,227446581,directory,,hn,2,20.9741643936936,105.880117510841,hn_hoangmai,Quận Hoàng Mai,contains,1,pitch,True,True,"Chùa Khuyến Lương, Phường Trần Phú, Quận Hoàng Mai, Thành phố Hà Nội, 11622, Việt Nam",,Chùa Khuyến Lương,surface:[asphalt] ;; leisure:[pitch] ;; sport:[soccer]
update,b5306d13-e815-48e7-95ad-dead5f33b36a,227417294,directory,Gamuda Clubhouse,hn,2,20.97235525,105.877207886681,hn_hoangmai,Quận Hoàng Mai,contains,4,pitch|sports_centre,True,True,"Gamuda Clubhouse, Đường 2-2 Gamuda, Phường Trần Phú, Quận Hoàng Mai, Thành phố Hà Nội, 11622, Việt Nam",,Đường 2-2 Gamuda,"leisure:[sports_centre, pitch] ;; sport:[tennis]"
update,f160f733-33bd-471d-a4ff-9786ac6ff4b0,227433897,directory,Jana Garden Terrace,hn,2,20.9832972,105.842738085234,hn_hoangmai,Quận Hoàng Mai,contains,4,pitch,True,True,"Jana Garden Terrace, 6, Phố Kim Đồng, Phường Giáp Bát, Quận Hoàng Mai, Thành phố Hà Nội, 11617, Việt Nam",6,Phố Kim Đồng,building:levels:[9] ;; leisure:[pitch] ;; sport:[tennis]
update,0f34169c-6e08-44d7-851c-98bbfa0a909e,227430398,directory,Quận uỷ - HĐND - UBND quận Hoàng Mai,hn,2,20.9680751,105.848215707361,hn_hoangmai,Quận Hoàng Mai,contains,4,pitch,True,True,"Quận uỷ - HĐND - UBND quận Hoàng Mai, Ngõ 6 Bùi Huy Bích, Phường Hoàng Liệt, Quận Hoàng Mai, Thành phố Hà Nội, 12506, Việt Nam",,Ngõ 6 Bùi Huy Bích,building:[yes] ;; townhall:type:[district] ;; leisure:[pitch] ;; sport:[tennis]
update,98e5d98a-000c-450b-8ef1-da705c0768f2,227441621,directory,Trung tâm Chính trị quận Hoàng Mai,hn,2,20.96767335,105.846611001173,hn_hoangmai,Quận Hoàng Mai,contains,4,pitch,True,True,"Trung tâm Chính trị quận Hoàng Mai, Ngõ 2, Phường Hoàng Liệt, Quận Hoàng Mai, Thành phố Hà Nội, 12506, Việt Nam",,Ngõ 2,landuse:[commercial] ;; leisure:[pitch] ;; sport:[tennis]
update,5876c4b3-156b-40d7-9abe-dd7344912339,227434590,directory,Trường Quốc tế Singapore,hn,2,20.9692926,105.874998093308,hn_hoangmai,Quận Hoàng Mai,contains,1,pitch,True,True,"Trường Quốc tế Singapore, Đường 2-4 Gamuda, Phường Trần Phú, Quận Hoàng Mai, Thành phố Hà Nội, 11622, Việt Nam",,Đường 2-4 Gamuda,website:[https://gamudagardens.sis.edu.vn/] ;; contact:phone:[+84 24 7304 1777] ;; contact:facebook:[https://www.facebook.com/sisgamuda/] ;; leisure:[pitch] ;; sport:[soccer]
update,2d33b2e8-c7cf-4b9a-8d3b-ad8bf9da6454,227389006,directory,Mayfair Hà Nội,hn,2,21.03054385,105.843330336522,hn_hoankiem,Quận Ba Đình,contains,,swimming_pool,False,True,"Mayfair Hà Nội, 34B, Phố Trần Phú, Phường Điện Biên, Quận Ba Đình, Thành phố Hà Nội, 10093, Việt Nam",,Phố Trần Phú,email:[mayfair@hn.vnn.vn] ;; rooms:[48] ;; building:[apartments] ;; operator:[Công Ty TNHH Mayfair Hà Nội] ;; building:levels:[7] ;; leisure:[swimming_pool]
update,231ce6e1-3364-45ed-b4c0-40228a6b6e97,227364600,directory,Nhà riêng Đại sứ Hoa Kỳ,hn,2,21.02652845,105.857362179666,hn_hoankiem,Quận Hoàn Kiếm,contains,,swimming_pool,False,True,"Nhà riêng Đại sứ Hoa Kỳ, 18, Phố Tông Đản, Phường Tràng Tiền, Quận Hoàn Kiếm, Thành phố Hà Nội, 11022, Việt Nam",18,Phố Tông Đản,target:[VN] ;; country:[US] ;; embassy:[residence] ;; diplomatic:[embassy] ;; leisure:[swimming_pool]
update,79ef60ed-c55b-4dc7-91cf-1b6ed3aefe3a,227376730,directory,Sofitel Legend Metropole Hà Nội,hn,2,21.02548845,105.855978416108,hn_hoankiem,Quận Hoàn Kiếm,contains,,swimming_pool,False,True,"Sofitel Legend Metropole Hà Nội, 15, Phố Ngô Quyền, Phường Tràng Tiền, Quận Hoàn Kiếm, Thành phố Hà Nội, 11022, Việt Nam",15,Phố Ngô Quyền,bar:[yes] ;; fax:[+84 24 3826 6920] ;; email:[h1555@sofitel.com] ;; phone:[+84 24 3826 6919] ;; stars:[5] ;; landuse:[commercial] ;; website:[https://www.sofitel-legend-metropole-hanoi.com/vi/] ;; reservation:[yes] ;; brand:wikidata:[Q749431] ;; air_conditioning:[yes] ;; leisure:[swimming_pool]
update,0403b8a4-1148-4b42-8dbe-46c657294374,227407260,directory,,hn,2,21.062576,105.8380573,hn_hongha,Quận Tây Hồ,contains,1,pitch,True,True,"114, Đê Quai, Từ Liên, Quận Tây Hồ, Thành phố Hà Nội, 10202, Việt Nam",114,Đê Quai,leisure:[pitch] ;; sport:[soccer]
update,17a5b822-903d-4b81-8921-502e9784a0a1,227380729,directory,,hn,2,21.056518,105.8418824,hn_hongha,Quận Tây Hồ,contains,1,pitch,True,True,"Phường Tứ Liên, Quận Tây Hồ, Thành phố Hà Nội, 10266, Việt Nam",,,leisure:[pitch] ;; sport:[soccer]
update,38e6353d-67d5-42da-9e32-d01262318aeb,227366594,directory,,hn,2,21.0203816,105.8626773,hn_hongha,Quận Hoàn Kiếm,contains,2,pitch,True,True,"Ngõ 450 Bạch Đằng, Phường Chương Dương, Quận Hoàn Kiếm, Thành phố Hà Nội, 11023, Việt Nam",,Ngõ 450 Bạch Đằng,moped:[yes] ;; surface:[asphalt] ;; motorcycle:[yes] ;; motor_vehicle:[no] ;; leisure:[pitch] ;; sport:[basketball]
update,488e9230-fc57-43e6-a0fb-ddce58800c00,227378886,directory,,hn,2,21.0505999953397,105.841925017443,hn_hongha,Quận Tây Hồ,contains,4,pitch,True,True,"Phường Yên Phụ, Quận Tây Hồ, Thành phố Hà Nội, 10266, Việt Nam",,,surface:[concrete] ;; leisure:[pitch] ;; sport:[tennis]
update,691d596c-4b89-4fed-9550-07a96595fadd,227384928,directory,,hn,2,21.0314740875467,105.858396191207,hn_hongha,Quận Hoàn Kiếm,contains,4,pitch,True,True,"Ngách 44/3 Phố Hàm Tử Quan, Phường Chương Dương, Quận Hoàn Kiếm, Thành phố Hà Nội, 11023, Việt Nam",,Ngách 44/3 Phố Hàm Tử Quan,leisure:[pitch] ;; sport:[tennis]
update,88c6ef4f-b8d7-47d7-9ad7-9f43b4772ccb,227394278,directory,,hn,2,21.0763318322629,105.833861563657,hn_hongha,Quận Tây Hồ,contains,1,stadium,True,True,"Phường Nhật Tân, Quận Tây Hồ, Thành phố Hà Nội, 10219, Việt Nam",,,leisure:[stadium] ;; sport:[soccer]
update,99b64ed9-228f-4f4a-a9e8-a84f871a0ecc,227403393,directory,,hn,2,21.0486670425554,105.843355807312,hn_hongha,Quận Ba Đình,contains,1,pitch,True,True,"Ngõ 15 Đường Hồng Hà, Phường Phúc Xá, Quận Ba Đình, Thành phố Hà Nội, 11117, Việt Nam",,Ngõ 15 Đường Hồng Hà,leisure:[pitch] ;; sport:[soccer]
update,b2682d09-caec-47f3-b6b0-46dadb1e856c,399713844,directory,Beefy Boulders Tay Ho,hn,2,21.0646106,105.8338725,hn_hongha,Quận Tây Hồ,contains,,sports_centre,True,True,"Beefy Boulders Tay Ho, 3, Ngõ 55 Tứ Liên, Từ Liên, Quận Tây Hồ, Thành phố Hà Nội, 10202, Việt Nam",3,Ngõ 55 Tứ Liên,"fee:[yes] ;; sport:[climbing] ;; charge:[190000 VND/day] ;; website:[https://www.beefyboulders.com/] ;; operator:[Beefy Boulders] ;; opening_hours:[Mo-Fr 16:00-22:00, Sa-Su 10:00-22:00] ;; leisure:[sports_centre]"
update,1b1acde2-1b92-44f3-8e6a-9eaa5572b87e,227411193,directory,Con đường Gốm sứ,hn,2,21.04786105,105.842917916832,hn_hongha,Quận Hoàn Kiếm,contains,1,pitch,True,True,"Con đường Gốm sứ, Phố Ngô Quyền, Phường Hàng Bài, Quận Hoàn Kiếm, Thành phố Hà Nội, 11020, Việt Nam",,Phố Ngô Quyền,barrier:[wall] ;; material:[masonry] ;; wikidata:[Q5649317] ;; wikipedia:[vi:Con đường Gốm sứ] ;; artwork_type:[mural] ;; leisure:[pitch] ;; sport:[soccer]
update,0ae14663-00b0-4ba8-a956-4d3c01b38840,227412706,directory,Dirt Town,hn,2,21.06945725,105.838108979579,hn_hongha,Quận Tây Hồ,contains,,sports_centre,True,True,"Dirt Town, Ngách 172/172 Đường Âu Cơ, Từ Liên, Quận Tây Hồ, Thành phố Hà Nội, 11207, Việt Nam",,Ngách 172/172 Đường Âu Cơ,sport:[motocross] ;; surface:[unpaved] ;; website:[https://www.facebook.com/profile.php?id=100066683027053] ;; leisure:[sports_centre]
update,d358a906-5624-48f1-81f9-cc8e3e35e947,400715646,directory,Fitness Village,hn,2,21.05819065,105.838200945952,hn_hongha,Quận Tây Hồ,contains,,swimming_pool,False,True,"Fitness Village, Ngách 310/50 Nghi Tàm, Từ Liên, Quận Tây Hồ, Thành phố Hà Nội, 10266, Việt Nam",,Ngách 310/50 Nghi Tàm,building:[yes] ;; leisure:[swimming_pool]
update,cbbacd19-ac54-43ec-a673-c8038102ff13,227387372,directory,Peri Pool Arena,hn,2,21.030467,105.85929577295,hn_hongha,Quận Hoàn Kiếm,contains,,sports_centre,True,True,"Peri Pool Arena, 64, Đường Bạch Đằng, Phường Chương Dương, Quận Hoàn Kiếm, Thành phố Hà Nội, 11023, Việt Nam",64,Đường Bạch Đằng,sport:[billiards] ;; building:[yes] ;; leisure:[sports_centre]
update,1a8bd9aa-2a46-4488-b756-ec094003ab8b,400708930,directory,Shaun the Sheep,hn,2,21.076556,105.836739925932,hn_hongha,Quận Tây Hồ,contains,1,,True,True,"Shaun the Sheep, Ngõ 264 Phố Âu Cơ, Phường Nhật Tân, Quận Tây Hồ, Thành phố Hà Nội, 10219, Việt Nam",,Ngõ 264 Phố Âu Cơ,zoo:[petting_zoo] ;; sport:[soccer]
update,3abff213-6ca1-4f5f-967f-8d674b006aa5,227377557,directory,Trung tâm thể thao quận Hoàn Kiếm,hn,2,21.03976495,105.852577436036,hn_hongha,Quận Hoàn Kiếm,contains,1|2|4,pitch|sports_centre,True,True,"Trung tâm thể thao quận Hoàn Kiếm, Ngõ 283 Đường Hồng Hà, Phường Phúc Tân, Quận Hoàn Kiếm, Thành phố Hà Nội, 11008, Việt Nam",,Ngõ 283 Đường Hồng Hà,"leisure:[sports_centre, pitch] ;; sport:[basketball, soccer, tennis]"
update,ff82318d-a355-41ac-b631-a5b16431e46d,227415640,directory,VietClimb,hn,2,21.05483615,105.83980973708,hn_hongha,Quận Tây Hồ,contains,,sports_centre,True,True,"VietClimb, Ngõ 76 An Dương, Phường Yên Phụ, Quận Tây Hồ, Thành phố Hà Nội, 10266, Việt Nam",,Ngõ 76 An Dương,fee:[yes] ;; sport:[climbing] ;; building:[yes] ;; leisure:[sports_centre]
update,f16485be-4289-41c2-9d8a-65e99577d89a,227404430,directory,sân bóng đá Hồng Hà,hn,2,21.04745665,105.84429765,hn_hongha,Quận Ba Đình,contains,1,pitch,True,True,"sân bóng đá Hồng Hà, Ngõ 17 Hồng Hà, Phường Phúc Xá, Quận Ba Đình, Thành phố Hà Nội, 11117, Việt Nam",,Ngõ 17 Hồng Hà,sport:[soccer] ;; leisure:[pitch]
update,12400d3a-c8fc-427c-9a18-93abb7ab6b45,227393521,directory,Đội Cảnh sát Giao thông số 4,hn,2,21.01640885,105.865043006969,hn_hongha,Quận Hai Bà Trưng,contains,2,pitch,True,True,"Đội Cảnh sát Giao thông số 4, Đường Bạch Đằng, Phường Bạch Đằng, Quận Hai Bà Trưng, Thành phố Hà Nội, 10078, Việt Nam",,Đường Bạch Đằng,building:[yes] ;; leisure:[pitch] ;; sport:[basketball]
update,064d58fb-152f-43ad-ab8d-e6191f123694,227462841,directory,,hn,2,20.9892754894832,105.80910824767,hn_khuongdinh,Quận Thanh Xuân,contains,2,pitch,True,True,"Ngách 61 Ngõ 342 Đường Khương Đình, Phường Hạ Đình, Quận Thanh Xuân, Thành phố Hà Nội, 10135, Việt Nam",,Ngách 61 Ngõ 342 Đường Khương Đình,leisure:[pitch] ;; sport:[basketball]
update,c710eb5a-b55e-4b1c-9e43-0abd0a8a7549,227457881,directory,ACB Bank,hn,2,20.9920089,105.8083525,hn_khuongdinh,Quận Thanh Xuân,contains,1,pitch,True,True,"ACB Bank, 275, Đường chung cư, Phường Thanh Xuân Trung, Quận Thanh Xuân, Thành phố Hà Nội, 10135, Việt Nam",275,Đường chung cư,leisure:[pitch] ;; sport:[soccer]
update,a0b96bda-a2e2-4bef-8d4b-6cac76334987,399763758,directory,Chung cư 143 Hạ Đình,hn,2,20.9918535,105.809477297388,hn_khuongdinh,Quận Thanh Xuân,contains,1,pitch,True,True,"Chung cư 143 Hạ Đình, 143, Đường chung cư, Phường Thanh Xuân Trung, Quận Thanh Xuân, Thành phố Hà Nội, 10135, Việt Nam",143,Đường chung cư,leisure:[pitch] ;; sport:[soccer]
update,3e25745f-b2f4-4b26-9f94-d74fe4be93d5,227357692,directory,Sân bóng Thượng Đình,hn,2,21.0002157,105.817256713014,hn_khuongdinh,Quận Thanh Xuân,contains,1,pitch,True,True,"Sân bóng Thượng Đình, 125, Đường Nguyễn Trãi, Phường Thượng Đình, Quận Thanh Xuân, Thành phố Hà Nội, 10165, Việt Nam",125,Đường Nguyễn Trãi,sport:[soccer] ;; surface:[artificial_turf] ;; leisure:[pitch]
update,8b70602a-9850-4c1b-b9a9-fd37e6498a15,227462647,directory,quán ăn vân anh,hn,2,20.9893521,105.808954,hn_khuongdinh,Quận Thanh Xuân,contains,1,pitch,True,True,"quán ăn vân anh, Ngõ 342 Khương Đình, Phường Hạ Đình, Quận Thanh Xuân, Thành phố Hà Nội, 10135, Việt Nam",,Ngõ 342 Khương Đình,phone:[+84 97 442 35 63] ;; cuisine:[bia] ;; leisure:[pitch] ;; sport:[soccer]
update,b2d97d3f-582e-4c92-86db-b96a3decf37f,227429140,directory,Hà Cầu,hn,2,20.9639663148018,105.782172986425,hn_kienhung,Quận Hà Đông,contains,1,pitch,True,True,"Hà Cầu, Phường Hà Cầu, Quận Hà Đông, Thành phố Hà Nội, 10189, Việt Nam",,,leisure:[pitch] ;; sport:[soccer]
update,aa8facc6-9a1c-4546-9b20-80f5c25025bd,227458996,directory,Trường THCS - THPT Ban Mai,hn,2,20.9615194,105.767533930611,hn_kienhung,Quận Hà Đông,contains,2,pitch,True,True,"Trường THCS - THPT Ban Mai, Phố Hà Cầu, Phường Phú La, Quận Hà Đông, Thành phố Hà Nội, 10170, Việt Nam",,Phố Hà Cầu,grades:[6-12] ;; leisure:[pitch] ;; sport:[basketball]
update,4f7fd7bc-bf47-4987-9feb-92ae7f49ce0d,227449165,directory,Trường THCS Phú La,hn,2,20.961836,105.768152259248,hn_kienhung,Quận Hà Đông,contains,,pitch,False,True,"Trường THCS Phú La, Phố Văn Phú, Phường Phú La, Quận Hà Đông, Thành phố Hà Nội, 10170, Việt Nam",,Phố Văn Phú,grades:[6-9] ;; leisure:[pitch]
update,34f78b98-4904-4ad1-aa60-3610520f58ef,227457294,directory,Sân bóng đá thôn Văn Khê,hn,2,20.9762166,105.617263125434,hn_kieuphu,,contains,1,pitch,True,True,"Sân bóng đá thôn Văn Khê, Đường Tiểu Ly, Thành phố Hà Nội, 01234, Việt Nam",,Đường Tiểu Ly,sport:[soccer] ;; leisure:[pitch]
update,79cb1684-c88c-4681-a63e-73d3325f513d,227381525,directory,,hn,2,21.0114034914592,105.827859017231,hn_kimlien,Quận Đống Đa,contains,4,pitch,True,True,"Ngõ 119 Hồ Đắc Di, Phường Nam Đồng, Quận Đống Đa, Thành phố Hà Nội, 10306, Việt Nam",,Ngõ 119 Hồ Đắc Di,leisure:[pitch] ;; sport:[tennis]
update,cff3bbd6-83de-475c-912b-fb7b2c46817a,227360052,directory,A3,hn,2,21.00846115,105.829341002937,hn_kimlien,Quận Đống Đa,contains,4,pitch,True,True,"A3, Ngõ 65 Phố Nguyễn Ngọc Doãn, Phường Quang Trung, Quận Đống Đa, Thành phố Hà Nội, 10306, Việt Nam",,Ngõ 65 Phố Nguyễn Ngọc Doãn,leisure:[pitch] ;; sport:[tennis]
update,6859e4e4-b44f-4299-81f5-fb1c5c7cbddb,227378133,directory,Học viện Ngân hàng,hn,2,21.0094822,105.829040438687,hn_kimlien,Quận Đống Đa,contains,1|4,pitch,True,True,"Học viện Ngân hàng, 12, Phố Chùa Bộc, Phường Quang Trung, Quận Đống Đa, Thành phố Hà Nội, 10306, Việt Nam",12,Phố Chùa Bộc,"website:[https://hvnh.edu.vn/] ;; wikidata:[Q10771894] ;; wikipedia:[vi:Học viện Ngân hàng (Việt Nam)] ;; leisure:[pitch] ;; sport:[tennis, soccer]"
update,79105522-830e-417d-88aa-2c5a88412e2f,227359254,directory,Khu Ngoại giao đoàn Trung Tự,hn,2,21.01178775,105.832705320975,hn_kimlien,Quận Đống Đa,contains,4,pitch,True,True,"Khu Ngoại giao đoàn Trung Tự, 6, Phố Đặng Văn Ngữ, Phường Phương Liên – Trung Tự, Quận Đống Đa, Thành phố Hà Nội, 10306, Việt Nam",6,Phố Đặng Văn Ngữ,layer:[1] ;; target:[VN] ;; barrier:[wall] ;; embassy:[residence] ;; description:[A diplomatic compound that houses offices and residences for different international organisations] ;; leisure:[pitch] ;; sport:[tennis]
update,c213e7de-f148-4f13-b2bd-d5763cc60d1b,227383032,directory,Khách sạn Kim Liên,hn,2,21.00753605,105.83842772712,hn_kimlien,Quận Đống Đa,contains,4,pitch|swimming_pool,True,True,"Khách sạn Kim Liên, 7, Phố Đào Duy Anh, Phường Kim Liên, Quận Đống Đa, Thành phố Hà Nội, 10181, Việt Nam",7,Phố Đào Duy Anh,"landuse:[commercial] ;; internet_access:[yes] ;; leisure:[pitch, swimming_pool] ;; sport:[tennis]"
update,c3a0b6d3-c233-418e-845d-4ed1f1042445,227359372,directory,Phòng Thí nghiệm trọng điểm Quốc gia về Động lực học sông biển,hn,2,21.0071085,105.827430753353,hn_kimlien,Quận Đống Đa,contains,4,pitch,True,True,"Phòng Thí nghiệm trọng điểm Quốc gia về Động lực học sông biển, 1-3, Ngõ 165 Chùa Bộc, Phường Trung Liệt, Quận Đống Đa, Thành phố Hà Nội, 10306, Việt Nam",,Ngõ 165 Chùa Bộc,landuse:[commercial] ;; leisure:[pitch] ;; sport:[tennis]
update,3e1754f4-2962-490f-b9a8-351baf09ab0b,227397831,directory,Trường Phổ thông Liên cấp TH School,hn,2,21.0073287,105.830649322124,hn_kimlien,Quận Đống Đa,contains,2,pitch,True,True,"Trường Phổ thông Liên cấp TH School, 6, Phố Chùa Bộc, Phường Quang Trung, Quận Đống Đa, Thành phố Hà Nội, 10306, Việt Nam",6,Phố Chùa Bộc,layer:[1] ;; phone:[+84 919 382 255] ;; website:[https://thschool.edu.vn] ;; leisure:[pitch] ;; sport:[basketball]
update,05b55fb6-423c-4f50-96da-bc120b47c887,227382631,directory,Trường THCS Đống Đa,hn,2,21.00539105,105.834573365863,hn_kimlien,Quận Đống Đa,contains,1|2,pitch,True,True,"Trường THCS Đống Đa, 28, Phố Lương Định Của, Phường Kim Liên, Quận Đống Đa, Thành phố Hà Nội, 10181, Việt Nam",28,Phố Lương Định Của,"layer:[1] ;; leisure:[pitch] ;; sport:[soccer, basketball]"
update,b4ca81fe-4a5f-47ff-bb2d-28795d00d26c,227361239,directory,Trường Đại học Công đoàn,hn,2,21.0096842,105.826168448204,hn_kimlien,Quận Đống Đa,contains,1|4,pitch,True,True,"Trường Đại học Công đoàn, 169, Phố Tây Sơn, Phường Trung Liệt, Quận Đống Đa, Thành phố Hà Nội, 10165, Việt Nam",169,Phố Tây Sơn,"website:[http://dhcd.edu.vn/] ;; wikidata:[Q16480704] ;; wikipedia:[vi:Trường Đại học Công đoàn] ;; leisure:[pitch] ;; sport:[tennis, soccer]"
update,f50e8974-afc7-4b3d-96ac-e4bbd57b9d20,227377080,directory,Trường Đại học Thủy lợi,hn,2,21.00698945,105.825100963748,hn_kimlien,Quận Đống Đa,contains,1|2|4,pitch|swimming_pool,True,True,"Trường Đại học Thủy lợi, 175, Phố Tây Sơn, Phường Trung Liệt, Quận Đống Đa, Thành phố Hà Nội, 10165, Việt Nam",175,Phố Tây Sơn,"website:[http://www.tlu.edu.vn/] ;; wikidata:[Q7973360] ;; wikipedia:[vi:Trường Đại học Thủy lợi] ;; wikimedia_commons:[Category:Thủy Lợi University] ;; leisure:[pitch, swimming_pool] ;; sport:[soccer, volleyball, basketball, tennis]"
update,2e7e7234-0def-4e64-b279-dbf83cf69787,227383010,directory,Trường Đại học Y Hà Nội,hn,2,21.00222775,105.831317339467,hn_kimlien,Quận Đống Đa,contains,1|2|4,pitch,True,True,"Trường Đại học Y Hà Nội, 1, Phố Tôn Thất Tùng, Phường Khương Mai, Quận Đống Đa, Thành phố Hà Nội, 10306, Việt Nam",1,Phố Tôn Thất Tùng,"lit:[yes] ;; website:[http://hmu.edu.vn] ;; operator:[Bộ Y tế] ;; wikidata:[Q4383725] ;; wikipedia:[vi:Trường Đại học Y Hà Nội] ;; operator:type:[public/government] ;; wikimedia_commons:[Category:Hanoi Medical University] ;; leisure:[pitch] ;; sport:[soccer, basketball, tennis]"
update,d404fd56-3e0f-455c-96be-ef0da2416fa2,227384552,directory,Tổng công ty Trực thăng Việt Nam,hn,2,21.0002272,105.833042258431,hn_kimlien,Quận Đống Đa,contains,4,pitch,True,True,"Tổng công ty Trực thăng Việt Nam, 172, Đường Trường Chinh, Phường Khương Thượng, Quận Đống Đa, Thành phố Hà Nội, 10181, Việt Nam",172,Đường Trường Chinh,"fax:[+842438521523] ;; email:[info@vnh.com.vn] ;; phone:[+842438521773] ;; landuse:[military] ;; website:[http://vnh.vn/] ;; operator:[Bộ Quốc phòng] ;; wikidata:[Q10831754] ;; wikipedia:[vi:Tổng công ty Trực thăng Việt Nam] ;; leisure:[pitch] ;; sport:[tennis, volleyball]"
update,85427e4b-a228-4e6a-98c5-2b0dbf687164,227399763,directory,Tổng công ty Xây dựng Lũng Lô,hn,2,21.00010985,105.833855333821,hn_kimlien,Quận Đống Đa,contains,4,pitch,True,True,"Tổng công ty Xây dựng Lũng Lô, 162, Đường Trường Chinh, Phường Khương Thượng, Quận Đống Đa, Thành phố Hà Nội, 10181, Việt Nam",162,Đường Trường Chinh,"fax:[+84 243 5635708] ;; email:[info@lunglo.com.vn] ;; phone:[+84 243 5633582] ;; landuse:[military] ;; website:[http://lunglo.com.vn/] ;; operator:[Bộ Quốc phòng] ;; leisure:[pitch] ;; sport:[volleyball, tennis]"
update,6cad8d46-413d-490e-88da-b3a7e182925b,227358917,directory,Viện Khoa học Thuỷ lợi Việt Nam,hn,2,21.00854175,105.825009327653,hn_kimlien,Quận Đống Đa,contains,4,pitch,True,True,"Viện Khoa học Thuỷ lợi Việt Nam, 171, Phố Tây Sơn, Phường Trung Liệt, Quận Đống Đa, Thành phố Hà Nội, 10165, Việt Nam",171,Phố Tây Sơn,landuse:[commercial] ;; leisure:[pitch] ;; sport:[tennis]
update,38e19f97-27ac-4291-9373-1c147d045cdf,227384242,directory,Viện Thuỷ công,hn,2,21.0066967,105.8287561226,hn_kimlien,Quận Đống Đa,contains,4,pitch,True,True,"Viện Thuỷ công, 3, Ngõ 95 Chùa Bộc, Phường Trung Liệt, Quận Đống Đa, Thành phố Hà Nội, 10306, Việt Nam",3,Ngõ 95 Chùa Bộc,landuse:[commercial] ;; website:[https://thuycong.ac.vn/] ;; operator:[Viện Khoa học Thuỷ lợi Việt Nam] ;; leisure:[pitch] ;; sport:[tennis]
update,3e5fb221-de99-48db-b4a6-05cf601a250f,227371796,directory,,hn,2,21.0160506832819,105.814085099393,hn_lang,Quận Đống Đa,contains,4,pitch,True,True,"Ngõ 20 Láng Hạ, Phường Láng Hạ, Quận Đống Đa, Thành phố Hà Nội, 10167, Việt Nam",,Ngõ 20 Láng Hạ,layer:[2] ;; motorcar:[no] ;; motorcycle:[yes] ;; leisure:[pitch] ;; sport:[tennis]
update,6574d629-403e-4e59-aaa2-715b57776eb2,227375993,directory,,hn,2,21.0140513,105.8073755,hn_lang,Quận Đống Đa,contains,4,pitch,True,True,"Ngách 2 Ngõ 594 Đường Láng, Phường Láng Hạ, Quận Đống Đa, Thành phố Hà Nội, 11513, Việt Nam",,Ngách 2 Ngõ 594 Đường Láng,service:[alley] ;; motorcar:[destination] ;; leisure:[pitch] ;; sport:[tennis]
update,f1a1c03f-660b-4504-a9b0-5ecfba6434a9,227391993,directory,Học viện Ngoại giao,hn,2,21.0225728,105.806273868408,hn_lang,Quận Đống Đa,contains,,pitch,True,True,"Học viện Ngoại giao, 69, Ngách 3/69 Chùa Láng, Phường Láng Thượng, Quận Đống Đa, Thành phố Hà Nội, 11513, Việt Nam",69,Ngách 3/69 Chùa Láng,"website:[https://dav.edu.vn] ;; operator:[Bộ Ngoại giao] ;; wikidata:[Q10771893] ;; wikipedia:[vi:Học viện Ngoại giao (Việt Nam)] ;; wheelchair:[yes] ;; isced:level:[5, 6] ;; opening_hours:[Mo-Su 05:00-22:30] ;; operator:type:[public] ;; internet_access:[wlan] ;; contact:facebook:[https://www.facebook.com/doanthanhniendav] ;; wikimedia_commons:[Category:Diplomatic Academy of Vietnam] ;; internet_access:fee:[no] ;; leisure:[pitch] ;; sport:[volleyball]"
update,56aeb1fe-0269-4f73-8178-3edf5e2c17af,227356968,directory,Trường Phổ thông Liên cấp Alfred Nobel,hn,2,21.021497,105.805101954453,hn_lang,Quận Đống Đa,contains,1|2,pitch,True,True,"Trường Phổ thông Liên cấp Alfred Nobel, Ngách 31 Ngõ 14 Phố Pháo Đài Láng, Phường Láng Thượng, Quận Đống Đa, Thành phố Hà Nội, 11513, Việt Nam",,Ngách 31 Ngõ 14 Phố Pháo Đài Láng,"leisure:[pitch] ;; sport:[basketball, soccer]"
update,63fa93c5-ed80-4f7a-a0df-23a1b539f4da,227357165,directory,Trường THPT Phan Huy Chú - Đống Đa,hn,2,21.01729625,105.809291367023,hn_lang,Quận Đống Đa,contains,1|2,pitch,True,True,"Trường THPT Phan Huy Chú - Đống Đa, 34, Ngõ 49 Huỳnh Thúc Kháng, Phường Láng Hạ, Quận Đống Đa, Thành phố Hà Nội, 10157, Việt Nam",34,Ngõ 49 Huỳnh Thúc Kháng,"leisure:[pitch] ;; sport:[soccer, basketball]"
update,845b7f15-b543-4bb1-b420-36b4b2ba650a,227416993,directory,Trường Đại học Giao thông Vận tải,hn,2,21.027598,105.802653862612,hn_lang,Quận Đống Đa,contains,1|4,pitch,True,True,"Trường Đại học Giao thông Vận tải, 3, Đường Cầu Giấy, Phường Láng Thượng, Quận Đống Đa, Thành phố Hà Nội, 10198, Việt Nam",3,Đường Cầu Giấy,"fax:[+84 24 37669613] ;; email:[dhgtvt@utc.edu.vn] ;; phone:[+84 24 37663311] ;; website:[https://www.utc.edu.vn/] ;; operator:[Bộ Giáo dục & Đào tạo] ;; wikidata:[Q10829041] ;; wikipedia:[vi:Trường Đại học Giao thông Vận tải] ;; operator:type:[public/government] ;; leisure:[pitch] ;; sport:[soccer, tennis]"
update,5a053520-a489-47f2-b877-55cdfd297848,227378485,directory,Viện Máy và Dụng cụ Công nghiệp,hn,2,21.01428835,105.812237476628,hn_lang,Quận Đống Đa,contains,4,pitch,True,True,"Viện Máy và Dụng cụ Công nghiệp, Ngõ 9 Phố Hoàng Ngọc Phách, Phường Láng Hạ, Quận Đống Đa, Thành phố Hà Nội, 10167, Việt Nam",,Ngõ 9 Phố Hoàng Ngọc Phách,landuse:[commercial] ;; leisure:[pitch] ;; sport:[tennis]
update,fec5278c-b66b-4003-af99-7041fe586fed,227373911,directory,Đại sứ quán Liên bang Nga,hn,2,21.0269364,105.805617096281,hn_lang,Quận Ba Đình,contains,1|4,pitch|swimming_pool,True,True,"Đại sứ quán Liên bang Nga, 191, Đường La Thành, Phường Ngọc Khánh, Quận Ba Đình, Thành phố Hà Nội, 10298, Việt Nam",191,Đường La Thành,"target:[VN] ;; country:[RU] ;; embassy:[yes] ;; diplomatic:[embassy] ;; contact:email:[rusemb.vietnam@mid.ru] ;; contact:phone:[+84 24 3833 6991] ;; opening_hours:[Mo-We 9:00-12:00, Fr 9:00-12:00] ;; contact:website:[https://vietnam.mid.ru] ;; leisure:[pitch, swimming_pool] ;; sport:[tennis, soccer]"
update,0735e1e6-6f54-4693-88ca-aaf3c9054614,227360140,directory,Trường THCS Thọ An,hn,2,21.1295228,105.638104132774,hn_lienminh,,contains,1,pitch,True,True,"Trường THCS Thọ An, Đường tỉnh 417, Thành phố Hà Nội, Việt Nam",,Đường tỉnh 417,grades:[6-9] ;; leisure:[pitch] ;; sport:[soccer]
update,e3d4a235-f8fa-4ae4-8795-eca0220def11,227341937,directory,Trường THPT Thọ Xuân,hn,2,21.1235589,105.654358136902,hn_lienminh,,contains,,pitch,False,True,"Trường THPT Thọ Xuân, Đường Tráng Sinh, Thành phố Hà Nội, Việt Nam",,Đường Tráng Sinh,grades:[10-12] ;; leisure:[pitch]
update,8adfdd8b-a35f-483b-aa8b-a56eef91dd96,227364232,directory,Trường Tiểu học Thọ An,hn,2,21.12678395,105.639636787731,hn_lienminh,,contains,2,pitch,True,True,"Trường Tiểu học Thọ An, 2, Đường Đông Thanh Hải, Thành phố Hà Nội, Việt Nam",2,Đường Đông Thanh Hải,grades:[1-5] ;; leisure:[pitch] ;; sport:[basketball]
update,cb0dac2f-ffbd-4044-a25a-e388b3932a05,227341541,directory,Trường Tiểu học Thọ Xuân,hn,2,21.1219916,105.646931028471,hn_lienminh,,contains,2,pitch,True,True,"Trường Tiểu học Thọ Xuân, Đường tỉnh 417, Thành phố Hà Nội, Việt Nam",,Đường tỉnh 417,grades:[1-5] ;; leisure:[pitch] ;; sport:[basketball]
update,99e6b8da-6eda-49e5-9007-bcd84529c6c3,227360440,directory,Trường Tiểu học Trung Châu A,hn,2,21.13681445,105.630083322396,hn_lienminh,,contains,2,pitch,True,True,"Trường Tiểu học Trung Châu A, Đường tỉnh 417, Thành phố Hà Nội, Việt Nam",,Đường tỉnh 417,grades:[1-5] ;; leisure:[pitch] ;; sport:[basketball]
update,0544dc1e-1821-47cc-a721-472f21d821d9,227364523,directory,Trường Tiểu học Trung Châu B,hn,2,21.12760025,105.658090622312,hn_lienminh,,contains,2,pitch,True,True,"Trường Tiểu học Trung Châu B, Ngõ 60 Trung Hà Trại, Thành phố Hà Nội, Việt Nam",,Ngõ 60 Trung Hà Trại,grades:[1-5] ;; leisure:[pitch] ;; sport:[basketball]
update,1b75fe7e-e5b7-4ceb-b13a-d0946230a317,227411272,directory,,hn,2,21.0337969650307,105.89706066396,hn_longbien,Quận Long Biên,contains,1,pitch|swimming_pool,True,True,"Phường Phúc Đồng, Quận Long Biên, Thành phố Hà Nội, 08443, Việt Nam",,,"lanes:[2] ;; surface:[asphalt] ;; leisure:[pitch, swimming_pool] ;; sport:[soccer]"
update,2e446b29-9910-4cde-80cd-11b5340650f8,227409045,directory,,hn,2,21.0255673728426,105.905274566429,hn_longbien,Quận Long Biên,contains,1,pitch,True,True,"Phố Huỳnh Tấn Phát, Phường Thạch Bàn, Quận Long Biên, Thành phố Hà Nội, 08443, Việt Nam",,Phố Huỳnh Tấn Phát,lit:[yes] ;; lanes:[2] ;; oneway:[yes] ;; surface:[asphalt] ;; sidewalk:left:[yes] ;; sidewalk:right:[separate] ;; leisure:[pitch] ;; sport:[soccer]
update,522ad0f3-06b1-45ca-a60a-cab6955cae0d,227410582,directory,,hn,2,21.0287116389151,105.908862281423,hn_longbien,Quận Long Biên,contains,3,pitch,True,True,"Ngõ 64 Đường Thạch Bàn, Phường Thạch Bàn, Quận Long Biên, Thành phố Hà Nội, 08443, Việt Nam",,Ngõ 64 Đường Thạch Bàn,lit:[yes] ;; surface:[asphalt] ;; motorcycle:[yes] ;; lane_markings:[no] ;; leisure:[pitch] ;; sport:[badminton]
update,7d6ff1e5-9ec2-401b-921c-1836e7a29597,227440765,directory,,hn,2,21.0216465073028,105.913224049951,hn_longbien,Quận Long Biên,contains,1,pitch,True,True,"Phố Ngọc Trì, Phường Thạch Bàn, Quận Long Biên, Thành phố Hà Nội, 08443, Việt Nam",,Phố Ngọc Trì,lanes:[2] ;; surface:[asphalt] ;; leisure:[pitch] ;; sport:[soccer]
update,9eb1d832-3e4f-4ad1-9a35-d0f2b3a75898,227443097,directory,,hn,2,21.0216977069907,105.912626675403,hn_longbien,Quận Long Biên,contains,1,pitch,True,True,"Ngõ 35 Phố Ngọc Trì, Phường Thạch Bàn, Quận Long Biên, Thành phố Hà Nội, 08443, Việt Nam",,Ngõ 35 Phố Ngọc Trì,leisure:[pitch] ;; sport:[soccer]
update,3c26754c-8d80-4664-beac-3a44a574e615,227428440,directory,CLB Bóng Bàn Thắng Trọc,hn,2,21.029965,105.890664,hn_longbien,Quận Long Biên,contains,,pitch,True,True,"CLB Bóng Bàn Thắng Trọc, Ngõ 188 Tư Đình, Phường Long Biên, Quận Long Biên, Thành phố Hà Nội, 08443, Việt Nam",,Ngõ 188 Tư Đình,sport:[table_tennis] ;; leisure:[pitch]
update,193221ac-1014-4bf2-8e32-89320a8f898d,405602109,directory,Go Kart Viet Nam - Ha Noi Track,hn,2,21.0180529,105.9016988,hn_longbien,Quận Long Biên,contains,1,pitch,True,True,"Go Kart Viet Nam - Ha Noi Track, Khu sinh thái Đầm Trành, Đê Xuân Quan - Long Biên, Phường Thạch Bàn, Quận Long Biên, Thành phố Hà Nội, 08443, Việt Nam",,Đê Xuân Quan - Long Biên,sport:[soccer] ;; leisure:[pitch]
update,79a05b61-04a7-45cd-91d3-85747851bd63,227407280,directory,Khu đô thị Hà Nội Garden City,hn,2,21.0211758571251,105.920695217269,hn_longbien,Quận Long Biên,contains,4,pitch,True,True,"Khu đô thị Hà Nội Garden City, Quận Long Biên, Thành phố Hà Nội, 08443, Việt Nam",,,leisure:[pitch] ;; sport:[tennis]
update,2c7d8090-e812-49e2-861a-a3281f9dfa28,227429094,directory,Nghè Tư Đình - Đền Quang Cổ,hn,2,21.0273585,105.8823816,hn_longbien,Quận Long Biên,contains,1,pitch,True,True,"Nghè Tư Đình - Đền Quang Cổ, Đê Xuân Quan - Long Biên, Phường Long Biên, Quận Long Biên, Thành phố Hà Nội, 11023, Việt Nam",,Đê Xuân Quan - Long Biên,leisure:[pitch] ;; sport:[soccer]
update,f98e01cb-aaff-4aae-a0b0-24f12446bb6f,227407440,directory,Pickleball House,hn,2,21.0129321,105.90662495,hn_longbien,Quận Long Biên,contains,5,,True,True,"Pickleball House, Đường Cự Khối, Xuân Đỗ Thượng, Quận Long Biên, Thành phố Hà Nội, 08443, Việt Nam",,Đường Cự Khối,phone:[+84912486168] ;; sport:[pickleball] ;; access:[customers] ;; website:[https://www.facebook.com/profile.php?id=61568307477670] ;; building:[yes] ;; operator:[Pickleball House]
update,210de095-7356-478a-806a-4fecdeb3d0b7,227407038,directory,Sân bay Gia Lâm,hn,2,21.0403944,105.888292860697,hn_longbien,Quận Long Biên,contains,1,pitch|swimming_pool,True,True,"Sân bay Gia Lâm, Phố Hoàng Minh Đạo, Phường Gia Thụy, Quận Long Biên, Thành phố Hà Nội, 11810, Việt Nam",,Phố Hoàng Minh Đạo,"ele:[15] ;; landuse:[military] ;; wikidata:[Q1320404] ;; wikipedia:[en:Gia Lam Airport] ;; leisure:[pitch, swimming_pool] ;; sport:[soccer]"
update,d266bcaa-92fc-429c-bdc5-7bc9de68c119,227411180,directory,Thong Nhat Football Field,hn,2,21.01225425,105.899109063055,hn_longbien,Quận Long Biên,contains,1,pitch,True,True,"Thong Nhat Football Field, Đường Hạ Trại, Thống Nhất, Quận Long Biên, Thành phố Hà Nội, 08443, Việt Nam",,Đường Hạ Trại,sport:[soccer] ;; leisure:[pitch]
update,2e29943f-0c09-4515-964f-61c34b934de2,227428218,directory,Trường THPT Thạch Bàn,hn,2,21.01807865,105.916134440568,hn_longbien,Quận Long Biên,contains,1,pitch,True,True,"Trường THPT Thạch Bàn, Phố Vũ Đình Tụng, Phường Thạch Bàn, Quận Long Biên, Thành phố Hà Nội, 08443, Việt Nam",,Phố Vũ Đình Tụng,grades:[10-12] ;; website:[http://c3thachban.edu.vn] ;; leisure:[pitch] ;; sport:[soccer]
update,c3c7bad3-e3ef-44a9-ba75-2dcbc43cf562,227434524,directory,Trường Tiểu học Cự Khối,hn,2,21.01110695,105.908949356201,hn_longbien,Quận Long Biên,contains,,pitch,False,True,"Trường Tiểu học Cự Khối, Ngõ 565 Đường Bát Khối, Xuân Đỗ Thượng, Quận Long Biên, Thành phố Hà Nội, 08443, Việt Nam",,Ngõ 565 Đường Bát Khối,grades:[1-5] ;; leisure:[pitch]
update,59c98d5b-cd6c-4e5b-af22-77075483ff09,227412605,directory,Trường Tiểu học Long Biên,hn,2,21.0240559,105.88949326235,hn_longbien,Quận Long Biên,contains,1,pitch,True,True,"Trường Tiểu học Long Biên, Phố Trần Đăng Khoa, Phường Long Biên, Quận Long Biên, Thành phố Hà Nội, 08443, Việt Nam",,Phố Trần Đăng Khoa,grades:[1-5] ;; leisure:[pitch] ;; sport:[soccer]
update,aabff9f5-5992-495d-a12b-8489a5c0b2b6,227411099,directory,Trường Tiểu học Đoàn Kết,hn,2,21.02285065,105.902407460308,hn_longbien,Quận Long Biên,contains,,pitch,False,True,"Trường Tiểu học Đoàn Kết, Ngõ 216 Cổ Linh, Phường Long Biên, Quận Long Biên, Thành phố Hà Nội, 08443, Việt Nam",,Ngõ 216 Cổ Linh,leisure:[pitch]
update,83ddc6de-2217-40ff-8cc9-783ecf3b1721,227409830,directory,"Ủy ban Quốc gia Ứng phó Sự cố, Thiên tai và Tìm kiếm Cứu nạn",hn,2,21.03498895,105.89671155,hn_longbien,Quận Long Biên,contains,1|4,pitch,True,True,"Ủy ban Quốc gia Ứng phó Sự cố, Thiên tai và Tìm kiếm Cứu nạn, Đường Nguyễn Sơn, Phường Phúc Đồng, Quận Long Biên, Thành phố Hà Nội, 08443, Việt Nam",,Đường Nguyễn Sơn,"website:[https://tkcn.gov.vn/] ;; building:[yes] ;; leisure:[pitch] ;; sport:[soccer, tennis]"
update,3650a4a6-5b62-4553-8b49-6f9594cd3f70,227342099,directory,Trạm Xe Bus Công Ty Hamatra,hn,2,21.1575472,105.7699093,hn_melinh,,contains,4,,True,True,"Trạm Xe Bus Công Ty Hamatra, Đường tỉnh 301, Thành phố Hà Nội, Việt Nam",,Đường tỉnh 301,bus:[yes] ;; public_transport:[platform] ;; sport:[tennis]
update,d0f6c2e2-9419-4993-93c0-cb9a903e6eef,227317831,directory,Xã Tiền Phong,hn,2,21.1516442170237,105.756436370457,hn_melinh,,contains,1,,True,True,"Xã Tiền Phong, Thành phố Hà Nội, 12910, Việt Nam",,,sport:[soccer]
update,3363b23b-ecf6-46af-bec0-86b38be8f374,227420363,directory,Trường THCS Ngũ Hiệp,hn,2,20.92758225,105.86107675799,hn_namphu,,contains,,pitch,False,True,"Trường THCS Ngũ Hiệp, Đường cao tốc Pháp Vân - Cầu Giẽ, Thành phố Hà Nội, 12506, Việt Nam",,Đường cao tốc Pháp Vân - Cầu Giẽ,grades:[6-9] ;; leisure:[pitch]
update,4f51a8f5-1fda-4245-9d7f-2704e8fccdd5,227450240,directory,Trường THPT Đông Mỹ,hn,2,20.91140095,105.871141625501,hn_namphu,,contains,,pitch,False,True,"Trường THPT Đông Mỹ, Đường Đông Mỹ – Vạn Phúc, Thành phố Hà Nội, 12506, Việt Nam",,Đường Đông Mỹ – Vạn Phúc,grades:[10-12] ;; website:[http://thptdongmy.edu.vn] ;; leisure:[pitch]
update,6b509aa7-4137-438f-a249-656c699c26fa,227425116,directory,Trường Tiểu học Tạ Hoàng Cơ,hn,2,20.9156686,105.86368114796,hn_namphu,,contains,1,pitch,True,True,"Trường Tiểu học Tạ Hoàng Cơ, Đường Thọ Am, Thành phố Hà Nội, 12506, Việt Nam",,Đường Thọ Am,grades:[1-5] ;; leisure:[pitch] ;; sport:[soccer]
update,4ce15046-6d06-4b02-bd2f-14100c4408df,227407499,directory,,hn,2,21.04925415,105.7842366,hn_nghiado,Quận Bắc Từ Liêm,contains,,pitch,True,True,"17, Ngách 643/9/28 Phạm Văn Đồng, Phường Cổ Nhuế 1, Quận Bắc Từ Liêm, Thành phố Hà Nội, 10065, Việt Nam",17,Ngách 643/9/28 Phạm Văn Đồng,leisure:[pitch] ;; sport:[volleyball]
update,9dd714c5-288d-4d8c-a0ab-54aafd7919ed,227408693,directory,,hn,2,21.0435023405611,105.798945107879,hn_nghiado,Quận Cầu Giấy,contains,4,pitch,True,True,"Ngõ 2 Hoàng Sâm, Phường Nghĩa Đô, Quận Cầu Giấy, Thành phố Hà Nội, 10072, Việt Nam",,Ngõ 2 Hoàng Sâm,oneway:[no] ;; leisure:[pitch] ;; sport:[tennis]
update,c251ff51-a3fa-449e-b116-0d75f90e0a2f,227410192,directory,,hn,2,21.042467,105.784212,hn_nghiado,Quận Cầu Giấy,contains,3,pitch|sports_centre,True,True,"Ngách 46/11 Phố Trần Quốc Hoàn, Phường Nghĩa Tân, Quận Cầu Giấy, Thành phố Hà Nội, 10065, Việt Nam",,Ngách 46/11 Phố Trần Quốc Hoàn,"service:[alley] ;; motorcar:[no] ;; leisure:[sports_centre, pitch] ;; sport:[badminton]"
update,e1f9386d-613f-4277-a0ee-42ddf066c724,227389002,directory,182 Trần Cung - Đối diện Viện E,hn,2,21.0503003,105.789903,hn_nghiado,Quận Bắc Từ Liêm,contains,4,pitch,True,True,"182 Trần Cung - Đối diện Viện E, Ngõ 198 Trần Cung, Phường Cổ Nhuế 1, Quận Bắc Từ Liêm, Thành phố Hà Nội, 10065, Việt Nam",,Ngõ 198 Trần Cung,bus:[yes] ;; public_transport:[platform] ;; leisure:[pitch] ;; sport:[tennis]
update,99a3e7eb-b352-49be-b17b-46cfb24273be,227385705,directory,83 Billiards Club,hn,2,21.0448773,105.7840779,hn_nghiado,Quận Bắc Từ Liêm,contains,,pitch,False,True,"83 Billiards Club, Ngõ 4 Đặng Thùy Trâm, Phường Cổ Nhuế 1, Quận Bắc Từ Liêm, Thành phố Hà Nội, 10065, Việt Nam",,Ngõ 4 Đặng Thùy Trâm,leisure:[pitch]
update,61b78b3a-2049-4324-aaa4-f5e92c0fcba8,227383570,directory,A,hn,2,21.045706,105.80269652144,hn_nghiado,Quận Cầu Giấy,contains,3,pitch,True,True,"A, Phố Phùng Chí Kiên, Làng Tân, Quận Cầu Giấy, Thành phố Hà Nội, 10072, Việt Nam",,Phố Phùng Chí Kiên,roof:shape:[flat] ;; start_date:[1976] ;; building:levels:[5] ;; leisure:[pitch] ;; sport:[badminton]
update,ef9aea74-dd7c-4e54-9a4d-6391e572f7f0,227388739,directory,An Nhi bia,hn,2,21.0474119,105.7842592,hn_nghiado,Quận Bắc Từ Liêm,contains,,pitch,True,True,"An Nhi bia, Ngõ 234 Hoàng Quốc Việt, Phường Cổ Nhuế 1, Quận Bắc Từ Liêm, Thành phố Hà Nội, 10065, Việt Nam",,Ngõ 234 Hoàng Quốc Việt,sport:[billiards] ;; indoor:[yes] ;; leisure:[pitch]
update,8fe82196-0943-46bd-9266-bece40f2908b,227400957,directory,BIDV,hn,2,21.0505004,105.7938766,hn_nghiado,Quận Bắc Từ Liêm,contains,4,pitch,True,True,"BIDV, 6, Ngõ 106 Hoàng Quốc Việt, Quận Bắc Từ Liêm, Thành phố Hà Nội, 10072, Việt Nam",6,Ngõ 106 Hoàng Quốc Việt,operator:[BIDV] ;; brand:wikidata:[Q1003180] ;; operator:wikidata:[Q1003180] ;; leisure:[pitch] ;; sport:[tennis]
update,ef745548-58d5-4fad-af2f-8989d4cc4a28,227404514,directory,Bia Club 88,hn,2,21.0474738,105.7842575,hn_nghiado,Quận Bắc Từ Liêm,contains,,pitch,True,True,"Bia Club 88, Ngách 238/2 Hoàng Quốc Việt, Phường Cổ Nhuế 1, Quận Bắc Từ Liêm, Thành phố Hà Nội, 10065, Việt Nam",,Ngách 238/2 Hoàng Quốc Việt,sport:[billiards] ;; indoor:[yes] ;; leisure:[pitch]
update,e4e49692-5144-4351-8e98-f2dec813652f,227419926,directory,Bảo tàng Tố Hữu,hn,2,21.0398614,105.7938659,hn_nghiado,Quận Cầu Giấy,contains,4,pitch,True,True,"Bảo tàng Tố Hữu, D9, Quận Cầu Giấy, Thành phố Hà Nội, 10179, Việt Nam",,,leisure:[pitch] ;; sport:[tennis]
update,46927424-cad4-4d6d-bf6f-aa8404bbec06,227389885,directory,Chung cư MHDI,hn,2,21.0475149,105.796778141948,hn_nghiado,Quận Cầu Giấy,contains,1,pitch,True,True,"Chung cư MHDI, 60, Đường Hoàng Quốc Việt, Phường Nghĩa Đô, Quận Cầu Giấy, Thành phố Hà Nội, 10065, Việt Nam",60,Đường Hoàng Quốc Việt,building:levels:[21] ;; leisure:[pitch] ;; sport:[soccer]
update,9fc88e19-3fdc-4ba3-ad40-7512f5d1fa74,227380457,directory,Club Bia 8686,hn,2,21.0473424,105.7842577,hn_nghiado,Quận Bắc Từ Liêm,contains,,pitch,True,True,"Club Bia 8686, Ngõ 234 Hoàng Quốc Việt, Phường Cổ Nhuế 1, Quận Bắc Từ Liêm, Thành phố Hà Nội, 10065, Việt Nam",,Ngõ 234 Hoàng Quốc Việt,sport:[billiards] ;; indoor:[yes] ;; leisure:[pitch]
update,8d775680-dd49-475d-b4a1-5443c05eb9c7,227379034,directory,Cục Tiêu chuẩn Đo lường Chất lượng,hn,2,21.04485355,105.80019402449,hn_nghiado,Quận Cầu Giấy,contains,4,pitch,True,True,"Cục Tiêu chuẩn Đo lường Chất lượng, 11, Phố Hoàng Sâm, Làng Tân, Quận Cầu Giấy, Thành phố Hà Nội, 10072, Việt Nam",11,Phố Hoàng Sâm,"landuse:[military] ;; operator:[Quân đội nhân dân Việt Nam] ;; wikidata:[Q18456954] ;; wikipedia:[vi:Cục Tiêu chuẩn Đo lường Chất lượng, Quân đội nhân dân Việt Nam] ;; government:[mil] ;; leisure:[pitch] ;; sport:[tennis]"
update,117c7676-e5c2-47be-bd34-f21ef4914a60,227402265,directory,Cục Tác chiến Điện tử,hn,2,21.0437895,105.799901339556,hn_nghiado,Quận Cầu Giấy,contains,4,pitch,True,True,"Cục Tác chiến Điện tử, Phố Hoàng Sâm, Làng Tân, Quận Cầu Giấy, Thành phố Hà Nội, 10072, Việt Nam",,Phố Hoàng Sâm,"landuse:[military] ;; operator:[Quân đội nhân dân Việt Nam] ;; wikidata:[Q18456971] ;; wikipedia:[vi:Cục Tác chiến Điện tử, Quân đội nhân dân Việt Nam] ;; military_service:[army] ;; leisure:[pitch] ;; sport:[tennis]"
update,9288524e-8005-4795-acb2-dd06c2eaacf5,227405191,directory,D5,hn,2,21.040152,105.79293409087,hn_nghiado,Quận Cầu Giấy,contains,,sports_centre|swimming_pool,False,True,"D5, Đường B3 Làng Quốc Tế Thăng Long, Phường Dịch Vọng, Quận Cầu Giấy, Thành phố Hà Nội, 10179, Việt Nam",,Đường B3 Làng Quốc Tế Thăng Long,"leisure:[sports_centre, swimming_pool]"
update,1f53b12a-3b33-4e71-a82a-e5938c72421c,227402184,directory,Green Billiards Club,hn,2,21.0477871,105.7842568,hn_nghiado,Quận Bắc Từ Liêm,contains,,pitch,True,True,"Green Billiards Club, Ngách 238/4 Hoàng Quốc Việt, Phường Cổ Nhuế 1, Quận Bắc Từ Liêm, Thành phố Hà Nội, 10065, Việt Nam",,Ngách 238/4 Hoàng Quốc Việt,sport:[billiards] ;; indoor:[yes] ;; leisure:[pitch]
update,db9ab6cb-e853-42c0-a118-45a411de3b9e,227386257,directory,Học viện Chính trị Quốc gia Hồ Chí Minh,hn,2,21.04479175,105.78835043616,hn_nghiado,Quận Cầu Giấy,contains,,pitch,True,True,"Học viện Chính trị Quốc gia Hồ Chí Minh, 419, Đường Hoàng Quốc Việt, Phường Nghĩa Tân, Quận Cầu Giấy, Thành phố Hà Nội, 10065, Việt Nam",419,Đường Hoàng Quốc Việt,"website:[https://hcma.vn] ;; operator:[Ban Chấp hành Trung ương Đảng Cộng sản Việt Nam] ;; wikidata:[Q10771879] ;; wikipedia:[vi:Học viện Chính trị Quốc gia Hồ Chí Minh] ;; description:[Trường Đảng, thành lập năm 1949] ;; operator:type:[government] ;; internet_access:[yes] ;; wikimedia_commons:[Category:Ho Chi Minh National Academy of Politics] ;; leisure:[pitch] ;; sport:[volleyball]"
update,af6441a7-ae3a-400e-9d31-c5a5ebdb7b1f,227380590,directory,Học viện Kĩ thuật Quân sự,hn,2,21.0483792,105.785667803409,hn_nghiado,Quận Bắc Từ Liêm,contains,1|4,pitch|sports_centre|swimming_pool,True,True,"Học viện Kĩ thuật Quân sự, 236, Đường Hoàng Quốc Việt, Phường Cổ Nhuế 1, Quận Bắc Từ Liêm, Thành phố Hà Nội, 10065, Việt Nam",236,Đường Hoàng Quốc Việt,"landuse:[military] ;; website:[https://mta.edu.vn/] ;; operator:[Bộ Quốc phòng] ;; wikidata:[Q4130078] ;; wikipedia:[vi:Học viện Kỹ thuật Quân sự] ;; operator:type:[military] ;; internet_access:[yes] ;; leisure:[sports_centre, pitch, swimming_pool] ;; sport:[swimming, table_tennis, soccer, tennis, volleyball, xiangqi]"
update,a5d2f5ce-41d8-4996-be0e-64afbea1785e,227397877,directory,Học viện Quốc phòng,hn,2,21.042858,105.801876774057,hn_nghiado,Quận Cầu Giấy,contains,3|4,pitch,True,True,"Học viện Quốc phòng, 93, Đường Hoàng Quốc Việt, Làng Tân, Quận Cầu Giấy, Thành phố Hà Nội, 10072, Việt Nam",93,Đường Hoàng Quốc Việt,"phone:[+84 69 556137] ;; amenity:[college] ;; landuse:[military] ;; website:[https://nda.edu.vn/] ;; operator:[Bộ Quốc phòng] ;; wikidata:[Q10771903] ;; wikipedia:[vi:Học viện Quốc phòng (Việt Nam)] ;; operator:type:[government] ;; internet_access:[yes] ;; leisure:[pitch] ;; sport:[badminton, multi, tennis, volleyball]"
update,a29c73c1-41b2-44da-aa2a-5147a0c8afd3,227381666,directory,Khu đô thị mới Nghĩa Đô,hn,2,21.050171319332,105.793923788559,hn_nghiado,Quận Bắc Từ Liêm,contains,4,pitch,True,True,"Khu đô thị mới Nghĩa Đô, Quận Bắc Từ Liêm, Thành phố Hà Nội, 10072, Việt Nam",,,surface:[asphalt] ;; leisure:[pitch] ;; sport:[tennis]
update,ded44d51-f129-485b-8618-963ae23d7684,227384978,directory,Mầm non Đặng Thuỳ Trâm,hn,2,21.04429445,105.784497652278,hn_nghiado,Quận Bắc Từ Liêm,contains,,sports_centre,True,True,"Mầm non Đặng Thuỳ Trâm, 14, Ngõ 26 Đặng Thùy Trâm, Phường Cổ Nhuế 1, Quận Bắc Từ Liêm, Thành phố Hà Nội, 10065, Việt Nam",14,Ngõ 26 Đặng Thùy Trâm,building:[kindergarten] ;; leisure:[sports_centre] ;; sport:[climbing]
update,6b64d4a9-7d00-4588-881d-4b5e7a4769c5,227397741,directory,Nhung,hn,2,21.0529742,105.7885563,hn_nghiado,Quận Bắc Từ Liêm,contains,4,pitch,True,True,"Nhung, Ngõ 117 Trần Cung, Phường Cổ Nhuế 1, Quận Bắc Từ Liêm, Thành phố Hà Nội, 10065, Việt Nam",,Ngõ 117 Trần Cung,email:[cherychan10798@gmail.com] ;; phone:[0965024576] ;; website:[http://hongnhung10798@fb.com] ;; internet_access:[wlan] ;; leisure:[pitch] ;; sport:[tennis]
update,f9e74ef7-378d-4b53-8f99-78827296c8a9,227386392,directory,Nhà tổ dân phố 1 Dịch Vọng Hậu,hn,2,21.04398915,105.78521365,hn_nghiado,Quận Bắc Từ Liêm,contains,2,pitch,True,True,"Nhà tổ dân phố 1 Dịch Vọng Hậu, 38A, Đường Đặng Thùy Trâm, Phường Cổ Nhuế 1, Quận Bắc Từ Liêm, Thành phố Hà Nội, 10065, Việt Nam",,Đường Đặng Thùy Trâm,"access:[yes] ;; smoking:[no] ;; building:[civic] ;; building:levels:[3] ;; leisure:[pitch] ;; sport:[basketball, multi]"
update,a1102f97-5dc1-4060-8cc0-8b955dd45093,227398157,directory,Nhật Minh Billiards,hn,2,21.0469411,105.7842044,hn_nghiado,Quận Bắc Từ Liêm,contains,,pitch,True,True,"Nhật Minh Billiards, Ngõ 234 Hoàng Quốc Việt, Phường Cổ Nhuế 1, Quận Bắc Từ Liêm, Thành phố Hà Nội, 10065, Việt Nam",,Ngõ 234 Hoàng Quốc Việt,sport:[billiards] ;; indoor:[yes] ;; leisure:[pitch]
update,9e8d6715-82c8-4d52-b546-3327d606cee9,227382684,directory,Planet Laser Game Hanoi,hn,2,21.0502217,105.8000849,hn_nghiado,Quận Cầu Giấy,contains,,sports_centre,True,True,"Planet Laser Game Hanoi, Đường S3, Làng Tân, Quận Cầu Giấy, Thành phố Hà Nội, 10072, Việt Nam",,Đường S3,fee:[yes] ;; room:[leisure] ;; sport:[laser_tag] ;; website:[https://www.planetlasergamevietnam.com/] ;; building:[yes] ;; leisure:[sports_centre]
update,ab3f21d5-c6b7-4a90-83ca-fcce6a777748,227411058,directory,Sân vận động Nghĩa Tân,hn,2,21.0433845,105.7945843417,hn_nghiado,Quận Cầu Giấy,contains,4,pitch|sports_centre,True,True,"Sân vận động Nghĩa Tân, Phố Nghĩa Tân, Phường Nghĩa Tân, Quận Cầu Giấy, Thành phố Hà Nội, 10179, Việt Nam",,Phố Nghĩa Tân,"leisure:[sports_centre, pitch] ;; sport:[tennis]"
update,a2369052-4fc9-466a-a6c4-8cc9a71b15f1,227382076,directory,Titan Club,hn,2,21.047596,105.7842572,hn_nghiado,Quận Bắc Từ Liêm,contains,,pitch,True,True,"Titan Club, Ngõ 234 Hoàng Quốc Việt, Phường Cổ Nhuế 1, Quận Bắc Từ Liêm, Thành phố Hà Nội, 10065, Việt Nam",,Ngõ 234 Hoàng Quốc Việt,sport:[billiards] ;; indoor:[yes] ;; leisure:[pitch]
update,49089769-b189-45dd-9bf3-f1dd1c58201e,227384677,directory,Trung tâm Văn hoá - Thể thao Dịch Vọng Hậu,hn,2,21.042184,105.788502249232,hn_nghiado,Quận Cầu Giấy,contains,3,pitch,True,True,"Trung tâm Văn hoá - Thể thao Dịch Vọng Hậu, 4, Phố Đặng Thùy Trâm, Phường Dịch Vọng Hậu, Quận Cầu Giấy, Thành phố Hà Nội, 10065, Việt Nam",4,Phố Đặng Thùy Trâm,leisure:[pitch] ;; sport:[badminton]
update,080b5763-0f30-4e64-b5e4-b3c00c6c2f8e,227378229,directory,Trường Liên cấp Everest,hn,2,21.0506814,105.792330243311,hn_nghiado,Quận Bắc Từ Liêm,contains,1,pitch,True,True,"Trường Liên cấp Everest, Ngõ 106 Hoàng Quốc Việt, Quận Bắc Từ Liêm, Thành phố Hà Nội, 10072, Việt Nam",,Ngõ 106 Hoàng Quốc Việt,leisure:[pitch] ;; sport:[soccer]
update,ae1e5fd2-a6be-4b4e-a36e-6fb2ec925cd1,227389497,directory,Trường Liên cấp Newton - cơ sở 1,hn,2,21.0523447,105.784636931167,hn_nghiado,Quận Bắc Từ Liêm,contains,1|4,pitch,True,True,"Trường Liên cấp Newton - cơ sở 1, Ngõ 234 Đường Hoàng Quốc Việt, Phường Cổ Nhuế 1, Quận Bắc Từ Liêm, Thành phố Hà Nội, 10065, Việt Nam",,Ngõ 234 Đường Hoàng Quốc Việt,"leisure:[pitch] ;; sport:[soccer, tennis]"
update,4dbc4763-d4d1-4f1f-a333-65cd65e879f9,227383514,directory,Trường Nguyễn Bỉnh Khiêm - Cầu Giấy,hn,2,21.04201885,105.787631525,hn_nghiado,Quận Cầu Giấy,contains,1,pitch,True,True,"Trường Nguyễn Bỉnh Khiêm - Cầu Giấy, 6, Phố Đặng Thùy Trâm, Phường Dịch Vọng Hậu, Quận Cầu Giấy, Thành phố Hà Nội, 10065, Việt Nam",6,Phố Đặng Thùy Trâm,grades:[1-12] ;; website:[https://nbk.edu.vn/] ;; religion:[none] ;; wikidata:[Q111326795] ;; leisure:[pitch] ;; sport:[soccer]
update,c4e03b80-3766-4a43-9ec1-fa224e6a79a3,227380636,directory,Tòa nhà VinaPhone,hn,2,21.04975265,105.798448099154,hn_nghiado,Quận Tây Hồ,contains,1,pitch,True,True,"Tòa nhà VinaPhone, Đường Xuân Tảo, Phường Xuân La, Quận Tây Hồ, Thành phố Hà Nội, 10072, Việt Nam",,Đường Xuân Tảo,building:[yes] ;; leisure:[pitch] ;; sport:[soccer]
update,6658ba08-9c09-469e-a561-51489c3a8ad6,227380717,directory,Viện Hàn lâm Khoa học và Công nghệ Việt Nam,hn,2,21.0477865,105.800913070753,hn_nghiado,Quận Cầu Giấy,contains,4,pitch,True,True,"Viện Hàn lâm Khoa học và Công nghệ Việt Nam, 18, Đường Hoàng Quốc Việt, Làng Tân, Quận Cầu Giấy, Thành phố Hà Nội, 10072, Việt Nam",18,Đường Hoàng Quốc Việt,amenity:[research_institute] ;; landuse:[commercial] ;; website:[https://vast.gov.vn/] ;; wikidata:[Q7928484] ;; wikipedia:[en:Vietnam Academy of Science and Technology] ;; leisure:[pitch] ;; sport:[tennis]
update,ade289ed-0bd7-4b56-8baf-a6504a701704,227418321,directory,Đua xe trẻ em,hn,2,21.0407864,105.797334801653,hn_nghiado,Quận Cầu Giấy,contains,,pitch,True,True,"Đua xe trẻ em, Đường Nguyễn Văn Huyên, Phường Nghĩa Tân, Quận Cầu Giấy, Thành phố Hà Nội, 10141, Việt Nam",,Đường Nguyễn Văn Huyên,sport:[karting] ;; leisure:[pitch]
update,7a96c53d-04db-4ffb-a98c-92cba06a8542,227383673,directory,Đối diện 77 Trần Quốc Hoàn,hn,2,21.0418177,105.7837323,hn_nghiado,Quận Cầu Giấy,contains,1|4,pitch,True,True,"Đối diện 77 Trần Quốc Hoàn, Ngõ 199 Trần Quốc Hoàn, Phường Nghĩa Tân, Quận Cầu Giấy, Thành phố Hà Nội, 10065, Việt Nam",,Ngõ 199 Trần Quốc Hoàn,"bus:[yes] ;; public_transport:[platform] ;; leisure:[pitch] ;; sport:[soccer, tennis]"
update,2695c00c-a3c5-441a-9abd-dafe360ab438,227389826,directory,,hn,2,21.0333393,105.8206219,hn_ngocha,Quận Ba Đình,contains,3,pitch,True,True,"Phố Vạn Phúc, Phường Kim Mã, Quận Ba Đình, Thành phố Hà Nội, 10229, Việt Nam",,Phố Vạn Phúc,layer:[1] ;; bridge:[yes] ;; oneway:[no] ;; service:[alley] ;; surface:[unpaved] ;; motorcar:[no] ;; leisure:[pitch] ;; sport:[badminton]
update,61521566-2aac-43e9-baf7-a788a8065240,227383067,directory,,hn,2,21.0466219283826,105.806543703919,hn_ngocha,Quận Ba Đình,contains,1,pitch,True,True,"Ngõ 626 Đường Bưởi, Phường Vĩnh Phúc, Quận Ba Đình, Thành phố Hà Nội, 10072, Việt Nam",,Ngõ 626 Đường Bưởi,service:[alley] ;; leisure:[pitch] ;; sport:[soccer]
update,98e37349-4594-4a66-b144-19bd202731fd,227372663,directory,,hn,2,21.0322133,105.817126,hn_ngocha,Quận Ba Đình,contains,4,pitch,True,True,"73, Phố Vạn Bảo, Phường Ngọc Khánh, Quận Ba Đình, Thành phố Hà Nội, 10300, Việt Nam",73,Phố Vạn Bảo,leisure:[pitch] ;; sport:[tennis]
update,6a4c3c34-871c-4798-8e03-b1c5f6bcad1e,227402993,directory,Bể Bơi Khăn Quàng Đỏ,hn,2,21.03941695,105.818410637927,hn_ngocha,Quận Ba Đình,contains,4,pitch|sports_centre|swimming_pool,True,True,"Bể Bơi Khăn Quàng Đỏ, Ngõ 267 Hoàng Hoa Thám, Phường Liễu Giai, Quận Ba Đình, Thành phố Hà Nội, 10062, Việt Nam",,Ngõ 267 Hoàng Hoa Thám,"leisure:[sports_centre, pitch, swimming_pool] ;; sport:[tennis]"
update,5a14f48c-9a80-41e3-90e9-93ed59aa0640,227405466,directory,Chùa Cống Yên,hn,2,21.04572835,105.807309314491,hn_ngocha,Quận Ba Đình,contains,4,pitch,True,True,"Chùa Cống Yên, Ngõ 639 Hoàng Hoa Thám, Phường Vĩnh Phúc, Quận Ba Đình, Thành phố Hà Nội, 10072, Việt Nam",,Ngõ 639 Hoàng Hoa Thám,landuse:[religious] ;; religion:[buddhist] ;; leisure:[pitch] ;; sport:[tennis]
update,6986a0fc-7311-4349-884c-afefa6a96622,227429776,directory,Cung thể thao Quần Ngựa,hn,2,21.0404897,105.814520680572,hn_ngocha,Quận Ba Đình,contains,1|2,pitch|sports_centre,True,True,"Cung thể thao Quần Ngựa, 30, Đường Văn Cao, Phường Liễu Giai, Quận Ba Đình, Thành phố Hà Nội, 10062, Việt Nam",30,Đường Văn Cao,"leisure:[sports_centre, pitch] ;; sport:[soccer, basketball]"
update,6affd9d5-5cbd-456c-a816-d3f04f4f2e37,227371512,directory,TNGo - Sân bóng Vạn Phúc,hn,2,21.0330245,105.8180584,hn_ngocha,Quận Ba Đình,contains,2|4,pitch,True,True,"TNGo - Sân bóng Vạn Phúc, Phố Vạn Phúc, Phường Ngọc Khánh, Quận Ba Đình, Thành phố Hà Nội, 10237, Việt Nam",,Phố Vạn Phúc,"fee:[yes] ;; network:[TNGo] ;; website:[https://tngo.vn/] ;; operator:[Công ty cổ phần vận tải số Trí Nam] ;; payment:app:[yes] ;; payment:debit_cards:[yes] ;; payment:credit_cards:[yes] ;; payment:prepaid_ticket:[yes] ;; leisure:[pitch] ;; sport:[basketball, tennis]"
update,d91832d5-ceee-4316-a9f6-66cf4b54413d,227379268,directory,Trường Tiểu học Hoàng Diệu,hn,2,21.03710025,105.807588252543,hn_ngocha,Quận Ba Đình,contains,1,pitch,True,True,"Trường Tiểu học Hoàng Diệu, 526, Phố Đội Cấn, Phường Cống Vị, Quận Ba Đình, Thành phố Hà Nội, 11150, Việt Nam",526,Phố Đội Cấn,grades:[1-5] ;; leisure:[pitch] ;; sport:[soccer]
update,dc219c22-f8b3-41d5-b453-01bb08542892,227391786,directory,"Trường Tiểu học, Trung học cơ sở Vinschool Metropolis",hn,2,21.03216775,105.814993949865,hn_ngocha,Quận Ba Đình,contains,4,pitch,True,True,"Trường Tiểu học, Trung học cơ sở Vinschool Metropolis, Phố Liễu Giai, Phường Ngọc Khánh, Quận Ba Đình, Thành phố Hà Nội, 10251, Việt Nam",,Phố Liễu Giai,grades:[1-9] ;; website:[https://vinschool.edu.vn/] ;; leisure:[pitch] ;; sport:[tennis]
update,6b659012-350b-45d3-a0b2-2b0a7c61690f,227371788,directory,Đại sứ quán Thụy Điển,hn,2,21.0320543,105.821795584627,hn_ngocha,Quận Ba Đình,contains,4,pitch|sports_centre|swimming_pool,True,True,"Đại sứ quán Thụy Điển, 2, Phố Núi Trúc, Phường Kim Mã, Quận Ba Đình, Thành phố Hà Nội, 10288, Việt Nam",2,Phố Núi Trúc,"target:[VN] ;; country:[SE] ;; embassy:[yes] ;; wikidata:[Q10686004] ;; diplomatic:[embassy] ;; contact:fax:[+84 24 3726 0410] ;; contact:email:[ambassaden.hanoi@gov.se] ;; contact:phone:[+84 24 3726 0400] ;; contact:website:[https://www.swedenabroad.se/en/embassies/vietnam-hanoi/] ;; opening_hours:url:[https://www.swedenabroad.se/en/embassies/vietnam-hanoi/contact/] ;; leisure:[sports_centre, pitch, swimming_pool] ;; sport:[swimming, tennis]"
update,85d6b0e4-51dc-43e8-b073-8645e943d07a,227428096,directory,Trường THCS Đại Áng,hn,2,20.90780275,105.828961466843,hn_ngochoi,,contains,,pitch,False,True,"Trường THCS Đại Áng, Đường Đại Hưng, Thành phố Hà Nội, 12506, Việt Nam",,Đường Đại Hưng,grades:[6-9] ;; leisure:[pitch]
update,bdf9a2dd-053c-4baa-83a5-6a98f8f57604,227457574,directory,Trường Tiểu học Đại Áng,hn,2,20.9060044,105.830656529494,hn_ngochoi,,contains,,pitch,False,True,"Trường Tiểu học Đại Áng, Đường Đại Hưng, Thành phố Hà Nội, 12506, Việt Nam",,Đường Đại Hưng,grades:[1-5] ;; leisure:[pitch]
update,bbba9a40-a70a-4a20-8d8c-21f01a8cbe7b,227347759,directory,Agribank,hn,2,21.2099745,105.808017554342,hn_noibai,,contains,4,pitch,True,True,"Agribank, Đường Võ Nguyên Giáp, Thành phố Hà Nội, Việt Nam",,Đường Võ Nguyên Giáp,building:[yes] ;; brand:wikidata:[Q1924723] ;; leisure:[pitch] ;; sport:[tennis]
update,3b0dc9da-aaf5-4326-bfd1-6f5e216ce5b5,227323629,directory,Xã Phú Minh,hn,2,21.2095359707198,105.808408669344,hn_noibai,,contains,4,pitch,True,True,"Xã Phú Minh, Thành phố Hà Nội, Việt Nam",,,leisure:[pitch] ;; sport:[tennis]
update,f4c7c8a6-499b-453d-86fe-24a7cadbe37c,227344264,directory,Đồn Công an Cửa khẩu CHK Quốc tế Nội Bài,hn,2,21.20993995,105.806724371663,hn_noibai,,contains,4,pitch,True,True,"Đồn Công an Cửa khẩu CHK Quốc tế Nội Bài, Đường Võ Nguyên Giáp, Thành phố Hà Nội, Việt Nam",,Đường Võ Nguyên Giáp,leisure:[pitch] ;; sport:[tennis]
update,2193a031-1cbb-492d-9b11-28483c83a999,227389910,directory,,hn,2,21.0244068,105.8305796,hn_ochodua,Quận Đống Đa,contains,4,pitch,True,True,"Ngõ Thịnh Hào 1, Phường Hàng Bột, Quận Đống Đa, Thành phố Hà Nội, 10081, Việt Nam",,Ngõ Thịnh Hào 1,service:[alley] ;; leisure:[pitch] ;; sport:[tennis]
update,97c4e1a2-957f-435b-b7cb-541a11462b89,227380651,directory,K2,hn,2,21.0266839,105.82445955,hn_ochodua,Quận Đống Đa,contains,1,pitch,True,True,"K2, Ngõ 2 Vũ Thạnh, Phường Cát Linh, Quận Đống Đa, Thành phố Hà Nội, 10060, Việt Nam",,Ngõ 2 Vũ Thạnh,leisure:[pitch] ;; sport:[soccer]
update,3455325b-9fc8-4f00-91b6-2dfb9f7230a5,227385725,directory,Pullman Hanoi,hn,2,21.02984985,105.828809114255,hn_ochodua,Quận Đống Đa,contains,4,pitch,True,True,"Pullman Hanoi, 40, Phố Cát Linh, Phường Cát Linh, Quận Đống Đa, Thành phố Hà Nội, 10081, Việt Nam",40,Phố Cát Linh,fax:[+84 24 3733 0888] ;; email:[H7579@accor.com] ;; phone:[+84 24 3733 0688] ;; rooms:[242] ;; stars:[5] ;; website:[https://pullman-hanoi.com/] ;; building:[yes] ;; brand:wikidata:[Q3410757] ;; brand:wikipedia:[en:Pullman Hotels and Resorts] ;; internet_access:[yes] ;; leisure:[pitch] ;; sport:[tennis]
update,cbc8a5d5-6ddc-4267-aeeb-ae01394d6314,227387510,directory,Sân bóng Thái Hà,hn,2,21.0154713,105.819342398328,hn_ochodua,Quận Đống Đa,contains,1,sports_centre,True,True,"Sân bóng Thái Hà, Ngõ 223 Đặng Tiến Đông, Phường Trung Liệt, Quận Đống Đa, Thành phố Hà Nội, 10167, Việt Nam",,Ngõ 223 Đặng Tiến Đông,sport:[soccer] ;; leisure:[sports_centre]
update,5b7e9c7d-af18-4cb5-96c9-31f7a143e72b,227390110,directory,Sân vận động Hàng Đẫy,hn,2,21.02986975,105.832927957327,hn_ochodua,Quận Đống Đa,contains,1,pitch|stadium,True,True,"Sân vận động Hàng Đẫy, 9, Phố Trịnh Hoài Đức, Phường Cát Linh, Quận Đống Đa, Thành phố Hà Nội, 10081, Việt Nam",9,Phố Trịnh Hoài Đức,"sport:[soccer, athletics] ;; wikidata:[Q1817188] ;; wikipedia:[en:Hàng Đẫy Stadium] ;; start_date:[1934] ;; designation:[Vietnamese Government] ;; wikimedia_commons:[Category:Hàng Đẫy Stadium] ;; leisure:[stadium, pitch]"
update,d8970713-b96e-495c-acf7-38cc8de9400a,227358349,directory,Trung tâm Văn hóa - Thông tin và Thể thao Đống Đa,hn,2,21.0150547,105.819298821094,hn_ochodua,Quận Đống Đa,contains,1,pitch,True,True,"Trung tâm Văn hóa - Thông tin và Thể thao Đống Đa, 42, Phố Hoàng Cầu, Phường Ô Chợ Dừa, Quận Đống Đa, Thành phố Hà Nội, 10265, Việt Nam",42,Phố Hoàng Cầu,phone:[+84 243 857 2726] ;; sport:[soccer] ;; leisure:[pitch]
update,50035a7a-1a51-46e5-9492-bcf021feb7e2,227377989,directory,Trung tâm huấn luyện Vận động viên,hn,2,21.02969185,105.8318305481,hn_ochodua,Quận Đống Đa,contains,1,sports_centre,True,True,"Trung tâm huấn luyện Vận động viên, Phố Trịnh Hoài Đức, Phường Cát Linh, Quận Đống Đa, Thành phố Hà Nội, 10081, Việt Nam",,Phố Trịnh Hoài Đức,"sport:[multi, soccer] ;; operator:type:[government] ;; leisure:[sports_centre]"
update,2d72071c-1929-4336-90f2-7c42d303422a,227338490,directory,,hn,2,21.0795195180453,105.710713651071,hn_odien,,contains,,swimming_pool,False,True,"Đường Cầu Xây, Thành phố Hà Nội, 34000, Việt Nam",,Đường Cầu Xây,leisure:[swimming_pool]
update,10a36439-0d5c-4db4-aa02-ae5e3e58f86d,227396925,directory,Trường THCS Liên Hà,hn,2,21.112917,105.713719969942,hn_odien,,contains,1,pitch,True,True,"Trường THCS Liên Hà, Ngõ 77 Đường Thượng Trì, Thành phố Hà Nội, Việt Nam",,Ngõ 77 Đường Thượng Trì,grades:[6-9] ;; leisure:[pitch] ;; sport:[soccer]
update,c53d077a-d413-4242-8e70-20604cea2f6b,227336111,directory,Trường THCS Liên Trung,hn,2,21.1060309,105.722246845222,hn_odien,,contains,2,pitch,True,True,"Trường THCS Liên Trung, Đường Văn Sơn, Thành phố Hà Nội, Việt Nam",,Đường Văn Sơn,grades:[6-9] ;; leisure:[pitch] ;; sport:[basketball]
update,59ec0951-6d66-42b6-8971-b3f16f1833cb,227399514,directory,Trường THCS Tân Hội,hn,2,21.0923202,105.699020105634,hn_odien,,contains,1|2,pitch,True,True,"Trường THCS Tân Hội, Đường Tân Hội, Thành phố Hà Nội, Việt Nam",,Đường Tân Hội,"grades:[6-9] ;; leisure:[pitch] ;; sport:[soccer, basketball]"
update,6558ce40-ae6a-4c41-9f3f-adb451743b4f,227336671,directory,Trường THPT Tân Lập,hn,2,21.0871573,105.717370102758,hn_odien,,contains,,pitch,False,True,"Trường THPT Tân Lập, Đường Hạ Hội, Thành phố Hà Nội, Việt Nam",,Đường Hạ Hội,grades:[10-12] ;; website:[https://c3tanlap.edu.vn/] ;; leisure:[pitch]
update,507f27b6-8174-45c6-91d3-7c0ef749a9de,227336952,directory,Trường Tiểu học Tân Hội A,hn,2,21.0932206,105.701316383149,hn_odien,,contains,2,pitch,True,True,"Trường Tiểu học Tân Hội A, Đường Phan Long, Thành phố Hà Nội, Việt Nam",,Đường Phan Long,grades:[1-5] ;; leisure:[pitch] ;; sport:[basketball]
update,a5659c83-f321-4911-be41-9a8b70db3477,227357635,directory,Trường Tiểu học Tân Hội B,hn,2,21.09377265,105.70653634393,hn_odien,,contains,1|2,pitch,True,True,"Trường Tiểu học Tân Hội B, Đường tỉnh 422, Thành phố Hà Nội, Việt Nam",,Đường tỉnh 422,"grades:[1-5] ;; leisure:[pitch] ;; sport:[soccer, basketball]"
update,f18978d3-6b8b-4d74-9db3-d62b6b38b144,227337134,directory,Trường Tiểu học Tân Lập A,hn,2,21.08808975,105.716284816147,hn_odien,,contains,2,pitch,True,True,"Trường Tiểu học Tân Lập A, Đường Sông Nhuệ, Thành phố Hà Nội, Việt Nam",,Đường Sông Nhuệ,grades:[1-5] ;; leisure:[pitch] ;; sport:[basketball]
update,65989396-a96f-4c49-a73c-9d9733cfe0ce,227339278,directory,Trường Tiểu học Tân Lập B,hn,2,21.0816852,105.713577103542,hn_odien,,contains,1|2,pitch,True,True,"Trường Tiểu học Tân Lập B, Đường Hạ Hội, Thành phố Hà Nội, 34000, Việt Nam",,Đường Hạ Hội,"leisure:[pitch] ;; sport:[soccer, basketball]"
update,85dc07d7-a9ad-47d5-8236-97098aa86e47,400544153,directory,Xphomes,hn,2,21.0752906,105.701162615698,hn_odien,,contains,4,pitch,True,True,"Xphomes, Phố Thú Y, Thành phố Hà Nội, 34000, Việt Nam",,Phố Thú Y,lit:[yes] ;; sport:[tennis] ;; access:[yes] ;; covered:[yes] ;; surface:[grass] ;; leisure:[pitch]
update,3ab6048c-b8ad-4ac6-99f2-49ba0a8b83e1,227335944,directory,Xã Hồng Hà,hn,2,21.128456109333,105.687482154038,hn_odien,,contains,1,pitch,True,True,"Xã Hồng Hà, Thành phố Hà Nội, Việt Nam",,,leisure:[pitch] ;; sport:[soccer]
update,4a4f1d11-e899-4a67-aa2f-32295c0d90d1,227373133,directory,Xã Liên Hồng,hn,2,21.1167122827862,105.711068577066,hn_odien,,contains,,pitch,False,True,"Xã Liên Hồng, Thành phố Hà Nội, Việt Nam",,,leisure:[pitch]
update,aa154a23-b66e-4f13-a7f6-3e7e19d0abe2,227331947,directory,Trường THCS Võng Xuyên B,hn,2,21.12624395,105.553205892441,hn_phucloc,,contains,,pitch,False,True,"Trường THCS Võng Xuyên B, Đường tỉnh 418, Thành phố Hà Nội, Việt Nam",,Đường tỉnh 418,leisure:[pitch]
update,7b430346-09ff-4f2d-908e-dccfc74bd521,227355138,directory,Trường THPT Vân Cốc,hn,2,21.14170475,105.612560265173,hn_phucloc,,contains,,pitch,False,True,"Trường THPT Vân Cốc, Đường tỉnh 417, Thành phố Hà Nội, Việt Nam",,Đường tỉnh 417,grades:[10-12] ;; website:[https://thptvancoc.hanoi.edu.vn/] ;; leisure:[pitch]
update,127b6592-0118-4f6e-80be-b26630c47c7c,227353384,directory,Xã Sen Phương,hn,2,21.1396717811233,105.529348225641,hn_phucloc,,contains,,pitch,False,True,"Xã Sen Phương, Thành phố Hà Nội, Việt Nam",,,leisure:[pitch]
update,0770af32-aac5-4e65-a59f-fa248a39ef35,227403714,directory,,hn,2,21.0509940062226,105.907741866962,hn_phucloi,Quận Long Biên,contains,4,pitch,True,True,"Phố Đoàn Khuê, Quận Long Biên, Thành phố Hà Nội, 08443, Việt Nam",,Phố Đoàn Khuê,lit:[yes] ;; lanes:[3] ;; oneway:[yes] ;; surface:[asphalt] ;; leisure:[pitch] ;; sport:[tennis]
update,c4aa5020-168a-4e9f-bac8-401468af6148,227425925,directory,Bể Bơi Mai Phúc,hn,2,21.0424475,105.9021337,hn_phucloi,Quận Long Biên,contains,,swimming_pool,False,True,"Bể Bơi Mai Phúc, Phố Nguyễn Lam, Phường Phúc Đồng, Quận Long Biên, Thành phố Hà Nội, 08443, Việt Nam",,Phố Nguyễn Lam,leisure:[swimming_pool]
update,95b2a6c5-fdab-44d7-a95d-c9b57ad2b02c,227418624,directory,Kho 205,hn,2,21.0303519,105.917516348413,hn_phucloi,Quận Long Biên,contains,,pitch,False,True,"Kho 205, Ngách 765/115A Nguyễn Văn Linh, Phường Phúc Lợi, Quận Long Biên, Thành phố Hà Nội, 08443, Việt Nam",,Ngách 765/115A Nguyễn Văn Linh,landuse:[military] ;; leisure:[pitch]
update,6020b940-b69b-4d65-9300-dbbaf58ab360,227437143,directory,Ngã 3 Trần Danh Tuyên - Hoa Hồng,hn,2,21.0454093,105.9108477,hn_phucloi,Quận Long Biên,contains,4,pitch,True,True,"Ngã 3 Trần Danh Tuyên - Hoa Hồng, Phố Trần Danh Tuyên, Phường Việt Hưng, Quận Long Biên, Thành phố Hà Nội, 08443, Việt Nam",,Phố Trần Danh Tuyên,bus:[yes] ;; public_transport:[platform] ;; leisure:[pitch] ;; sport:[tennis]
update,64718c85-3650-4bb3-821b-93fe936b57d2,227405292,directory,Trung đoàn Pháo Phòng không 280,hn,2,21.0315203,105.912742340603,hn_phucloi,Quận Long Biên,contains,4,pitch,True,True,"Trung đoàn Pháo Phòng không 280, Ngách 557/16 đường Nguyễn Văn Linh, Phường Phúc Lợi, Quận Long Biên, Thành phố Hà Nội, 08443, Việt Nam",,Ngách 557/16 đường Nguyễn Văn Linh,landuse:[military] ;; military_service:[air_force] ;; leisure:[pitch] ;; sport:[tennis]
update,d1d7b0a2-14b5-41d2-bef3-27dd8d959931,227406147,directory,Trường Mầm non Đô thị Sài Đồng,hn,2,21.04542325,105.902140130977,hn_phucloi,Quận Long Biên,contains,1,pitch,True,True,"Trường Mầm non Đô thị Sài Đồng, Phố Nguyễn Minh Châu, Phường Phúc Đồng, Quận Long Biên, Thành phố Hà Nội, 08443, Việt Nam",,Phố Nguyễn Minh Châu,leisure:[pitch] ;; sport:[soccer]
update,a194c1d7-e2da-42a1-a071-bc3f44b294aa,227406885,directory,Trường Quốc tế Đa cấp Anh - Hà Nội,hn,2,21.04416615,105.918901205823,hn_phucloi,Quận Long Biên,contains,1|2|4,pitch,True,True,"Trường Quốc tế Đa cấp Anh - Hà Nội, Hoa Lan 3, Quận Long Biên, Thành phố Hà Nội, 08443, Việt Nam",,Hoa Lan 3,"website:[https://www.nordangliaeducation.com/our-schools/vietnam/hanoi/bis] ;; wikidata:[Q55639366] ;; wikipedia:[vi:Trường Quốc tế Đa cấp Anh - Hà Nội] ;; leisure:[pitch] ;; sport:[tennis, basketball, soccer]"
update,b89efdbd-e727-4dad-aab0-05c8cd1ef8be,227457787,directory,Trường THCS Lê Quý Đôn,hn,2,21.05156345,105.921556715623,hn_phucloi,Quận Long Biên,contains,1,pitch,True,True,"Trường THCS Lê Quý Đôn, Đường Phúc Lợi, Phường Phúc Lợi, Quận Long Biên, Thành phố Hà Nội, 08443, Việt Nam",,Đường Phúc Lợi,grades:[6-9] ;; website:[https://thcslequydon.longbien.edu.vn/] ;; operator:[Phòng Giáo dục và Đào tạo quận Long Biên] ;; operator:type:[public] ;; leisure:[pitch] ;; sport:[soccer]
update,0d08f800-c5d2-4987-8218-1a45d7a9685a,227406059,directory,Trường THCS Phúc Lợi,hn,2,21.04747815,105.92567378738,hn_phucloi,Quận Long Biên,contains,1,pitch,True,True,"Trường THCS Phúc Lợi, Ngách 195/9 đường Phúc Lợi, Phường Phúc Lợi, Quận Long Biên, Thành phố Hà Nội, 08443, Việt Nam",,Ngách 195/9 đường Phúc Lợi,leisure:[pitch] ;; sport:[soccer]
update,9f419ff8-a0f8-4044-ae4c-5c5f81cd303b,227432623,directory,Trường THPT Phúc Lợi,hn,2,21.0467324,105.924582170334,hn_phucloi,Quận Long Biên,contains,1,pitch,True,True,"Trường THPT Phúc Lợi, Đường Phúc Lợi, Phường Phúc Lợi, Quận Long Biên, Thành phố Hà Nội, 08443, Việt Nam",,Đường Phúc Lợi,leisure:[pitch] ;; sport:[soccer]
update,335dda2f-edbd-4ad4-9c25-8f1d4a5fb278,227423315,directory,Trường Tiểu học Lê Quý Đôn,hn,2,21.05554135,105.918841705317,hn_phucloi,Quận Long Biên,contains,1,pitch,True,True,"Trường Tiểu học Lê Quý Đôn, Đường Đê Vàng, Phường Phúc Lợi, Quận Long Biên, Thành phố Hà Nội, 08443, Việt Nam",,Đường Đê Vàng,operator:[Ủy ban nhân dân quận Long Biên] ;; leisure:[pitch] ;; sport:[soccer]
update,d63ae4e0-1539-4637-afd7-2de2edc32d37,227409709,directory,Trường Tiểu học Phúc Lợi,hn,2,21.04435825,105.925402348121,hn_phucloi,Quận Long Biên,contains,1,pitch,True,True,"Trường Tiểu học Phúc Lợi, Đường Phúc Lợi, Phường Phúc Lợi, Quận Long Biên, Thành phố Hà Nội, 08443, Việt Nam",,Đường Phúc Lợi,operator:[Ủy ban nhân dân quận Long Biên] ;; operator:type:[public] ;; leisure:[pitch] ;; sport:[soccer]
update,881c5c0f-1193-468c-bec2-6086c037ba08,227407334,directory,Trường Tiểu học Phúc Đồng,hn,2,21.04057185,105.903464387303,hn_phucloi,Quận Long Biên,contains,1,pitch,True,True,"Trường Tiểu học Phúc Đồng, Ngõ 101 phố Chu Huy Mân, Phường Phúc Đồng, Quận Long Biên, Thành phố Hà Nội, 08443, Việt Nam",,Ngõ 101 phố Chu Huy Mân,grades:[1-5] ;; leisure:[pitch] ;; sport:[soccer]
update,0799843d-edbd-4153-bede-6bb0d8802d06,227426501,directory,Trường Tiểu học Vũ Xuân Thiều,hn,2,21.0324693,105.918112407873,hn_phucloi,Quận Long Biên,contains,,sports_centre,False,True,"Trường Tiểu học Vũ Xuân Thiều, 149, Ngõ 765 đường Nguyễn Văn Linh, Phường Phúc Lợi, Quận Long Biên, Thành phố Hà Nội, 08443, Việt Nam",149,Ngõ 765 đường Nguyễn Văn Linh,building:levels:[5] ;; leisure:[sports_centre]
update,3e44a33f-7790-434c-8fbe-006415506e54,227459617,directory,Trường Tiểu học Đô thị Sài Đồng,hn,2,21.0449861,105.901250955831,hn_phucloi,Quận Long Biên,contains,1,pitch,True,True,"Trường Tiểu học Đô thị Sài Đồng, Phố Nguyễn Minh Châu, Phường Phúc Đồng, Quận Long Biên, Thành phố Hà Nội, 08443, Việt Nam",,Phố Nguyễn Minh Châu,grades:[1-5] ;; website:[https://thdothisaidong.longbien.edu.vn] ;; leisure:[pitch] ;; sport:[soccer]
update,01849ff7-808c-4a84-bba7-6e7ac04e7477,227429353,directory,Tập đoàn Vingroup,hn,2,21.0515273,105.909511074483,hn_phucloi,Quận Long Biên,contains,2,pitch,True,True,"Tập đoàn Vingroup, 7, Bằng Lăng 1, Phường Việt Hưng, Quận Long Biên, Thành phố Hà Nội, 08443, Việt Nam",7,Bằng Lăng 1,leisure:[pitch] ;; sport:[basketball]
update,edd7facf-aaea-4c65-8660-b63480702b92,227407399,directory,VinFast,hn,2,21.0408088,105.9274084,hn_phucloi,Quận Long Biên,contains,,swimming_pool,False,True,"VinFast, Ngõ 209 đường Phúc Lợi, Phường Phúc Lợi, Quận Long Biên, Thành phố Hà Nội, 08443, Việt Nam",,Ngõ 209 đường Phúc Lợi,fee:[yes] ;; access:[yes] ;; operator:[VinFast] ;; brand:wikidata:[Q56660561] ;; operator:wikidata:[Q56660561] ;; socket:type2_combo:[3] ;; socket:type2_combo:output:[11 kW] ;; leisure:[swimming_pool]
update,1701300c-54fc-45b0-8ef2-0660114643ce,227408658,directory,Đối diện nhà máy Bia Việt Đức,hn,2,21.0352963,105.9195714,hn_phucloi,Quận Long Biên,contains,,pitch,False,True,"Đối diện nhà máy Bia Việt Đức, Phố Vũ Xuân Thiều, Phường Phúc Lợi, Quận Long Biên, Thành phố Hà Nội, 08443, Việt Nam",,Phố Vũ Xuân Thiều,bus:[yes] ;; public_transport:[platform] ;; leisure:[pitch]
update,acb9f6d9-bd48-4070-b7e8-00f5ef808c79,227460293,directory,,hn,2,20.806066502374,105.660427604825,hn_phucson,Xã Đồng Tâm,contains,,pitch,False,True,"Xóm 2, Xã Đồng Tâm, Thành phố Hà Nội, Việt Nam",,,leisure:[pitch]
update,a2dd24b2-5381-423f-b0ac-b4b75c587710,227469324,directory,Sân bóng xã Phúc Lâm,hn,2,20.8109891,105.705069272965,hn_phucson,,contains,,pitch,False,True,"Sân bóng xã Phúc Lâm, Đường tỉnh 429, Xóm 7, Thành phố Hà Nội, Việt Nam",,Đường tỉnh 429,leisure:[pitch]
update,944a1145-d23c-4f4a-a15e-91fb09614820,227457886,directory,Sân vận động Thôn Đồng Mít,hn,2,20.8071729,105.674095842609,hn_phucson,,contains,1,pitch|sports_centre,True,True,"Sân vận động Thôn Đồng Mít, Đường tỉnh 429, Thành phố Hà Nội, Việt Nam",,Đường tỉnh 429,"leisure:[sports_centre, pitch] ;; sport:[soccer]"
update,e556d57b-acf6-4821-aace-729342cb7fbc,227461807,directory,Thôn Hoành,hn,2,20.8035453290752,105.672980966064,hn_phucson,Xã Đồng Tâm,contains,,pitch,False,True,"Thôn Hoành, Xã Đồng Tâm, Thành phố Hà Nội, Việt Nam",,,leisure:[pitch]
update,bfc4e855-6518-44b3-ab18-0e0f1fa43e23,227318840,directory,Trường THCS Bắc Hồng,hn,2,21.17873885,105.808603713404,hn_phucthinh,,contains,1,pitch,True,True,"Trường THCS Bắc Hồng, Ngõ 1 Phúc Hậu, Thành phố Hà Nội, Việt Nam",,Ngõ 1 Phúc Hậu,grades:[6-9] ;; leisure:[pitch] ;; sport:[soccer]
update,369241f2-049f-4803-9b65-e029256d1e4f,227344440,directory,"Trường Tiểu học, THCS & THPT Archimedes Đông Anh",hn,2,21.1540031,105.826096796884,hn_phucthinh,,contains,1,pitch,True,True,"Trường Tiểu học, THCS & THPT Archimedes Đông Anh, Đường Sân Bóng, Thành phố Hà Nội, 12323, Việt Nam",,Đường Sân Bóng,leisure:[pitch] ;; sport:[soccer]
update,296dc7bb-226c-4898-8034-21ff29c04e4a,403013803,directory,Trường Trung học cơ sở Tiên Dương,hn,2,21.14148495,105.829060509162,hn_phucthinh,,contains,1,pitch,True,True,"Trường Trung học cơ sở Tiên Dương, Ngõ 6 Tiên Kha 5, Thành phố Hà Nội, 12323, Việt Nam",,Ngõ 6 Tiên Kha 5,leisure:[pitch] ;; sport:[soccer]
update,700e6c2c-d8f5-4dfa-95cb-d5fe3e38199d,227367952,directory,Thị trấn Phúc Thọ,hn,2,21.1025991840773,105.548096127862,hn_phuctho,,contains,,pitch|stadium,False,True,"Thị trấn Phúc Thọ, Thành phố Hà Nội, Việt Nam",,,"leisure:[stadium, pitch]"
update,4ffb09d0-9393-4de6-8246-50437d7c60a8,227341465,directory,Trường Hữu nghị T78,hn,2,21.1195253,105.526340949823,hn_phuctho,Xã Tích Lộc,contains,2,pitch,True,True,"Trường Hữu nghị T78, Quốc lộ 32, Xã Tích Lộc, Thành phố Hà Nội, Việt Nam",,Quốc lộ 32,grades:[10-12] ;; leisure:[pitch] ;; sport:[basketball]
update,2937ac72-da52-4266-9458-2dafb10fca55,227388733,directory,,hn,2,21.049364477355,105.753323626661,hn_phudien,Quận Bắc Từ Liêm,contains,1,pitch|stadium,True,True,"Phường Phúc Diễn, Quận Bắc Từ Liêm, Thành phố Hà Nội, 12500, Việt Nam",,,"leisure:[stadium, pitch] ;; sport:[soccer]"
update,782e1ad3-c632-437d-bdeb-e1e1b4661250,227412714,directory,,hn,2,21.0384657,105.775370220205,hn_phudien,Quận Cầu Giấy,contains,1,pitch,True,True,"100, Đường Hồ Tùng Mậu, Phường Mai Dịch, Quận Cầu Giấy, Thành phố Hà Nội, 10085, Việt Nam",100,Đường Hồ Tùng Mậu,lit:[no] ;; sport:[soccer] ;; surface:[grass_paver] ;; leisure:[pitch]
update,c00ea00d-d9f0-4286-b167-701882b27552,227387249,directory,,hn,2,21.0435105560893,105.777500470374,hn_phudien,Quận Cầu Giấy,contains,1,pitch,True,True,"Ngõ 132 Phố Mai Dịch, Xóm Đồng Xa, Quận Cầu Giấy, Thành phố Hà Nội, 10065, Việt Nam",,Ngõ 132 Phố Mai Dịch,surface:[asphalt] ;; motorcycle:[yes] ;; motor_vehicle:[no] ;; leisure:[pitch] ;; sport:[soccer]
update,db1ed336-2105-4146-8416-f4f8428a52ba,227416381,directory,,hn,2,21.0439574518685,105.777943606482,hn_phudien,Quận Cầu Giấy,contains,1|3|4,pitch,True,True,"Ngõ 144 Phố Mai Dịch, Xóm Đồng Xa, Quận Cầu Giấy, Thành phố Hà Nội, 10065, Việt Nam",,Ngõ 144 Phố Mai Dịch,"surface:[asphalt] ;; leisure:[pitch] ;; sport:[tennis, badminton, soccer]"
update,62da191b-0e6e-4e19-a057-d05555216a07,227423079,directory,Hồ Bơ của chung cư,hn,2,21.0506901,105.77816702152,hn_phudien,Quận Bắc Từ Liêm,contains,,swimming_pool,False,True,"Hồ Bơ của chung cư, Đường Số 11, Phường Cổ Nhuế 1, Quận Bắc Từ Liêm, Thành phố Hà Nội, 10065, Việt Nam",,Đường Số 11,leisure:[swimming_pool]
update,ff7773b8-b042-4399-81ac-d1c2406f7f7f,227409026,directory,Hồ bơi chung cư,hn,2,21.04964455,105.778595345228,hn_phudien,Quận Bắc Từ Liêm,contains,,swimming_pool,False,True,"Hồ bơi chung cư, Đường Số 12, Phường Cổ Nhuế 1, Quận Bắc Từ Liêm, Thành phố Hà Nội, 10065, Việt Nam",,Đường Số 12,leisure:[swimming_pool]
update,b4ada075-aab2-4614-a669-404d88a60881,227407166,directory,Làng Trẻ Em Birla Hà Nội,hn,2,21.04155225,105.778564982034,hn_phudien,Quận Cầu Giấy,contains,1,pitch,True,True,"Làng Trẻ Em Birla Hà Nội, Ngách 105/1 Phố Doãn Kế Thiện, Xóm Đồng Xa, Quận Cầu Giấy, Thành phố Hà Nội, 10065, Việt Nam",,Ngách 105/1 Phố Doãn Kế Thiện,leisure:[pitch] ;; sport:[soccer]
update,157fd678-f273-4e0a-a5d2-1c48816a4d25,227385918,directory,Làng Trẻ em SOS Hà Nội,hn,2,21.04239705,105.778559624559,hn_phudien,Quận Cầu Giấy,contains,1,pitch,True,True,"Làng Trẻ em SOS Hà Nội, Ngách 59/59 Phạm Văn Đồng, Xóm Đồng Xa, Quận Cầu Giấy, Thành phố Hà Nội, 10065, Việt Nam",,Ngách 59/59 Phạm Văn Đồng,leisure:[pitch] ;; sport:[soccer]
update,fc6e8375-7b09-466e-8d3a-a257362fc622,227395931,directory,Nhà Văn hoá quận Bắc Từ Liêm,hn,2,21.04795365,105.750873698296,hn_phudien,Quận Bắc Từ Liêm,contains,4,pitch,True,True,"Nhà Văn hoá quận Bắc Từ Liêm, 2, Phố Võ Quý Huân, Phường Phúc Diễn, Quận Bắc Từ Liêm, Thành phố Hà Nội, 34000, Việt Nam",2,Phố Võ Quý Huân,building:[yes] ;; operator:[Trung tâm Văn hoá - Thông tin và Thể thao quận Bắc Từ Liêm] ;; operator:type:[public/government] ;; leisure:[pitch] ;; sport:[tennis]
update,8e8ff9f0-c618-480b-925e-280810785a08,227387551,directory,Nhà thi đấu quận Bắc Từ Liêm,hn,2,21.04902065,105.750319456984,hn_phudien,Quận Bắc Từ Liêm,contains,,sports_centre,False,True,"Nhà thi đấu quận Bắc Từ Liêm, Đường Đức Diễn, Phường Phúc Diễn, Quận Bắc Từ Liêm, Thành phố Hà Nội, 12500, Việt Nam",,Đường Đức Diễn,building:[yes] ;; leisure:[sports_centre]
update,921ea8ec-14bf-40b9-a4cd-b3cac45d43a2,227385576,directory,Toà nhà 1A - Vinaconex 7,hn,2,21.0448279,105.768610758433,hn_phudien,Quận Bắc Từ Liêm,contains,4,pitch,True,True,"Toà nhà 1A - Vinaconex 7, Ngõ 332 Đường Hoàng Công Chất, Phường Phú Diễn, Quận Bắc Từ Liêm, Thành phố Hà Nội, 10065, Việt Nam",,Ngõ 332 Đường Hoàng Công Chất,leisure:[pitch] ;; sport:[tennis]
update,9d174659-2c0d-4d1b-ba63-018c29791d7a,227385051,directory,Trường Hàn Quốc Hà Nội,hn,2,21.0434277,105.77292955507,hn_phudien,Quận Cầu Giấy,contains,1|2,pitch,True,True,"Trường Hàn Quốc Hà Nội, Phố Trần Vỹ, Xóm Đồng Xa, Quận Cầu Giấy, Thành phố Hà Nội, 10065, Việt Nam",,Phố Trần Vỹ,"grades:[1-12] ;; website:[http://www.hanoischool.net/] ;; wikidata:[Q21060695] ;; wikipedia:[en:Korean International School in Hanoi] ;; leisure:[pitch] ;; sport:[basketball, soccer]"
update,af180a59-858e-44cf-b88e-0f8e635bf37d,227403316,directory,Trường Liên cấp Newton cơ sở 2,hn,2,21.0419326,105.767891497093,hn_phudien,Quận Bắc Từ Liêm,contains,1|2|4,pitch,True,True,"Trường Liên cấp Newton cơ sở 2, 136, Đường Hồ Tùng Mậu, Phường Phú Diễn, Quận Bắc Từ Liêm, Thành phố Hà Nội, 10085, Việt Nam",136,Đường Hồ Tùng Mậu,"leisure:[pitch] ;; sport:[tennis, soccer, basketball]"
update,59a8c9cc-c335-4479-b909-8c9fba6fde46,227412508,directory,Trường Phổ thông Hermann Gmeiner Hà Nội,hn,2,21.0412266,105.779914663363,hn_phudien,Quận Cầu Giấy,contains,2,pitch,True,True,"Trường Phổ thông Hermann Gmeiner Hà Nội, 2, Phố Doãn Kế Thiện, Xóm Đồng Xa, Quận Cầu Giấy, Thành phố Hà Nội, 10065, Việt Nam",2,Phố Doãn Kế Thiện,grades:[1-12] ;; website:[https://hanoi.hgs.edu.vn/] ;; religion:[none] ;; leisure:[pitch] ;; sport:[basketball]
update,ec168a33-e537-41aa-aafc-20b90deff1d8,227402234,directory,Trường THCS Phú Diễn,hn,2,21.04608395,105.768402635804,hn_phudien,Quận Bắc Từ Liêm,contains,1,pitch,True,True,"Trường THCS Phú Diễn, Hẻm 24 Ngách 7 Ngõ 332 Đường Hoàng Công Chất, Phường Phú Diễn, Quận Bắc Từ Liêm, Thành phố Hà Nội, 10065, Việt Nam",,Hẻm 24 Ngách 7 Ngõ 332 Đường Hoàng Công Chất,leisure:[pitch] ;; sport:[soccer]
update,1611a806-1e13-4b1f-91c0-6acb60a0af3e,227390055,directory,Trường THCS Phú Diễn A,hn,2,21.05071345,105.758237775773,hn_phudien,Quận Bắc Từ Liêm,contains,1,pitch,True,True,"Trường THCS Phú Diễn A, Ngách 192 Ngõ 193 Phú Diễn, Phường Phú Diễn, Quận Bắc Từ Liêm, Thành phố Hà Nội, 12500, Việt Nam",,Ngách 192 Ngõ 193 Phú Diễn,grades:[6-9] ;; leisure:[pitch] ;; sport:[soccer]
update,e293679d-4a72-42f4-9047-53db7a2e3047,227407932,directory,Trường THPT Nguyễn Thị Minh Khai,hn,2,21.0468527,105.751068075186,hn_phudien,Quận Bắc Từ Liêm,contains,1|2,pitch,True,True,"Trường THPT Nguyễn Thị Minh Khai, 4, Phố Võ Quý Huân, Phường Phúc Diễn, Quận Bắc Từ Liêm, Thành phố Hà Nội, 34000, Việt Nam",4,Phố Võ Quý Huân,"grades:[10-12] ;; website:[http://www.ntminhkhai.edu.vn] ;; leisure:[pitch] ;; sport:[soccer, basketball]"
update,baf78f80-1c83-443f-ad1f-b37d51bccf64,227387318,directory,Trường Tiểu học Hồ Tùng Mậu,hn,2,21.04758215,105.765144447832,hn_phudien,Quận Bắc Từ Liêm,contains,2,pitch,True,True,"Trường Tiểu học Hồ Tùng Mậu, Ngách 172/69, Phường Phú Diễn, Quận Bắc Từ Liêm, Thành phố Hà Nội, 10065, Việt Nam",,Ngách 172/69,grades:[1-5] ;; leisure:[pitch] ;; sport:[basketball]
update,f28fa46f-72c1-4e73-9bfb-666f8f256b07,227387228,directory,Trường Tiểu học Phú Diễn,hn,2,21.0497721,105.759127975861,hn_phudien,Quận Bắc Từ Liêm,contains,1,pitch,True,True,"Trường Tiểu học Phú Diễn, Đường Chùa Bụt Mọc, Phường Phú Diễn, Quận Bắc Từ Liêm, Thành phố Hà Nội, 12500, Việt Nam",,Đường Chùa Bụt Mọc,grades:[1-5] ;; leisure:[pitch] ;; sport:[soccer]
update,ca260b5d-d8ca-4c68-9e9c-05ab18a70379,227385203,directory,Trường Đại học Sân khấu - Điện ảnh Hà Nội,hn,2,21.0402005,105.774988031831,hn_phudien,Quận Cầu Giấy,contains,1,pitch|swimming_pool,True,True,"Trường Đại học Sân khấu - Điện ảnh Hà Nội, Ngõ 169 Doãn Kế Thiện, Xóm Đồng Xa, Quận Cầu Giấy, Thành phố Hà Nội, 10085, Việt Nam",,Ngõ 169 Doãn Kế Thiện,"fax:[+84 24 3834 8732] ;; email:[skda@fpt.vn] ;; phone:[+84 24 3764 3397] ;; website:[https://skda.edu.vn/] ;; operator:[Bộ Văn hóa, Thể thao và Du lịch] ;; wikidata:[Q10829124] ;; wikipedia:[vi:Trường Đại học Sân khấu – Điện ảnh Hà Nội] ;; operator:type:[public/government] ;; leisure:[pitch, swimming_pool] ;; sport:[soccer]"
update,bd631452-e4ac-4940-8814-004abf46f4be,227408082,directory,Trường Đại học Tài nguyên và Môi trường Hà Nội,hn,2,21.0461067,105.762100990686,hn_phudien,Quận Bắc Từ Liêm,contains,1,pitch,True,True,"Trường Đại học Tài nguyên và Môi trường Hà Nội, 41A, Đường Phú Diễn, Phường Phú Diễn, Quận Bắc Từ Liêm, Thành phố Hà Nội, 10085, Việt Nam",,Đường Phú Diễn,landuse:[institutional] ;; wikidata:[Q18461615] ;; wikipedia:[vi:Đại học Tài nguyên và Môi trường Hà Nội] ;; start_date:[2010] ;; leisure:[pitch] ;; sport:[soccer]
update,aa91b9e8-da88-4780-afb2-dae16cb8f71a,227396728,directory,Trụ sở Bộ Công an phía Bắc,hn,2,21.04828965,105.779086899701,hn_phudien,Quận Cầu Giấy,contains,3|4,pitch,True,True,"Trụ sở Bộ Công an phía Bắc, 47, Đường Phạm Văn Đồng, Xóm Đồng Xa, Quận Cầu Giấy, Thành phố Hà Nội, 10065, Việt Nam",47,Đường Phạm Văn Đồng,"police:[offices] ;; landuse:[commercial] ;; operator:[Bộ Công an] ;; wikidata:[Q6867472] ;; wikipedia:[vi:Bộ Công an (Việt Nam)] ;; government:[ministry] ;; leisure:[pitch] ;; sport:[volleyball, tennis, badminton]"
update,516f9d6c-6314-4d3a-b351-a754b0c17370,227417678,directory,,hn,2,21.0902923379129,105.934022970522,hn_phudong,,contains,,pitch,False,True,"Ngõ 12 Đường Ninh Hiệp, Trung Quán, Thành phố Hà Nội, 16300, Việt Nam",,Ngõ 12 Đường Ninh Hiệp,surface:[asphalt] ;; lane_markings:[no] ;; leisure:[pitch]
update,b0b90d8e-8efc-47ce-967d-6610ab2c7e26,227420533,directory,,hn,2,21.0905380523865,105.923919384301,hn_phudong,,contains,1,pitch,True,True,"Ngõ 622 Đường Hà Huy Tập, Thành phố Hà Nội, Việt Nam",,Ngõ 622 Đường Hà Huy Tập,surface:[asphalt] ;; lane_markings:[no] ;; leisure:[pitch] ;; sport:[soccer]
update,b32ad766-7c1c-4230-bec2-6bb7f2241649,227400097,directory,,hn,2,21.0914297488533,105.906078060364,hn_phudong,,contains,1,pitch,True,True,"Ngõ 278 Đường Yên Thường, Xuân Dục, Thành phố Hà Nội, 11810, Việt Nam",,Ngõ 278 Đường Yên Thường,lanes:[2] ;; surface:[asphalt] ;; leisure:[pitch] ;; sport:[soccer]
update,e24e15ad-d182-482f-8e89-9c878027e759,227417707,directory,,hn,2,21.0904237,105.9245391,hn_phudong,,contains,1,pitch,True,True,"Yên Tân, Thành phố Hà Nội, Việt Nam",,,leisure:[pitch] ;; sport:[soccer]
update,ec4a77f7-c850-4a30-b30f-b2eb1e6c2818,227399863,directory,,hn,2,21.1008367570999,105.91226111888,hn_phudong,,contains,,pitch,False,True,"Yên Khê, Thành phố Hà Nội, Việt Nam",,,leisure:[pitch]
update,f8ce27b2-8ed2-4d25-8e1a-ec55ab8e6bcc,227421066,directory,Ga Yên Viên,hn,2,21.0844595,105.915607986362,hn_phudong,,contains,4,pitch,True,True,"Ga Yên Viên, Ngõ 282 Đường Hà Huy Tập, Tổ Ga, Thành phố Hà Nội, 11810, Việt Nam",,Ngõ 282 Đường Hà Huy Tập,leisure:[pitch] ;; sport:[tennis]
update,ba303b01-b640-4a66-906a-6d753c601fe6,227416707,directory,Sân bóng Lã Côi,hn,2,21.09635705,105.917693702351,hn_phudong,,contains,,pitch,False,True,"Sân bóng Lã Côi, Ngõ 41 Đường Đặng Phúc Thông, Thôn Yên Viên, Thành phố Hà Nội, Việt Nam",,Ngõ 41 Đường Đặng Phúc Thông,leisure:[pitch]
update,85b90d00-c37f-4b1b-a621-d14c3f067642,227434730,directory,Sân bóng Yên Viên,hn,2,21.0894804,105.922891564306,hn_phudong,,contains,,pitch,False,True,"Sân bóng Yên Viên, Đường Đặng Công Chất, Thôn Thượng, Thành phố Hà Nội, 08443, Việt Nam",,Đường Đặng Công Chất,leisure:[pitch]
update,fdad42ef-f83f-4e42-a35e-30b954829bb4,227420782,directory,Trường Phổ thông Võ thuật Bảo Long,hn,2,21.06054505,105.940401495521,hn_phudong,,contains,1,pitch,True,True,"Trường Phổ thông Võ thuật Bảo Long, Ngõ 447, Thành phố Hà Nội, 08443, Việt Nam",,Ngõ 447,leisure:[pitch] ;; sport:[soccer]
update,f493d80b-5dba-445e-8064-c9e46416705e,227399161,directory,Trường THCS Dương Hà,hn,2,21.0747939,105.926910071382,hn_phudong,,contains,,pitch,False,True,"Trường THCS Dương Hà, Đường đê tả Đuống, Thôn Hạ, Thành phố Hà Nội, 08443, Việt Nam",,Đường đê tả Đuống,grades:[6-9] ;; leisure:[pitch]
update,112bc26c-1d7c-43e2-bb64-0205a6477783,227425676,directory,Trường THCS Yên Thường,hn,2,21.10201875,105.916170084986,hn_phudong,,contains,1,pitch,True,True,"Trường THCS Yên Thường, Ngõ 194 Đường Yên Thường, Yên Khê, Thành phố Hà Nội, Việt Nam",,Ngõ 194 Đường Yên Thường,grades:[6-9] ;; leisure:[pitch] ;; sport:[soccer]
update,e41cff31-6c0d-4725-9100-085c619dad3b,227403508,directory,Trường TIểu học Phù Đổng,hn,2,21.05993135,105.966245041128,hn_phudong,,contains,1,pitch,True,True,"Trường TIểu học Phù Đổng, Đường tỉnh 277, Thành phố Hà Nội, Việt Nam",,Đường tỉnh 277,grades:[1-5] ;; leisure:[pitch] ;; sport:[soccer]
update,e4af14fc-94e8-4aa6-90da-4e9ace463d92,227421832,directory,Trường Tiểu học Ninh Hiệp,hn,2,21.07672415,105.947014880506,hn_phudong,,contains,1,pitch,True,True,"Trường Tiểu học Ninh Hiệp, Ngách 505/8 Đường Ninh Hiệp, Thành phố Hà Nội, 16300, Việt Nam",,Ngách 505/8 Đường Ninh Hiệp,grades:[1-5] ;; leisure:[pitch] ;; sport:[soccer]
update,9f6796d6-66a6-4b0e-84a0-69fb69e47982,227424082,directory,Trường Tiểu học Quang Trung,hn,2,21.0959097,105.904301087384,hn_phudong,,contains,1,pitch,True,True,"Trường Tiểu học Quang Trung, Ngõ 276 Đường Yên Thường, Xuân Dục, Thành phố Hà Nội, 11810, Việt Nam",,Ngõ 276 Đường Yên Thường,leisure:[pitch] ;; sport:[soccer]
update,94c8c774-5a0c-4667-9d74-325d3ad084d0,227423445,directory,Trường Tiểu học Thị trấn Yên Viên,hn,2,21.09143195,105.925250808637,hn_phudong,,contains,1,pitch,True,True,"Trường Tiểu học Thị trấn Yên Viên, Đường Đình Xuyên, Thành phố Hà Nội, Việt Nam",,Đường Đình Xuyên,grades:[1-5] ;; leisure:[pitch] ;; sport:[soccer]
update,bf08648f-edae-4a75-9d42-6b674fd52581,227406817,directory,Trường Tiểu học Tiền Phong,hn,2,21.08166305,105.917674953718,hn_phudong,,contains,1,pitch,True,True,"Trường Tiểu học Tiền Phong, Ngõ 292 Đường Hà Huy Tập, Thôn Yên Viên, Thành phố Hà Nội, 11810, Việt Nam",,Ngõ 292 Đường Hà Huy Tập,grades:[1-5] ;; leisure:[pitch] ;; sport:[soccer]
update,50fe0987-721b-4f97-a378-43fecf10390b,227427414,directory,Xã Ninh Hiệp,hn,2,21.0774518977592,105.945193774934,hn_phudong,,contains,1|4,pitch,True,True,"Xã Ninh Hiệp, Thành phố Hà Nội, 16300, Việt Nam",,,"leisure:[pitch] ;; sport:[soccer, tennis]"
update,fe28aab7-6001-4708-a3fc-8783f928d51f,227419899,directory,Xã Yên Thường,hn,2,21.1118663462504,105.927737764991,hn_phudong,,contains,,pitch,False,True,"Xã Yên Thường, Thành phố Hà Nội, 16300, Việt Nam",,,leisure:[pitch]
update,e580120b-c600-4da7-a5ed-a19b635226c4,227421408,directory,Đình Làng Yên Viên,hn,2,21.0914285,105.914074384071,hn_phudong,,contains,,pitch,False,True,"Đình Làng Yên Viên, ngõ 11 Làng Vân, Thôn Yên Viên, Thành phố Hà Nội, 11810, Việt Nam",,ngõ 11 Làng Vân,religion:[vietnamese_folk] ;; leisure:[pitch]
update,70565266-6412-48c0-9cdc-e44a040d4335,227397929,directory,Đối diện 274 Hà Huy Tập,hn,2,21.0840187,105.9159077,hn_phudong,,contains,4,pitch,True,True,"Đối diện 274 Hà Huy Tập, Ngõ 282 Đường Hà Huy Tập, Tổ Ga, Thành phố Hà Nội, 11810, Việt Nam",,Ngõ 282 Đường Hà Huy Tập,bin:[no] ;; bus:[yes] ;; lit:[no] ;; bench:[no] ;; shelter:[no] ;; public_transport:[platform] ;; leisure:[pitch] ;; sport:[tennis]
update,84bc91c5-04bb-4d36-984a-8288d5629ec3,227424682,directory,,hn,2,20.944705269251,105.759214057523,hn_phuluong,Quận Hà Đông,contains,1,,True,True,"Phố Quang Lãm, Phường Phú Lãm, Quận Hà Đông, Thành phố Hà Nội, 10170, Việt Nam",,Phố Quang Lãm,sport:[soccer]
update,72595ec2-7bf4-4223-8cce-7113f547d0f1,227424658,directory,Trường Tiểu học Phú Lãm,hn,2,20.94303085,105.754065674949,hn_phuluong,Quận Hà Đông,contains,,pitch,False,True,"Trường Tiểu học Phú Lãm, Ngách 2/3, Phường Phú Lãm, Quận Hà Đông, Thành phố Hà Nội, 10170, Việt Nam",,Ngách 2/3,leisure:[pitch]
update,307c0ae0-691f-43c5-b6ad-e406cb2fc726,227431041,directory,Trường Tiểu học Phú Lương 2,hn,2,20.939877,105.766342769055,hn_phuluong,Quận Hà Đông,contains,1,pitch,True,True,"Trường Tiểu học Phú Lương 2, Phố Phú Lương, Phường Phú Lương, Quận Hà Đông, Thành phố Hà Nội, 10170, Việt Nam",,Phố Phú Lương,grades:[1-5] ;; leisure:[pitch] ;; sport:[soccer]
update,f5d4c0df-33ac-4c1a-a0c7-3545f12c1c64,227425489,directory,Trường Đại học Đại Nam,hn,2,20.9476785,105.758599322235,hn_phuluong,Quận Hà Đông,contains,1|2,pitch,True,True,"Trường Đại học Đại Nam, 1, Phố Xốm, Phường Phú Lãm, Quận Hà Đông, Thành phố Hà Nội, 10170, Việt Nam",1,Phố Xốm,"website:[https://dainam.edu.vn/] ;; leisure:[pitch] ;; sport:[basketball, soccer]"
update,19178f05-6e94-4404-954c-2afd48456fa7,227454559,directory,,hn,2,20.9903049,105.8368266,hn_phuongliet,Quận Thanh Xuân,contains,4,pitch,True,True,"Ngõ 188 Phố Nguyễn Lân, Phường Phương Liệt, Quận Thanh Xuân, Thành phố Hà Nội, 10181, Việt Nam",,Ngõ 188 Phố Nguyễn Lân,moped:[yes] ;; surface:[cement] ;; motorcycle:[yes] ;; motor_vehicle:[no] ;; leisure:[pitch] ;; sport:[tennis]
update,3729089d-6677-4f02-8bb2-a2d414381010,227440031,directory,,hn,2,20.9967338665443,105.829703722465,hn_phuongliet,Quận Thanh Xuân,contains,4,pitch,True,True,"Phố Lê Trọng Tấn, Phường Khương Mai, Quận Thanh Xuân, Thành phố Hà Nội, 10181, Việt Nam",,Phố Lê Trọng Tấn,lanes:[4] ;; surface:[asphalt] ;; lanes:forward:[2] ;; lanes:backward:[2] ;; parking:lane:both:[parallel] ;; leisure:[pitch] ;; sport:[tennis]
update,7406a835-2c7b-43c1-a8b9-faf251ae6d12,227438651,directory,,hn,2,20.9902432,105.8239523,hn_phuongliet,Quận Thanh Xuân,contains,1,pitch,True,True,"Ngõ 207 Bùi Xương Trạch, Phường Khương Đình, Quận Thanh Xuân, Thành phố Hà Nội, 11718, Việt Nam",,Ngõ 207 Bùi Xương Trạch,service:[alley] ;; surface:[unpaved] ;; motorcar:[no] ;; motorcycle:[yes] ;; leisure:[pitch] ;; sport:[soccer]
update,90c3c87b-3fdd-481f-8389-c3a1c9b0bbf5,227452091,directory,,hn,2,20.9953607,105.8305857,hn_phuongliet,Quận Thanh Xuân,contains,,pitch,False,True,"164, Phố Lê Trọng Tấn, Phường Khương Mai, Quận Thanh Xuân, Thành phố Hà Nội, 10181, Việt Nam",164,Phố Lê Trọng Tấn,leisure:[pitch]
update,ab2a5015-366f-4458-9688-027952a3b20f,227451922,directory,,hn,2,20.9968269,105.8361751,hn_phuongliet,Quận Thanh Xuân,contains,4,pitch,True,True,"20, Phố Nguyễn Lân, Phường Khương Mai, Quận Thanh Xuân, Thành phố Hà Nội, 10181, Việt Nam",20,Phố Nguyễn Lân,leisure:[pitch] ;; sport:[tennis]
update,cc0307e8-74bb-4d99-83dd-307172d5ca54,227470966,directory,,hn,2,20.9909628449397,105.836426271379,hn_phuongliet,Quận Thanh Xuân,contains,1,pitch,True,True,"Ngõ 168 Phố Nguyễn Lân, Phường Phương Liệt, Quận Thanh Xuân, Thành phố Hà Nội, 10181, Việt Nam",,Ngõ 168 Phố Nguyễn Lân,surface:[cement] ;; leisure:[pitch] ;; sport:[soccer]
update,d08ae051-03fc-4d01-92a5-a38c25dd252c,227449983,directory,,hn,2,20.9910151278012,105.835047319505,hn_phuongliet,Quận Thanh Xuân,contains,1|4,pitch,True,True,"Ngõ 274 Phố Nguyễn Lân, Phường Phương Liệt, Quận Thanh Xuân, Thành phố Hà Nội, 10181, Việt Nam",,Ngõ 274 Phố Nguyễn Lân,"access:[yes] ;; surface:[asphalt] ;; leisure:[pitch] ;; sport:[soccer, tennis]"
update,d67a1d2a-e05d-4082-8035-d53f1014e4ab,227438793,directory,,hn,2,20.9913065477271,105.837749536632,hn_phuongliet,Quận Thanh Xuân,contains,4,pitch,True,True,"Ngõ 64 Phố Phan Đình Giót, Phường Phương Liệt, Quận Thanh Xuân, Thành phố Hà Nội, 10181, Việt Nam",,Ngõ 64 Phố Phan Đình Giót,service:[alley] ;; maxspeed:[20] ;; leisure:[pitch] ;; sport:[tennis]
update,fec5da2c-dd30-4dff-908a-23a1e3507336,227459849,directory,,hn,2,20.9945792,105.8347553,hn_phuongliet,Quận Thanh Xuân,contains,4,pitch,True,True,"Đường Hồ Rùa, Phường Phương Liệt, Quận Thanh Xuân, Thành phố Hà Nội, 10181, Việt Nam",,Đường Hồ Rùa,surface:[paving_stones] ;; leisure:[pitch] ;; sport:[tennis]
update,f9051f64-d859-4481-91f4-67089c5398a1,227434447,directory,Bể Bơi Định Công,hn,2,20.9868939,105.8320201,hn_phuongliet,Quận Hoàng Mai,contains,4,pitch|swimming_pool,True,True,"Bể Bơi Định Công, Phố Trần Nguyên Đán, Phường Định Công, Quận Hoàng Mai, Thành phố Hà Nội, 11718, Việt Nam",,Phố Trần Nguyên Đán,"leisure:[pitch, swimming_pool] ;; sport:[tennis]"
update,8cc0fa43-c17e-495a-a19c-478f40915c5e,227448761,directory,CT2 - Đơn nguyên 1,hn,2,20.98691785,105.827694001052,hn_phuongliet,Quận Hoàng Mai,contains,4,pitch,True,True,"CT2 - Đơn nguyên 1, Phố Trần Điền, Phường Định Công, Quận Hoàng Mai, Thành phố Hà Nội, 11718, Việt Nam",,Phố Trần Điền,leisure:[pitch] ;; sport:[tennis]
update,41ddf91e-36c6-4010-b0af-07a4a1620dae,227489994,directory,CT2 - Đơn nguyên 2,hn,2,20.9861943,105.828282411582,hn_phuongliet,Quận Hoàng Mai,contains,4,pitch,True,True,"CT2 - Đơn nguyên 2, Đường Vành đai 2.5, Quận Hoàng Mai, Thành phố Hà Nội, 11718, Việt Nam",,Đường Vành đai 2.5,leisure:[pitch] ;; sport:[tennis]
update,ccfd8a85-82bd-42b8-ae61-e3505364c751,227452385,directory,Cục Dự trữ Nhà nước khu vực Hà Nội,hn,2,20.98973085,105.839927421529,hn_phuongliet,Quận Thanh Xuân,contains,4,pitch,True,True,"Cục Dự trữ Nhà nước khu vực Hà Nội, 36, Ngõ 1 Phan Đình Giót, Phường Phương Liệt, Quận Thanh Xuân, Thành phố Hà Nội, 11617, Việt Nam",36,Ngõ 1 Phan Đình Giót,landuse:[commercial] ;; leisure:[pitch] ;; sport:[tennis]
update,76fda033-fb7a-4e74-b791-74cb75b0453b,227434144,directory,Hanoi Sky Hotel,hn,2,20.9990639,105.833248927465,hn_phuongliet,Quận Thanh Xuân,contains,4,pitch,True,True,"Hanoi Sky Hotel, 169, Đường Trường Chinh, Phường Khương Mai, Quận Thanh Xuân, Thành phố Hà Nội, 10181, Việt Nam",169,Đường Trường Chinh,building:[yes] ;; leisure:[pitch] ;; sport:[tennis]
update,7f04ca76-35c7-4106-938c-357cc44cbf42,227455991,directory,Mipec Golf Club,hn,2,20.99142375,105.833670116782,hn_phuongliet,Quận Thanh Xuân,contains,1,pitch,True,True,"Mipec Golf Club, 8, Phố Lê Trọng Tấn, Phường Khương Mai, Quận Thanh Xuân, Thành phố Hà Nội, 11718, Việt Nam",8,Phố Lê Trọng Tấn,golf:[clubhouse] ;; building:levels:[3] ;; leisure:[pitch] ;; sport:[soccer]
update,5bac2b9f-5ece-43cd-9108-cd01f939ab06,227434162,directory,TPBank,hn,2,20.9940921,105.8313468,hn_phuongliet,Quận Thanh Xuân,contains,1,pitch,True,True,"TPBank, Phố Lê Trọng Tấn, Phường Khương Mai, Quận Thanh Xuân, Thành phố Hà Nội, 10181, Việt Nam",,Phố Lê Trọng Tấn,leisure:[pitch] ;; sport:[soccer]
update,0e8e7336-ca6f-431d-9ae9-f314248e1d33,227434673,directory,Trường THCS Khương Mai,hn,2,20.9923804,105.827145161202,hn_phuongliet,Quận Thanh Xuân,contains,1,pitch,True,True,"Trường THCS Khương Mai, Đường Lạc Hồng, Phường Khương Đình, Quận Thanh Xuân, Thành phố Hà Nội, 11718, Việt Nam",,Đường Lạc Hồng,grades:[6-9] ;; leisure:[pitch] ;; sport:[soccer]
update,0350a84c-8029-46bb-abc3-a399153fcd10,227449748,directory,"Trường Tiểu học, THCS và THPT May",hn,2,20.986379,105.83055556442,hn_phuongliet,Quận Hoàng Mai,contains,1|2,pitch,True,True,"Trường Tiểu học, THCS và THPT May, Phố Trần Nguyên Đán, Phường Định Công, Quận Hoàng Mai, Thành phố Hà Nội, 11718, Việt Nam",,Phố Trần Nguyên Đán,"leisure:[pitch] ;; sport:[soccer, basketball]"
update,525e4f07-f3d5-41ef-b5f6-8f355fa51d0d,227465750,directory,Trống Đồng Palace Cảnh Hồ,hn,2,20.9993748,105.830753579627,hn_phuongliet,Quận Thanh Xuân,contains,4,pitch,True,True,"Trống Đồng Palace Cảnh Hồ, Đường Trường Chinh, Phường Khương Mai, Quận Thanh Xuân, Thành phố Hà Nội, 10181, Việt Nam",,Đường Trường Chinh,building:[yes] ;; leisure:[pitch] ;; sport:[tennis]
update,5dbfe0f5-03b8-4aad-9470-ffc04268fcda,227379913,directory,Viện Y học Phòng không - Không quân,hn,2,21.0001974,105.82563731662,hn_phuongliet,Quận Thanh Xuân,contains,4,pitch,True,True,"Viện Y học Phòng không - Không quân, Ngõ 203 Trường Chinh, Phường Khương Mai, Quận Thanh Xuân, Thành phố Hà Nội, 10165, Việt Nam",,Ngõ 203 Trường Chinh,healthcare:[hospital] ;; leisure:[pitch] ;; sport:[tennis]
update,d0d48517-ad61-4fb9-ad40-073372a0a0fb,227439344,directory,Đầm Hồng sân bóng,hn,2,20.99496875,105.823241444036,hn_phuongliet,Quận Thanh Xuân,contains,1,pitch,True,True,"Đầm Hồng sân bóng, Ngách 249 Ngõ 211 Khương Trung, Phường Khương Đình, Quận Thanh Xuân, Thành phố Hà Nội, 10165, Việt Nam",,Ngách 249 Ngõ 211 Khương Trung,lit:[yes] ;; sport:[soccer] ;; access:[yes] ;; surface:[artificial_turf] ;; leisure:[pitch]
update,4ad6b341-20d8-48fb-9022-172d68017044,227392482,directory,,hn,2,21.0828640670056,105.812645448764,hn_phuthuong,Quận Tây Hồ,contains,1,pitch,True,True,"Phường Phú Thượng, Quận Tây Hồ, Thành phố Hà Nội, 10206, Việt Nam",,,oneway:[yes] ;; leisure:[pitch] ;; sport:[soccer]
update,705c6992-45c6-43c1-ba48-794478b0ccce,227407457,directory,,hn,2,21.0739918627158,105.801941867259,hn_phuthuong,Quận Tây Hồ,contains,4,pitch,True,True,"Phường Phú Thượng, Quận Tây Hồ, Thành phố Hà Nội, 10264, Việt Nam",,,surface:[asphalt] ;; leisure:[pitch] ;; sport:[tennis]
update,f8c2434e-47dd-48e4-a27c-12b1f92db243,227416665,directory,Bưu điện Ciputra,hn,2,21.07305565,105.804573520813,hn_phuthuong,Quận Tây Hồ,contains,2,pitch,True,True,"Bưu điện Ciputra, Academy Road, Quận Tây Hồ, Thành phố Hà Nội, 10206, Việt Nam",,Academy Road,building:[yes] ;; operator:[Bưu điện Trung tâm 1] ;; leisure:[pitch] ;; sport:[basketball]
update,56c4f832-4df0-4662-9150-76e7bbb40869,227391125,directory,Chung Cư Ciputra,hn,2,21.0740559,105.8010604,hn_phuthuong,Quận Tây Hồ,contains,,swimming_pool,False,True,"Chung Cư Ciputra, Singapore Line, Quận Tây Hồ, Thành phố Hà Nội, 10264, Việt Nam",,Singapore Line,residential:[apartments] ;; leisure:[swimming_pool]
update,7127c09b-00ad-47fd-a219-14a195843d4b,227389925,directory,E1 Ciputra,hn,2,21.0778545,105.79227599789,hn_phuthuong,Quận Bắc Từ Liêm,contains,4,pitch|swimming_pool,True,True,"E1 Ciputra, Promenade Road, Phường Xuân Đỉnh, Quận Bắc Từ Liêm, Thành phố Hà Nội, 10264, Việt Nam",,Promenade Road,"layer:[1] ;; building:levels:[21] ;; leisure:[pitch, swimming_pool] ;; sport:[tennis]"
update,b53d96a3-f79a-4feb-9b9f-40ba3ff8d715,227411841,directory,Hanoi Academy,hn,2,21.0733175,105.802933192191,hn_phuthuong,Quận Bắc Từ Liêm,contains,2,pitch,True,True,"Hanoi Academy, Ngõ 46 Xuân Đỉnh, Phường Xuân Đỉnh, Quận Bắc Từ Liêm, Thành phố Hà Nội, 10264, Việt Nam",,Ngõ 46 Xuân Đỉnh,leisure:[pitch] ;; sport:[basketball]
update,92b60752-24f4-4c01-aa31-ad38fb73b2fc,227416849,directory,Hồ bơi G2 Ciputra,hn,2,21.0708851,105.8085343,hn_phuthuong,Quận Tây Hồ,contains,,swimming_pool,False,True,"Hồ bơi G2 Ciputra, Đường Võ Chí Công, Phường Xuân La, Quận Tây Hồ, Thành phố Hà Nội, 10206, Việt Nam",,Đường Võ Chí Công,leisure:[swimming_pool]
update,f4e3495a-73a8-4a3f-b330-a3a8bd8c5d37,227400894,directory,L1 The Link Ciputra,hn,2,21.0797491,105.792016318125,hn_phuthuong,Quận Bắc Từ Liêm,contains,4,pitch,True,True,"L1 The Link Ciputra, Promenade Road, Phường Xuân Đỉnh, Quận Bắc Từ Liêm, Thành phố Hà Nội, 10264, Việt Nam",,Promenade Road,building:levels:[20] ;; leisure:[pitch] ;; sport:[tennis]
update,bbb36afe-6760-4180-84b3-7a22fcbb80f3,227390086,directory,L4 The Link Ciputra,hn,2,21.082154,105.792119483684,hn_phuthuong,Quận Bắc Từ Liêm,contains,,swimming_pool,False,True,"L4 The Link Ciputra, Promenade Road, Phường Xuân Đỉnh, Quận Bắc Từ Liêm, Thành phố Hà Nội, 10264, Việt Nam",,Promenade Road,building:levels:[20] ;; leisure:[swimming_pool]
update,918e07f6-8a28-49d2-b37f-fe35458a3cc0,227412466,directory,L5 The Link Ciputra,hn,2,21.0827969,105.792157831689,hn_phuthuong,Quận Bắc Từ Liêm,contains,4,pitch,True,True,"L5 The Link Ciputra, Sunshine City, Quận Bắc Từ Liêm, Thành phố Hà Nội, 11909, Việt Nam",,Sunshine City,building:levels:[20] ;; leisure:[pitch] ;; sport:[tennis]
update,b7a31e30-3eaf-4a28-8623-b2b2636b526a,227390305,directory,P1 Ciputra,hn,2,21.07838625,105.793215651867,hn_phuthuong,Quận Bắc Từ Liêm,contains,4,pitch|swimming_pool,True,True,"P1 Ciputra, Promenade Road, Phường Xuân Đỉnh, Quận Bắc Từ Liêm, Thành phố Hà Nội, 10264, Việt Nam",,Promenade Road,"building:levels:[20] ;; leisure:[pitch, swimming_pool] ;; sport:[tennis]"
update,0af804e0-1a07-4c05-b0c9-32ed7c9e491f,227390337,directory,P2 Ciputra,hn,2,21.07892925,105.792934455447,hn_phuthuong,Quận Bắc Từ Liêm,contains,,swimming_pool,False,True,"P2 Ciputra, Lake Road, Phường Xuân Đỉnh, Quận Bắc Từ Liêm, Thành phố Hà Nội, 10264, Việt Nam",,Lake Road,building:levels:[20] ;; leisure:[swimming_pool]
update,e408c994-a00f-4909-9d98-6f42a13fdd6e,227412125,directory,Singapore International School,hn,2,21.07539825,105.801924009109,hn_phuthuong,Quận Tây Hồ,contains,1,pitch,True,True,"Singapore International School, Coconut Lane, Phường Phú Thượng, Quận Tây Hồ, Thành phố Hà Nội, 10206, Việt Nam",,Coconut Lane,grades:[7-12] ;; leisure:[pitch] ;; sport:[soccer]
update,e61976bc-6c32-4622-9f8e-59e55b2e5f1e,399811954,directory,Sunshine Riverside R2,hn,2,21.08380365,105.812172513192,hn_phuthuong,Quận Tây Hồ,contains,4,pitch,True,True,"Sunshine Riverside R2, Ngõ 15 An Dương Vương, Phường Phú Thượng, Quận Tây Hồ, Thành phố Hà Nội, 10206, Việt Nam",,Ngõ 15 An Dương Vương,building:levels:[34] ;; leisure:[pitch] ;; sport:[tennis]
update,f40e85db-822d-458a-a675-4c4a41c84763,227392220,directory,Trường THPT Tây Hồ,hn,2,21.0861518,105.809110681131,hn_phuthuong,Quận Tây Hồ,contains,,pitch,False,True,"Trường THPT Tây Hồ, 41, Phố Phú Thượng, Phường Phú Thượng, Quận Tây Hồ, Thành phố Hà Nội, 10206, Việt Nam",41,Phố Phú Thượng,grades:[10-12] ;; website:[http://thpt-tayho-hanoi.edu.vn] ;; leisure:[pitch]
update,e4b137b7-1b29-4957-9ebd-5119beef2172,227388852,directory,Trường Quốc tế Liên hiệp quốc Hà Nội,hn,2,21.0752511,105.807369049272,hn_phuthuong,Quận Tây Hồ,contains,1|2|4,pitch,True,True,"Trường Quốc tế Liên hiệp quốc Hà Nội, G9, D3, Quận Tây Hồ, Thành phố Hà Nội, 10206, Việt Nam",,D3,"wikidata:[Q7888445] ;; wikipedia:[en:United Nations International School of Hanoi] ;; leisure:[pitch] ;; sport:[soccer, tennis, basketball]"
update,9ae3cb6e-c7ec-4957-94d6-6e71f5ebf148,227463729,directory,Trường THCS Hợp Đồng,hn,2,20.8795993,105.699053579417,hn_quangbi,,contains,1,pitch,True,True,"Trường THCS Hợp Đồng, Đường Tỉnh 419, Thành phố Hà Nội, 13400, Việt Nam",,Đường Tỉnh 419,leisure:[pitch] ;; sport:[soccer]
update,2ea6cdb4-5034-4d7f-9e12-96b5ea0f50f6,227451195,directory,Trường Tiểu học Hợp Đồng,hn,2,20.87904875,105.698536041212,hn_quangbi,,contains,1,pitch,True,True,"Trường Tiểu học Hợp Đồng, Đường Tỉnh 419, Thành phố Hà Nội, 13400, Việt Nam",,Đường Tỉnh 419,leisure:[pitch] ;; sport:[soccer]
update,49059dcc-c498-440f-a24a-35a943743bcd,227320174,directory,Khu đô thị Quang Minh,hn,2,21.1960864947153,105.78238335962,hn_quangminh,,contains,4,pitch,True,True,"Khu đô thị Quang Minh, Thành phố Hà Nội, 12910, Việt Nam",,,leisure:[pitch] ;; sport:[tennis]
update,590a899a-d113-44b7-a4f2-0d7f7ae15a92,227361557,directory,Qua lối vào khu hành chính huyện Mê Linh 100m,hn,2,21.1854692,105.722788,hn_quangminh,,contains,,pitch,False,True,"Qua lối vào khu hành chính huyện Mê Linh 100m, Quốc lộ 23, Thành phố Hà Nội, 12910, Việt Nam",,Quốc lộ 23,bus:[yes] ;; public_transport:[platform] ;; leisure:[pitch]
update,fb8be7ee-cf8b-4d0d-a1aa-525915fe20cc,227333165,directory,Xã Đại Thịnh,hn,2,21.1909634,105.7214699,hn_quangminh,,contains,2,pitch,True,True,"Xã Đại Thịnh, Thành phố Hà Nội, 12910, Việt Nam",,,leisure:[pitch] ;; sport:[basketball]
update,c3b675a4-3422-476d-954c-6581f3fa6885,227335216,directory,Đội Thanh tra Giao thông vận tải huyện Mê Linh,hn,2,21.1856056,105.721606111862,hn_quangminh,,contains,1|4,pitch,True,True,"Đội Thanh tra Giao thông vận tải huyện Mê Linh, Đường Lê Chân, Thành phố Hà Nội, 12910, Việt Nam",,Đường Lê Chân,"building:[yes] ;; leisure:[pitch] ;; sport:[tennis, soccer]"
update,e88f6713-0d50-46ed-aa84-f3363195dd63,227448126,directory,Huyện Quốc Oai,hn,2,20.9906665765655,105.641021381811,hn_quocoai,,contains,,stadium,False,True,"Huyện Quốc Oai, Thành phố Hà Nội, 01234, Việt Nam",,,leisure:[stadium]
update,019da98b-703c-4ef7-b1f7-f8bfd1640fa8,227356119,directory,Trường THCS Sài Sơn,hn,2,21.02891325,105.643668172493,hn_quocoai,,contains,1,pitch,True,True,"Trường THCS Sài Sơn, Đường Đỗ Cảnh Thạc, Thành phố Hà Nội, 01234, Việt Nam",,Đường Đỗ Cảnh Thạc,leisure:[pitch] ;; sport:[soccer]
update,f158e420-9fcc-435f-ac4f-71725d129e81,227347611,directory,Trường THPT Phan Huy Chú - Quốc Oai,hn,2,21.01663335,105.646578763611,hn_quocoai,,contains,1,pitch,True,True,"Trường THPT Phan Huy Chú - Quốc Oai, Đường Đỗ Cảnh Thạc, Thành phố Hà Nội, 01234, Việt Nam",,Đường Đỗ Cảnh Thạc,grades:[10-12] ;; website:[https://www.c3phanhuychu.edu.vn/] ;; leisure:[pitch] ;; sport:[soccer]
update,62faf6bd-2ce5-45e1-b420-38cf5206a6cb,227473057,directory,Trường THPT Quốc Oai,hn,2,20.9916343,105.644890078047,hn_quocoai,,contains,1,pitch,True,True,"Trường THPT Quốc Oai, Đường Hoàng Xá, Thành phố Hà Nội, 01234, Việt Nam",,Đường Hoàng Xá,grades:[10-12] ;; leisure:[pitch] ;; sport:[soccer]
update,f2bed222-ee5d-46cf-a13c-f2dd79230cbc,227322900,directory,Trường Cao đẳng An ninh Nhân dân I,hn,2,21.2437959,105.853022211701,hn_socson,,contains,,pitch,False,True,"Trường Cao đẳng An ninh Nhân dân I, Đường Ngô Chi Lan, Thành phố Hà Nội, Việt Nam",,Đường Ngô Chi Lan,leisure:[pitch]
update,b7ac4707-1698-4ec7-8c96-233729bbb72a,227308660,directory,Trường THCS Tiên Dược,hn,2,21.2504282,105.850057062407,hn_socson,,contains,,pitch,False,True,"Trường THCS Tiên Dược, Đường Ngô Chi Lan, Thành phố Hà Nội, Việt Nam",,Đường Ngô Chi Lan,grades:[6-9] ;; leisure:[pitch]
update,8c97f02a-742f-4662-9419-fd8dc4b70151,227344201,directory,Trường THCS Đông Xuân,hn,2,21.21816265,105.862261322762,hn_socson,,contains,,pitch,False,True,"Trường THCS Đông Xuân, Đường 16, Thành phố Hà Nội, Việt Nam",,Đường 16,grades:[6-9] ;; leisure:[pitch]
update,d052df87-1f07-44fb-9a82-738998ba7612,227344942,directory,Trường THPT Sóc Sơn,hn,2,21.2001916,105.8413387781,hn_socson,,contains,1,pitch,True,True,"Trường THPT Sóc Sơn, Quốc lộ 2, Thành phố Hà Nội, Việt Nam",,Quốc lộ 2,grades:[10-12] ;; website:[http://thptsocson.hanoi.edu.vn] ;; leisure:[pitch] ;; sport:[soccer]
update,d1e07dc1-211b-4ac1-8515-f63089b56621,227324261,directory,Trường Đại học Thủ đô Hà Nội (cơ sở 2),hn,2,21.2491144,105.827651408667,hn_socson,,contains,4,pitch,True,True,"Trường Đại học Thủ đô Hà Nội (cơ sở 2), Đường tỉnh 131, Thành phố Hà Nội, Việt Nam",,Đường tỉnh 131,email:[banbientap@hnmu.edu.vn] ;; phone:[+84 24 3833 0708] ;; website:[https://hnmu.edu.vn/] ;; wikidata:[Q97164619] ;; wikipedia:[vi:Trường Đại học Thủ đô Hà Nội] ;; leisure:[pitch] ;; sport:[tennis]
update,8d973307-be03-4f2f-9247-5ad466f84d80,227304569,directory,Trường Đại học Điện lực (cơ sở 2),hn,2,21.2524845,105.867204392539,hn_socson,,contains,1|4,pitch,True,True,"Trường Đại học Điện lực (cơ sở 2), ĐT.131, Thành phố Hà Nội, Việt Nam",,ĐT.131,"leisure:[pitch] ;; sport:[tennis, soccer]"
update,5247d202-a269-4603-8ead-ae21cb5d44dd,227379173,directory,Chung cư Essensia,hn,2,21.0163118,105.723291166546,hn_songdong,,contains,4,pitch|swimming_pool,True,True,"Chung cư Essensia, Thành phố Hà Nội, 34000, Việt Nam",,,"leisure:[pitch, swimming_pool] ;; sport:[tennis]"
update,f2edfbc5-3078-4fe8-b9cc-39f60ba11c2d,227374084,directory,Khu đô thị Bắc An Khánh,hn,2,21.0148766776262,105.728044221831,hn_songdong,,contains,4,pitch,True,True,"Khu đô thị Bắc An Khánh, Thành phố Hà Nội, 34000, Việt Nam",,,leisure:[pitch] ;; sport:[tennis]
update,c6bb117f-28d3-4586-8929-71520b947203,227353184,directory,Phú Vinh,hn,2,21.0133753,105.7240957,hn_songdong,,contains,4,pitch,True,True,"Phú Vinh, Thành phố Hà Nội, 34000, Việt Nam",,,oneway:[yes] ;; leisure:[pitch] ;; sport:[tennis]
update,e600d914-d04f-415f-81c0-74431ab4439e,227371311,directory,St. Paul American School Hanoi,hn,2,21.018034,105.725067713904,hn_songdong,,contains,2|4,pitch,True,True,"St. Paul American School Hanoi, Đường SPLENDORA, Thành phố Hà Nội, 34000, Việt Nam",,Đường SPLENDORA,"grades:[1-12] ;; website:[https://www.stpaulhanoi.com] ;; religion:[none] ;; leisure:[pitch] ;; sport:[baseball, tennis, basketball]"
update,0435bf86-ac1f-4cd8-a6c2-f7f93b6a7ce1,227380348,directory,Trường THCS Nguyễn Văn Huyên,hn,2,21.0370408,105.700769203214,hn_songdong,,contains,1,pitch,True,True,"Trường THCS Nguyễn Văn Huyên, Đường Nguyễn Viết Thứ, Thành phố Hà Nội, 34000, Việt Nam",,Đường Nguyễn Viết Thứ,grades:[6-9] ;; leisure:[pitch] ;; sport:[soccer]
update,5d524328-a59d-47e6-81cd-777b943136eb,227387402,directory,Trường THPT Hoài Đức C,hn,2,21.0195118,105.696879751479,hn_songdong,,contains,2,pitch,True,True,"Trường THPT Hoài Đức C, Đường Nguyễn Viết Thứ, Thành phố Hà Nội, 34000, Việt Nam",,Đường Nguyễn Viết Thứ,grades:[10-12] ;; website:[http://thpthoaiducc.edu.vn/] ;; leisure:[pitch] ;; sport:[basketball]
update,9d4264e8-a403-4734-8250-8fea2ce3f0f1,227350715,directory,Xã Vân Canh,hn,2,21.0401704150427,105.726505981865,hn_songdong,,contains,1,pitch,True,True,"Xã Vân Canh, Thành phố Hà Nội, 34000, Việt Nam",,,leisure:[pitch] ;; sport:[soccer]
update,07ea8cdb-c2ec-4ba1-bf1b-16e5371e2b47,227397955,directory,,hn,2,21.0432496,105.8217837,hn_tayho,Quận Tây Hồ,contains,,sports_centre|swimming_pool,True,True,"147, Đường Thụy Khuê, Phường Thụy Khuê, Quận Tây Hồ, Thành phố Hà Nội, 10062, Việt Nam",147,Đường Thụy Khuê,"leisure:[sports_centre, swimming_pool] ;; sport:[swimming]"
update,106cba48-da94-4979-a9f4-8c65770ac195,227373785,directory,,hn,2,21.04109105,105.827659111824,hn_tayho,Quận Tây Hồ,contains,4,pitch,True,True,"32A, Đường Thụy Khuê, Phường Thụy Khuê, Quận Tây Hồ, Thành phố Hà Nội, 10287, Việt Nam",,Đường Thụy Khuê,building:levels:[3] ;; leisure:[pitch] ;; sport:[tennis]
update,412ad886-e820-408d-ab51-38734647bbad,227415289,directory,,hn,2,21.0582545924529,105.822024824987,hn_tayho,Quận Tây Hồ,contains,,swimming_pool,False,True,"Phố Đặng Thai Mai, Phường Quảng An, Quận Tây Hồ, Thành phố Hà Nội, 10231, Việt Nam",,Phố Đặng Thai Mai,surface:[asphalt] ;; lane_markings:[no] ;; leisure:[swimming_pool]
update,45c3d947-d42f-4a4b-98ce-1eda382105e1,227396278,directory,,hn,2,21.0752361042224,105.814821249515,hn_tayho,Quận Tây Hồ,contains,4,pitch,True,True,"Phường Nhật Tân, Quận Tây Hồ, Thành phố Hà Nội, 10206, Việt Nam",,,surface:[asphalt] ;; leisure:[pitch] ;; sport:[tennis]
update,71e0d7f7-11b4-4c73-8563-5fe767abe909,227396796,directory,,hn,2,21.0638178293632,105.823068232657,hn_tayho,Quận Tây Hồ,contains,4,pitch,True,True,"Phường Quảng An, Quận Tây Hồ, Thành phố Hà Nội, 10231, Việt Nam",,,leisure:[pitch] ;; sport:[tennis]
update,85153505-713f-4f0b-8b49-a58062e05290,227393755,directory,,hn,2,21.0419242,105.8207834,hn_tayho,Quận Ba Đình,contains,4,pitch,True,True,"Ngõ 189 Hoàng Hoa Thám, Phường Liễu Giai, Quận Ba Đình, Thành phố Hà Nội, 10062, Việt Nam",,Ngõ 189 Hoàng Hoa Thám,surface:[asphalt] ;; leisure:[pitch] ;; sport:[tennis]
update,88878d7b-24dc-4476-8aee-10805a5a0946,227409785,directory,,hn,2,21.04111765,105.827579966628,hn_tayho,Quận Tây Hồ,contains,4,pitch,True,True,"34, Đường Thụy Khuê, Phường Thụy Khuê, Quận Tây Hồ, Thành phố Hà Nội, 10287, Việt Nam",34,Đường Thụy Khuê,building:levels:[3] ;; leisure:[pitch] ;; sport:[tennis]
update,a9803677-1d06-44b0-9749-99e21e460155,227417262,directory,,hn,2,21.0671896828835,105.821515658687,hn_tayho,Quận Tây Hồ,contains,4,pitch,True,True,"Phường Quảng An, Quận Tây Hồ, Thành phố Hà Nội, 10201, Việt Nam",,,leisure:[pitch] ;; sport:[tennis]
update,cd012860-1ec0-4ff6-aaa4-0274c9bd8ad9,227409980,directory,British Council Thuỵ Khuê,hn,2,21.0416258,105.8281738,hn_tayho,Quận Tây Hồ,contains,,sports_centre,True,True,"British Council Thuỵ Khuê, 20, Đường Thụy Khuê, Phường Thụy Khuê, Quận Tây Hồ, Thành phố Hà Nội, 10287, Việt Nam",20,Đường Thụy Khuê,"operator:[British Council] ;; wheelchair:[limited] ;; language:en:[yes] ;; opening_hours:[Mo-Fr 08:30-20:00, Sa,Su 08:30-00:30,13:30-18:00, PH off] ;; operator:type:[insitution] ;; leisure:[sports_centre] ;; sport:[swimming]"
update,17a53f78-9c06-4b76-85f0-e6e2ae1050e7,227394707,directory,Bảo hiểm xã hội quận Tây Hồ,hn,2,21.0807443,105.81676810222,hn_tayho,Quận Tây Hồ,contains,1,pitch,True,True,"Bảo hiểm xã hội quận Tây Hồ, Ngõ 699 Lạc Long Quân, Phường Phú Thượng, Quận Tây Hồ, Thành phố Hà Nội, 10206, Việt Nam",,Ngõ 699 Lạc Long Quân,building:[yes] ;; government:[social_security] ;; leisure:[pitch] ;; sport:[soccer]
update,284de982-c780-403a-b0fb-f17c985f2664,227387908,directory,Cửa Hàng Mỹ Phẩm Body And Soul,hn,2,21.0606916,105.8238098,hn_tayho,Quận Tây Hồ,contains,4,pitch,True,True,"Cửa Hàng Mỹ Phẩm Body And Soul, 5, Đặng Thai Mai, Phường Quảng An, Quận Tây Hồ, Thành phố Hà Nội, 10000, Việt Nam",5,Đặng Thai Mai,leisure:[pitch] ;; sport:[tennis]
update,87059ad6-6bba-428f-b4c1-bc2be0072d6d,227397185,directory,Elegant Suites Westlake pool,hn,2,21.0619841,105.825138953527,hn_tayho,Quận Tây Hồ,contains,,swimming_pool,False,True,"Elegant Suites Westlake pool, Ngõ 35 Đặng Thai Mai, Phường Quảng An, Quận Tây Hồ, Thành phố Hà Nội, 10231, Việt Nam",,Ngõ 35 Đặng Thai Mai,access:[customers] ;; leisure:[swimming_pool]
update,dfa5f0ad-07d6-4335-9cbb-3f03b09e0370,227400993,directory,Intercontinental Hanoi Westlake,hn,2,21.05841875,105.831561123824,hn_tayho,Quận Tây Hồ,contains,,swimming_pool,False,True,"Intercontinental Hanoi Westlake, Ngõ 58 Từ Hoa, Phường Quảng An, Quận Tây Hồ, Thành phố Hà Nội, 10202, Việt Nam",,Ngõ 58 Từ Hoa,layer:[1] ;; website:[http://hanoi.intercontinental.com/] ;; building:[yes] ;; wikidata:[Q25110775] ;; brand:wikidata:[Q1825730] ;; brand:wikipedia:[en:InterContinental] ;; wikimedia_commons:[Category:InterContinental Hanoi Westlake Hotel] ;; leisure:[swimming_pool]
update,c636dc5c-423b-4933-9945-5b1364cb281f,227388254,directory,Khách sạn Sheraton Hanoi,hn,2,21.0596713,105.831662273914,hn_tayho,Quận Tây Hồ,contains,4,pitch,True,True,"Khách sạn Sheraton Hanoi, 11, Ngõ 44 Từ Hoa, Phường Quảng An, Quận Tây Hồ, Thành phố Hà Nội, 10202, Việt Nam",11,Ngõ 44 Từ Hoa,rooms:[299] ;; building:[yes] ;; leisure:[pitch] ;; sport:[tennis]
update,0c23475e-5f77-4481-9fc0-761956127b88,227403982,directory,Khách sạn Thắng Lợi,hn,2,21.05583255,105.83332437844,hn_tayho,Quận Tây Hồ,contains,,swimming_pool,False,True,"Khách sạn Thắng Lợi, 200, Phố Yên Phụ, Phường Yên Phụ, Quận Tây Hồ, Thành phố Hà Nội, 10202, Việt Nam",200,Phố Yên Phụ,website:[https://thangloihotel.brghospitality.vn/] ;; building:[yes] ;; building:levels:[2] ;; leisure:[swimming_pool]
update,41996eaa-4b3f-4b03-8986-5fe4d58a8814,227393989,directory,Làng Hoa Thụy Khuê,hn,2,21.0417317444845,105.827263450856,hn_tayho,Quận Tây Hồ,contains,,pitch|sports_centre|swimming_pool,True,True,"Làng Hoa Thụy Khuê, Quận Tây Hồ, Thành phố Hà Nội, 10287, Việt Nam",,,"access:[private] ;; oneway:[no] ;; surface:[asphalt] ;; maxspeed:[10] ;; motorcar:[no] ;; leisure:[sports_centre, pitch, swimming_pool] ;; sport:[swimming]"
update,96f4498c-c974-4142-8277-b28903e0e00a,227404944,directory,Osihi,hn,2,21.0675537,105.8212455,hn_tayho,Quận Tây Hồ,contains,4,sports_centre,True,True,"Osihi, Đường Tô Ngọc Vân, Phường Quảng An, Quận Tây Hồ, Thành phố Hà Nội, 10201, Việt Nam",,Đường Tô Ngọc Vân,cuisine:[japanese] ;; leisure:[sports_centre] ;; sport:[tennis]
update,22ddefcc-aacf-41cd-8a55-e8bfb542e4bb,227373010,directory,Park Resident,hn,2,21.04222085,105.830011929243,hn_tayho,Quận Tây Hồ,contains,4,pitch,True,True,"Park Resident, Đường Thụy Khuê, Phường Thụy Khuê, Quận Tây Hồ, Thành phố Hà Nội, 10287, Việt Nam",,Đường Thụy Khuê,building:levels:[7] ;; leisure:[pitch] ;; sport:[tennis]
update,6b379612-2051-4c0b-b6e3-9f4a9d4f957d,227372457,directory,Somerset West Lake Hà Nội,hn,2,21.04408295,105.818423370617,hn_tayho,Quận Tây Hồ,contains,,swimming_pool,False,True,"Somerset West Lake Hà Nội, Ngõ 256 Đường Thụy Khuê, Phường Thụy Khuê, Quận Tây Hồ, Thành phố Hà Nội, 10062, Việt Nam",,Ngõ 256 Đường Thụy Khuê,landuse:[commercial] ;; leisure:[swimming_pool]
update,f726021d-e2e2-4d0c-a33e-1bd7a318d359,227422265,directory,Sân Bóng đá Quảng An,hn,2,21.0646163,105.826261160218,hn_tayho,Quận Tây Hồ,contains,1,pitch,True,True,"Sân Bóng đá Quảng An, Ngõ 6 Đặng Thai Mai, Phường Quảng An, Quận Tây Hồ, Thành phố Hà Nội, 11207, Việt Nam",,Ngõ 6 Đặng Thai Mai,sport:[soccer] ;; leisure:[pitch]
update,b10615b0-fdf5-455a-ae86-0f7181951514,227401002,directory,The Hanoi Club Hotel & Residences,hn,2,21.0520947,105.836695178889,hn_tayho,Quận Tây Hồ,contains,4,pitch|swimming_pool,True,True,"The Hanoi Club Hotel & Residences, 76, Phố Yên Phụ, Phường Yên Phụ, Quận Tây Hồ, Thành phố Hà Nội, 10266, Việt Nam",76,Phố Yên Phụ,"bar:[yes] ;; fax:[+84 24 38 238 390] ;; email:[enquiry@thehanoiclub.com] ;; phone:[+84 24 3823 8115] ;; rooms:[88] ;; stars:[4] ;; website:[https://www.thehanoiclub.com/] ;; building:[yes] ;; payment:jcb:[yes] ;; reservation:[yes] ;; payment:visa:[yes] ;; building:levels:[7] ;; air_conditioning:[yes] ;; contact:facebook:[https://www.facebook.com/TheHanoiClub/] ;; payment:unionpay:[yes] ;; payment:mastercard:[yes] ;; payment:diners_club:[yes] ;; payment:american_express:[yes] ;; leisure:[pitch, swimming_pool] ;; sport:[tennis]"
update,64d82c20-5cbf-484b-84c7-d5929ce79753,227394472,directory,Trade Union,hn,2,21.0676946,105.821025957392,hn_tayho,Quận Tây Hồ,contains,,swimming_pool,False,True,"Trade Union, Ngõ 94 Đường Tô Ngọc Vân, Phường Quảng An, Quận Tây Hồ, Thành phố Hà Nội, 10201, Việt Nam",,Ngõ 94 Đường Tô Ngọc Vân,leisure:[swimming_pool]
update,c9583f37-8196-447b-b8bd-0a169dc29372,227400546,directory,Trung đoàn 375 - Bộ Tư lệnh Cảnh vệ,hn,2,21.04130035,105.829836624326,hn_tayho,Quận Tây Hồ,contains,3,pitch,True,True,"Trung đoàn 375 - Bộ Tư lệnh Cảnh vệ, 19, Đường Thụy Khuê, Phường Thụy Khuê, Quận Tây Hồ, Thành phố Hà Nội, 10287, Việt Nam",19,Đường Thụy Khuê,police:[barracks] ;; landuse:[military] ;; operator:[Bộ Tư lệnh Cảnh vệ] ;; military_service:[army] ;; leisure:[pitch] ;; sport:[badminton]
update,1c048ef9-111a-4f57-8602-bb94cdcf7bcd,227422181,directory,Trường Song ngữ Quốc tế Horizon,hn,2,21.0663701,105.8215935,hn_tayho,Quận Tây Hồ,contains,4,pitch,True,True,"Trường Song ngữ Quốc tế Horizon, Phố Quảng Bá, Phường Quảng An, Quận Tây Hồ, Thành phố Hà Nội, 10201, Việt Nam",,Phố Quảng Bá,leisure:[pitch] ;; sport:[tennis]
update,3b26d2bf-8a90-409b-9397-84b639cdb783,227373204,directory,Trường Trung học phổ thông chuyên Chu Văn An,hn,2,21.0431266,105.83200715,hn_tayho,Quận Tây Hồ,contains,1|2|3|4,pitch,True,True,"Trường Trung học phổ thông chuyên Chu Văn An, 10, Đường Thụy Khuê, Phường Thụy Khuê, Quận Tây Hồ, Thành phố Hà Nội, 10287, Việt Nam",10,Đường Thụy Khuê,"email:[c3chuvanan@hanoiedu.vn] ;; phone:[+84-4-38233139] ;; grades:[10-12] ;; website:[https://c3chuvanan.edu.vn/] ;; capacity:[2000] ;; operator:[Sở Giáo dục và Đào tạo Hà Nội] ;; religion:[none] ;; wikidata:[Q5115169] ;; wikipedia:[vi:Trường Trung học phổ thông Chu Văn An, Hà Nội] ;; start_date:[1908] ;; wheelchair:[limited] ;; operator:type:[government] ;; wikimedia_commons:[Category:Chu Văn An High School] ;; leisure:[pitch] ;; sport:[basketball, tennis, soccer, badminton]"
update,ba6ca92b-5a21-4477-b493-50e563f07b99,227381149,directory,Viện Nghiên cứu Da - Giày,hn,2,21.04191805,105.822334967473,hn_tayho,Quận Tây Hồ,contains,,swimming_pool,False,True,"Viện Nghiên cứu Da - Giày, Ngõ 125 Thụy Khuê, Phường Thụy Khuê, Quận Tây Hồ, Thành phố Hà Nội, 10287, Việt Nam",,Ngõ 125 Thụy Khuê,landuse:[commercial] ;; leisure:[swimming_pool]
update,64d9a6b5-2b71-4248-a656-c22774aa7cda,399462195,directory,YNOT,hn,2,21.0602857,105.8307796,hn_tayho,Quận Tây Hồ,contains,,swimming_pool,False,True,"YNOT, 27, Ngõ 44 Từ Hoa, Phường Quảng An, Quận Tây Hồ, Thành phố Hà Nội, 10202, Việt Nam",27,Ngõ 44 Từ Hoa,phone:[+84 4 37 18 81 48] ;; check_date:[2019-07-08] ;; opening_hours:[09:00-19:00] ;; leisure:[swimming_pool]
update,124b0065-5c13-4edd-8400-ce330bf909e4,227379770,directory,Đình Yên Phụ,hn,2,21.0521204,105.836121632157,hn_tayho,Quận Tây Hồ,contains,4,pitch,True,True,"Đình Yên Phụ, Phố Vũ Miên, Phường Yên Phụ, Quận Tây Hồ, Thành phố Hà Nội, 10266, Việt Nam",,Phố Vũ Miên,religion:[vietnamese_folk] ;; leisure:[pitch] ;; sport:[tennis]
update,3b96f095-2668-4c34-a5a0-118531e9bb62,227374536,directory,,hn,2,21.003052,105.7414207,hn_taymo,Quận Nam Từ Liêm,contains,4,pitch,True,True,"Ngõ 91 Cầu Cốc, Phường Tây Mỗ, Quận Nam Từ Liêm, Thành phố Hà Nội, 10070, Việt Nam",,Ngõ 91 Cầu Cốc,motorcycle:[yes] ;; motor_vehicle:[no] ;; leisure:[pitch] ;; sport:[tennis]
update,48aa9691-e60f-446a-b188-aff1ff3623d1,227354130,directory,,hn,2,21.0036755,105.7422937,hn_taymo,Quận Nam Từ Liêm,contains,4,pitch,True,True,"4, Ngõ 67 Phố Cầu Cốc, Phường Tây Mỗ, Quận Nam Từ Liêm, Thành phố Hà Nội, 10070, Việt Nam",4,Ngõ 67 Phố Cầu Cốc,leisure:[pitch] ;; sport:[tennis]
update,6257c2b8-79cf-4269-9042-d394f44ea4d2,227370767,directory,,hn,2,21.0032688,105.7416587,hn_taymo,Quận Nam Từ Liêm,contains,4,pitch,True,True,"Ngõ 85 Cầu Cốc, Phường Tây Mỗ, Quận Nam Từ Liêm, Thành phố Hà Nội, 10070, Việt Nam",,Ngõ 85 Cầu Cốc,surface:[asphalt] ;; motorcycle:[yes] ;; motor_vehicle:[no] ;; leisure:[pitch] ;; sport:[tennis]
update,679a092a-cf29-4d5c-b211-323a9b0674e6,227352246,directory,,hn,2,21.0064145,105.737137955789,hn_taymo,Quận Nam Từ Liêm,contains,2|4,pitch,True,True,"S2.05, Đường Vạn Xuân, Phường Tây Mỗ, Quận Nam Từ Liêm, Thành phố Hà Nội, 34000, Việt Nam",,Đường Vạn Xuân,"building:levels:[34] ;; leisure:[pitch] ;; sport:[tennis, basketball]"
update,bd2c495d-cf1c-4961-992a-7dc2d7db811d,227469480,directory,,hn,2,20.9996064,105.7587585,hn_taymo,Quận Nam Từ Liêm,contains,4,pitch,True,True,"Ngõ 78 Đường Quang Tiến, Phường Đại Mỗ, Quận Nam Từ Liêm, Thành phố Hà Nội, 10070, Việt Nam",,Ngõ 78 Đường Quang Tiến,surface:[concrete] ;; motorcycle:[yes] ;; motor_vehicle:[no] ;; leisure:[pitch] ;; sport:[tennis]
update,da746dbc-1604-4ea4-9b2a-03935a34ea7c,227381401,directory,,hn,2,21.0002329,105.7592358,hn_taymo,Quận Nam Từ Liêm,contains,2|4,pitch,True,True,"Ngõ 115 Đường Quang Tiến, Phường Đại Mỗ, Quận Nam Từ Liêm, Thành phố Hà Nội, 10070, Việt Nam",,Ngõ 115 Đường Quang Tiến,"surface:[concrete] ;; motorcycle:[yes] ;; motor_vehicle:[no] ;; leisure:[pitch] ;; sport:[basketball, tennis]"
update,062c6dad-647c-4305-8f15-c9004bfac4ab,227352952,directory,Alpha School,hn,2,21.0075615,105.735029923345,hn_taymo,,contains,1|2|3,pitch,True,True,"Alpha School, Thành phố Hà Nội, 34000, Việt Nam",,,"email:[lienhe@alphaschool.edu.vn] ;; phone:[+84 1900 7330] ;; grades:[1-12] ;; website:[https://alphaschool.edu.vn/] ;; leisure:[pitch] ;; sport:[soccer, basketball, badminton]"
update,765da859-91b1-44e3-a688-825b87c90d58,227353601,directory,Bể bơi nội khu S4,hn,2,21.0034719,105.7406458,hn_taymo,Quận Nam Từ Liêm,contains,4,pitch,True,True,"Bể bơi nội khu S4, Đường Đại Việt, Phường Tây Mỗ, Quận Nam Từ Liêm, Thành phố Hà Nội, 10070, Việt Nam",,Đường Đại Việt,bus:[yes] ;; public_transport:[platform] ;; leisure:[pitch] ;; sport:[tennis]
update,d5dbde0e-b52a-4b75-919b-84dc3d5a5f31,227414667,directory,Công an phường Tây Mỗ,hn,2,21.0061332,105.743895824588,hn_taymo,Quận Nam Từ Liêm,contains,2,pitch,True,True,"Công an phường Tây Mỗ, Ngõ 45 Cầu Cốc, Phường Tây Mỗ, Quận Nam Từ Liêm, Thành phố Hà Nội, 10070, Việt Nam",,Ngõ 45 Cầu Cốc,leisure:[pitch] ;; sport:[basketball]
update,f22225f0-105a-4c7b-8924-a5d356a51afa,227354024,directory,GS1,hn,2,21.00553655,105.737163547816,hn_taymo,Quận Nam Từ Liêm,contains,2,pitch|swimming_pool,True,True,"GS1, Đường Văn Lang, Phường Tây Mỗ, Quận Nam Từ Liêm, Thành phố Hà Nội, 34000, Việt Nam",,Đường Văn Lang,"building:levels:[39] ;; leisure:[pitch, swimming_pool] ;; sport:[basketball]"
update,f2015aca-ab48-41fc-9f17-f18579c9df0b,227380813,directory,GS2,hn,2,21.00476395,105.737707920779,hn_taymo,Quận Nam Từ Liêm,contains,2|4,pitch,True,True,"GS2, Đường Văn Lang, Phường Tây Mỗ, Quận Nam Từ Liêm, Thành phố Hà Nội, 34000, Việt Nam",,Đường Văn Lang,"building:levels:[38] ;; leisure:[pitch] ;; sport:[tennis, volleyball, basketball]"
update,6a95363e-4269-4df7-bec9-b685f5772f49,227373403,directory,GS3,hn,2,21.0042032,105.737270452897,hn_taymo,Quận Nam Từ Liêm,contains,4,pitch,True,True,"GS3, Đường Văn Lang, Phường Tây Mỗ, Quận Nam Từ Liêm, Thành phố Hà Nội, 34000, Việt Nam",,Đường Văn Lang,building:levels:[39] ;; leisure:[pitch] ;; sport:[tennis]
update,fca9948b-5f3e-4903-80e8-1b2d212aa34b,227352698,directory,Nhà mẫu Masteri West Heights,hn,2,21.0058541,105.749996782962,hn_taymo,Quận Nam Từ Liêm,contains,2,pitch,True,True,"Nhà mẫu Masteri West Heights, Ngõ 8 Đường Tây Mỗ, Phường Tây Mỗ, Quận Nam Từ Liêm, Thành phố Hà Nội, 10070, Việt Nam",,Ngõ 8 Đường Tây Mỗ,building:[yes] ;; leisure:[pitch] ;; sport:[basketball]
update,67521295-c70b-46da-86f7-6d60298aeca4,227440976,directory,Parking Zone 3,hn,2,20.99757345,105.737992906153,hn_taymo,,contains,4,pitch,True,True,"Parking Zone 3, Đường Hoàng Tùng, Thành phố Hà Nội, 10070, Việt Nam",,Đường Hoàng Tùng,"parking:[multi-storey] ;; building:[yes] ;; building:levels:[10] ;; leisure:[pitch] ;; sport:[volleyball, tennis]"
update,a9cc4d73-d5db-4476-9c7b-1696e49bf229,227379113,directory,S1.02,hn,2,21.00875255,105.739081649235,hn_taymo,Quận Nam Từ Liêm,contains,2,pitch,True,True,"S1.02, Đường Văn Lang, Quận Nam Từ Liêm, Thành phố Hà Nội, 34000, Việt Nam",,Đường Văn Lang,building:levels:[34] ;; leisure:[pitch] ;; sport:[basketball]
update,7f178c4b-949e-451b-a3c3-a1548a6979dd,227374179,directory,S1.03,hn,2,21.00792745,105.738865509669,hn_taymo,Quận Nam Từ Liêm,contains,2|4,pitch,True,True,"S1.03, Đường Văn Lang, Quận Nam Từ Liêm, Thành phố Hà Nội, 34000, Việt Nam",,Đường Văn Lang,"building:levels:[35] ;; leisure:[pitch] ;; sport:[tennis, basketball]"
update,79b7d5b1-c104-419f-8aa3-f61c0c048533,227372520,directory,S1.06,hn,2,21.00839475,105.737581373162,hn_taymo,Quận Nam Từ Liêm,contains,,swimming_pool,False,True,"S1.06, Đường Vạn Xuân, Phường Tây Mỗ, Quận Nam Từ Liêm, Thành phố Hà Nội, 34000, Việt Nam",,Đường Vạn Xuân,building:levels:[34] ;; leisure:[swimming_pool]
update,c6a02bad-60f6-4a1a-841f-9251417009e5,227362265,directory,S2.03,hn,2,21.0061163,105.738010143952,hn_taymo,Quận Nam Từ Liêm,contains,2|4,pitch,True,True,"S2.03, Đường Văn Lang, Phường Tây Mỗ, Quận Nam Từ Liêm, Thành phố Hà Nội, 34000, Việt Nam",,Đường Văn Lang,"building:levels:[34] ;; leisure:[pitch] ;; sport:[tennis, basketball, table_tennis]"
update,3b272b25-decd-49be-a9c8-f64f5511f3fd,227380891,directory,S4.03,hn,2,21.0039281,105.740211417954,hn_taymo,Quận Nam Từ Liêm,contains,4,pitch|swimming_pool,True,True,"S4.03, Đường Đại Việt, Phường Tây Mỗ, Quận Nam Từ Liêm, Thành phố Hà Nội, 10070, Việt Nam",,Đường Đại Việt,"building:levels:[35] ;; leisure:[pitch, swimming_pool] ;; sport:[tennis]"
update,b581b890-10f3-40e2-a36c-ec6201cc7dd4,227363811,directory,Trung tâm Văn hoá Thế thao phường Tây Mỗ,hn,2,21.00636005,105.743589264353,hn_taymo,Quận Nam Từ Liêm,contains,1,pitch,True,True,"Trung tâm Văn hoá Thế thao phường Tây Mỗ, Ngõ 45 Cầu Cốc, Phường Tây Mỗ, Quận Nam Từ Liêm, Thành phố Hà Nội, 10070, Việt Nam",,Ngõ 45 Cầu Cốc,community_centre:[cultural_centre] ;; leisure:[pitch] ;; sport:[soccer]
update,82604631-bb0d-4214-8b74-2e66c70cb794,227372852,directory,Trường Mầm non Lômônôxốp An Khánh,hn,2,21.006889,105.733330554611,hn_taymo,,contains,1,pitch,True,True,"Trường Mầm non Lômônôxốp An Khánh, Thành phố Hà Nội, 34000, Việt Nam",,,phone:[+84 24 6326 5917] ;; mobile:[+84 97 180 2340] ;; website:[https://lomonoxop.vn/] ;; preschool:[yes] ;; leisure:[pitch] ;; sport:[soccer]
update,47873246-ba94-40c3-95b0-4bdef955907c,227353422,directory,Trường THCS Tây Mỗ,hn,2,21.0065565,105.744629010078,hn_taymo,Quận Nam Từ Liêm,contains,1|2,pitch,True,True,"Trường THCS Tây Mỗ, Ngõ 45 Cầu Cốc, Phường Tây Mỗ, Quận Nam Từ Liêm, Thành phố Hà Nội, 10070, Việt Nam",,Ngõ 45 Cầu Cốc,"phone:[+842438390045] ;; grades:[6-9] ;; leisure:[pitch] ;; sport:[soccer, basketball]"
update,782caa3d-60f0-463b-a301-6eee4a5851b0,227414995,directory,Trường THPT Đại Mỗ,hn,2,21.00206,105.756134283459,hn_taymo,Quận Nam Từ Liêm,contains,1,pitch,True,True,"Trường THPT Đại Mỗ, Ngõ 52 Đường Quang Tiến, Phường Đại Mỗ, Quận Nam Từ Liêm, Thành phố Hà Nội, 10070, Việt Nam",,Ngõ 52 Đường Quang Tiến,grades:[10-12] ;; website:[http://thptdaimo.edu.vn] ;; leisure:[pitch] ;; sport:[soccer]
update,1f4465da-2a36-4bac-a17f-c72897ba8adf,227370660,directory,Trường Tiểu học & Trung học Vinschool,hn,2,21.00398435,105.739211510473,hn_taymo,Quận Nam Từ Liêm,contains,1|2|4,pitch,True,True,"Trường Tiểu học & Trung học Vinschool, Đại Việt 3, Phường Tây Mỗ, Quận Nam Từ Liêm, Thành phố Hà Nội, 10070, Việt Nam",,Đại Việt 3,"leisure:[pitch] ;; sport:[soccer, basketball, tennis]"
update,12353b9b-e3c2-45d8-a1b1-a9ef05ea92c7,227353754,directory,VinFast,hn,2,21.0029381,105.7407158,hn_taymo,Quận Nam Từ Liêm,contains,4,pitch,True,True,"VinFast, Đường Đại Việt, Phường Tây Mỗ, Quận Nam Từ Liêm, Thành phố Hà Nội, 10070, Việt Nam",,Đường Đại Việt,fee:[yes] ;; access:[yes] ;; operator:[VinFast] ;; brand:wikidata:[Q56660561] ;; operator:wikidata:[Q56660561] ;; leisure:[pitch] ;; sport:[tennis]
update,d0d697bb-02ba-440c-81b4-7cc259983d2b,227375943,directory,Vincom Mega Mall Smart City,hn,2,21.00588365,105.754505300276,hn_taymo,Quận Nam Từ Liêm,contains,,swimming_pool,False,True,"Vincom Mega Mall Smart City, Ngõ 9, Phường Tây Mỗ, Quận Nam Từ Liêm, Thành phố Hà Nội, 10070, Việt Nam",,Ngõ 9,email:[v.cskh-vmmsmartcity@vincom.com.vn] ;; phone:[+84 862238766] ;; toilets:[yes] ;; website:[https://vincom.com.vn/vincom-mega-mall-smart-city] ;; building:[yes] ;; operator:[Vincom Retail] ;; stroller:[yes] ;; start_date:[2022-04-28] ;; wheelchair:[yes] ;; opening_hours:[Mo-Su 10:00-21:30] ;; building:levels:[3] ;; internet_access:[wlan] ;; air_conditioning:[yes] ;; internet_access:fee:[no] ;; internet_access:ssid:[#Vincom - S-wifi Free] ;; leisure:[swimming_pool]
update,2afb60e5-1167-4637-a788-82d4fa547cd5,227375229,directory,Vinhomes Green Villas,hn,2,21.0004423296291,105.760174842537,hn_taymo,Quận Nam Từ Liêm,contains,2|4,pitch,True,True,"Vinhomes Green Villas, Quận Nam Từ Liêm, Thành phố Hà Nội, 10070, Việt Nam",,,"lanes:[4] ;; leisure:[pitch] ;; sport:[basketball, tennis]"
update,40b289f4-978d-4a77-980a-36a34d5d8501,227359357,directory,Vinhomes Smart City,hn,2,21.0043678042711,105.741378887802,hn_taymo,Quận Nam Từ Liêm,contains,4,pitch,True,True,"Vinhomes Smart City, Quận Nam Từ Liêm, Thành phố Hà Nội, 10070, Việt Nam",,,lit:[yes] ;; lanes:[4] ;; surface:[asphalt] ;; junction:[roundabout] ;; leisure:[pitch] ;; sport:[tennis]
update,fd2b52d1-4d69-49b7-ba46-661041471c16,227353584,directory,Đối diện Trường THCS Tây Mỗ,hn,2,21.0060331,105.7448981,hn_taymo,Quận Nam Từ Liêm,contains,2|3,pitch,True,True,"Đối diện Trường THCS Tây Mỗ, Ngõ 45 Cầu Cốc, Phường Tây Mỗ, Quận Nam Từ Liêm, Thành phố Hà Nội, 10070, Việt Nam",,Ngõ 45 Cầu Cốc,"bus:[yes] ;; public_transport:[platform] ;; leisure:[pitch] ;; sport:[basketball, badminton]"
update,12f54043-c328-4a7a-86cc-ae15e7255d7a,227371948,directory,Trường Đại học Công nghiệp Việt-Hung (cơ sở Thạch Thất),hn,2,21.0202903,105.607354378043,hn_tayphuong,,contains,1,pitch,True,True,"Trường Đại học Công nghiệp Việt-Hung (cơ sở Thạch Thất), Đường tỉnh 419, Thành phố Hà Nội, 01234, Việt Nam",,Đường tỉnh 419,leisure:[pitch] ;; sport:[soccer]
update,e2bf30e3-3e8c-40e5-acbc-c9d92e918728,227374797,directory,Xã Phùng Xá,hn,2,21.0193853900533,105.612288431197,hn_tayphuong,,contains,1,pitch,True,True,"Xã Phùng Xá, Thành phố Hà Nội, 01234, Việt Nam",,,leisure:[pitch] ;; sport:[soccer]
update,de5ab998-2b7f-4f3b-9489-1f8ba06f8df6,227398114,directory,,hn,2,21.0731929098128,105.731771657285,hn_taytuu,Quận Bắc Từ Liêm,contains,1,pitch,True,True,"Phường Tây Tựu, Quận Bắc Từ Liêm, Thành phố Hà Nội, 34000, Việt Nam",,,leisure:[pitch] ;; sport:[soccer]
update,4ebd3b94-e780-4a8f-bdb4-42eff8aa2c48,227372289,directory,A6,hn,2,21.0552408,105.735187908305,hn_taytuu,Quận Bắc Từ Liêm,contains,,sports_centre,False,True,"A6, Ngõ 296 Đường Cầu Diễn, Phường Minh Khai, Quận Bắc Từ Liêm, Thành phố Hà Nội, 34000, Việt Nam",,Ngõ 296 Đường Cầu Diễn,building:[yes] ;; leisure:[sports_centre]
update,f7a28d24-cc43-4f20-bb79-ca9a71bf0f19,227372548,directory,Trường THPT Tây Đô,hn,2,21.06647735,105.74137758666,hn_taytuu,Quận Bắc Từ Liêm,contains,,pitch,False,True,"Trường THPT Tây Đô, Đường Phú Minh, Phường Minh Khai, Quận Bắc Từ Liêm, Thành phố Hà Nội, 12500, Việt Nam",,Đường Phú Minh,leisure:[pitch]
update,1962a8d2-4caa-44f7-aa7e-26b296d728f9,227370097,directory,Trường Tiểu học Minh Khai A,hn,2,21.0510299,105.742631986338,hn_taytuu,Quận Bắc Từ Liêm,contains,2,pitch,True,True,"Trường Tiểu học Minh Khai A, Ngõ 1 Phố Ngọa Long, Phường Minh Khai, Quận Bắc Từ Liêm, Thành phố Hà Nội, 34000, Việt Nam",,Ngõ 1 Phố Ngọa Long,leisure:[pitch] ;; sport:[basketball]
update,15e38806-1174-4d24-9a36-40bc835f5cbd,227372947,directory,Trường Đại học Công nghiệp Hà Nội,hn,2,21.0542531,105.735039031895,hn_taytuu,Quận Bắc Từ Liêm,contains,4,pitch,True,True,"Trường Đại học Công nghiệp Hà Nội, 298, Đường Cầu Diễn, Phường Minh Khai, Quận Bắc Từ Liêm, Thành phố Hà Nội, 34000, Việt Nam",298,Đường Cầu Diễn,operator:[Bộ Công Thương] ;; wikidata:[Q16892082] ;; wikipedia:[vi:Trường Đại học Công nghiệp Hà Nội] ;; operator:type:[public/government] ;; leisure:[pitch] ;; sport:[tennis]
update,46e37f14-2547-4b15-9d60-5e70017c4f80,227406221,directory,,hn,2,21.0548393954207,105.57962880245,hn_thachthat,,contains,,stadium,False,True,"Đường tỉnh 419, Thành phố Hà Nội, Việt Nam",,Đường tỉnh 419,foot:[yes] ;; lanes:[2] ;; oneway:[yes] ;; surface:[asphalt] ;; leisure:[stadium]
update,11ba7f76-713c-4920-9145-dcdf35c18818,227345531,directory,Nhà thi đấu huyện Thạch Thất,hn,2,21.05597745,105.579581012736,hn_thachthat,,contains,,sports_centre,False,True,"Nhà thi đấu huyện Thạch Thất, Đường tỉnh 419, Thành phố Hà Nội, Việt Nam",,Đường tỉnh 419,building:[yes] ;; leisure:[sports_centre]
update,08f7d6c5-78ba-4cb8-8ba2-514f5ea97f9f,227345072,directory,Trường THCS Thạch Thất,hn,2,21.05380275,105.58229151264,hn_thachthat,,contains,,pitch,False,True,"Trường THCS Thạch Thất, Cầu Đồng Mô II, Thành phố Hà Nội, Việt Nam",,Cầu Đồng Mô II,grades:[6-9] ;; leisure:[pitch]
update,0502797d-bad3-4c78-8e5d-456d0df81c39,227431847,directory,,hn,2,20.968420973667,105.805321880232,hn_thanhliet,,contains,1,pitch,True,True,"Đường Phạm Tu, Thành phố Hà Nội, 10136, Việt Nam",,Đường Phạm Tu,lit:[yes] ;; lanes:[2] ;; oneway:[yes] ;; leisure:[pitch] ;; sport:[soccer]
update,6effa841-6a12-4ffc-a410-375a83e24d12,227463265,directory,,hn,2,20.9617902100928,105.808649371384,hn_thanhliet,,contains,4,pitch,True,True,"Đường Số 1, Thành phố Hà Nội, 10136, Việt Nam",,Đường Số 1,oneway:[yes] ;; leisure:[pitch] ;; sport:[tennis]
update,a1853148-d994-43a7-9e96-4c7e389839c8,227454761,directory,,hn,2,20.9577275,105.810063,hn_thanhliet,,contains,1,pitch,True,True,"926, Đường Kim Giang, Thành phố Hà Nội, 10136, Việt Nam",926,Đường Kim Giang,leisure:[pitch] ;; sport:[soccer]
update,e49c8156-6729-44df-a8be-57871d3baa80,227438026,directory,,hn,2,20.983069223489,105.806594111479,hn_thanhliet,,contains,3,,True,True,"Ngõ 286 Nguyễn Xiển, Thành phố Hà Nội, 10135, Việt Nam",,Ngõ 286 Nguyễn Xiển,sport:[badminton]
update,c73c91a3-d847-4bfa-aa4e-ef66762bdf6f,227439746,directory,Bể bơi Eco Dream,hn,2,20.980623,105.8066965,hn_thanhliet,,contains,,swimming_pool,False,True,"Bể bơi Eco Dream, Ngõ 300 Nguyễn Xiển, Phường Đại Kim, Thành phố Hà Nội, 10135, Việt Nam",,Ngõ 300 Nguyễn Xiển,access:[yes] ;; location:[outdoor] ;; leisure:[swimming_pool]
update,44c38da1-b356-4340-b034-91eed83bd6b0,227441443,directory,CT1 Eco-Green City,hn,2,20.98306355,105.807520260484,hn_thanhliet,,contains,3,,True,True,"CT1 Eco-Green City, Ngõ 286 Nguyễn Xiển, Thành phố Hà Nội, 10135, Việt Nam",,Ngõ 286 Nguyễn Xiển,building:levels:[35] ;; sport:[badminton]
update,de448c43-ed83-431f-a54a-ca76ca0c6ca4,227442508,directory,Học viện Kỹ thuật Mật mã,hn,2,20.9808209,105.796075407483,hn_thanhliet,Quận Hà Đông,contains,1,pitch,True,True,"Học viện Kỹ thuật Mật mã, Ngõ 115 Chiến Thắng, Phường Văn Quán, Quận Hà Đông, Thành phố Hà Nội, 12011, Việt Nam",,Ngõ 115 Chiến Thắng,leisure:[pitch] ;; sport:[soccer]
update,5177d0c1-87ba-4b38-b1bb-1b01c4e09772,227435626,directory,Rue de Charme,hn,2,20.9845523,105.803424,hn_thanhliet,,contains,3,,True,True,"Rue de Charme, Thành phố Hà Nội, 10136, Việt Nam",,,sport:[badminton]
update,3d69caae-5fbd-4614-914d-eab1bb8d6570,400558746,directory,Sân bóng đá AKKA,hn,2,20.9666554,105.8021192,hn_thanhliet,,contains,1,,True,True,"Sân bóng đá AKKA, 68, Đường Phạm Tu, Thành phố Hà Nội, 10136, Việt Nam",68,Đường Phạm Tu,sport:[soccer]
update,5fb41c5a-d183-4a8f-86a0-ab87f79110a4,227455701,directory,Trường THCS Thanh Liệt,hn,2,20.9660248,105.815956271981,hn_thanhliet,,contains,,pitch,False,True,"Trường THCS Thanh Liệt, Ngõ 53, Thành phố Hà Nội, 10136, Việt Nam",,Ngõ 53,grades:[6-9] ;; leisure:[pitch]
update,79b9afed-f29a-4573-a31a-078314615126,227441260,directory,Trường THCS Thanh Xuân Nam,hn,2,20.98676695,105.800743542182,hn_thanhliet,Quận Thanh Xuân,contains,1,pitch,True,True,"Trường THCS Thanh Xuân Nam, Ngõ 495 Nguyễn Trãi, Phường Thanh Xuân Bắc, Quận Thanh Xuân, Thành phố Hà Nội, 12011, Việt Nam",,Ngõ 495 Nguyễn Trãi,grades:[6-9] ;; leisure:[pitch] ;; sport:[soccer]
update,af8280cc-a0bf-4fcb-a109-8bf12eaab6c5,227460306,directory,Trường THPT Trần Hưng Đạo - Thanh Xuân,hn,2,20.9873465,105.802097281113,hn_thanhliet,Quận Thanh Xuân,contains,1,pitch,True,True,"Trường THPT Trần Hưng Đạo - Thanh Xuân, Ngõ 477 Nguyễn Trãi, Phường Thanh Xuân Bắc, Quận Thanh Xuân, Thành phố Hà Nội, 12011, Việt Nam",,Ngõ 477 Nguyễn Trãi,grades:[10-12] ;; leisure:[pitch] ;; sport:[soccer]
update,b356aa20-1555-4f0e-8296-68e2018b5012,227436227,directory,Trường Đại học Sư phạm Nghệ thuật Trung ương,hn,2,20.9831152,105.7943714199,hn_thanhliet,Quận Hà Đông,contains,1,pitch,True,True,"Trường Đại học Sư phạm Nghệ thuật Trung ương, 18, Ngõ 55 Trần Phú, Phường Văn Quán, Quận Hà Đông, Thành phố Hà Nội, 12011, Việt Nam",18,Ngõ 55 Trần Phú,wikidata:[Q10829133] ;; wikipedia:[vi:Trường Đại học Sư phạm Nghệ thuật Trung ương] ;; leisure:[pitch] ;; sport:[soccer]
update,491237e7-1335-4846-99fd-3e31d403efc5,227431021,directory,Xã Thanh Liệt,hn,2,20.9593235045463,105.808546032005,hn_thanhliet,,contains,1,pitch,True,True,"Xã Thanh Liệt, Thành phố Hà Nội, 10136, Việt Nam",,,leisure:[pitch] ;; sport:[soccer]
update,937ce84e-4bc1-4562-8013-a4d6482e9449,227435532,directory,Xã Tân Triều,hn,2,20.9826505,105.8036935,hn_thanhliet,,contains,3,,True,True,"Xã Tân Triều, Thành phố Hà Nội, 10136, Việt Nam",,,sport:[badminton]
update,52038b01-3cef-4f5b-80d4-f9d3cbaae9e6,227490951,directory,Nhà thi đấu huyện Thanh Oai,hn,2,20.8620634,105.762218290586,hn_thanhoai,,contains,,sports_centre,False,True,"Nhà thi đấu huyện Thanh Oai, Quốc lộ 21B, Thành phố Hà Nội, 10000, Việt Nam",,Quốc lộ 21B,building:[yes] ;; leisure:[sports_centre]
update,66c3704a-148c-4aa0-a733-6e4f815b28c1,227464532,directory,Sân vận động huyện Thanh Oai,hn,2,20.86344745,105.761025246522,hn_thanhoai,,contains,1|4,pitch|stadium|swimming_pool,True,True,"Sân vận động huyện Thanh Oai, Quốc lộ 21B, Thành phố Hà Nội, 10000, Việt Nam",,Quốc lộ 21B,"leisure:[stadium, pitch, swimming_pool] ;; sport:[soccer, tennis]"
update,ce3fedef-82c6-498f-8a64-d54127dc210f,227450401,directory,Sân bóng trẻ em,hn,2,20.9465662,105.87064629103,hn_thanhtri,,contains,1,pitch,True,True,"Sân bóng trẻ em, Đường mới, Thành phố Hà Nội, 12506, Việt Nam",,Đường mới,"fee:[no] ;; lit:[no] ;; sport:[soccer] ;; access:[yes] ;; surface:[ground] ;; description:[Dành cho trẻ em 
For Kids] ;; leisure:[pitch]"
update,676c657c-6a6a-4b2f-a66f-c187985e5773,227455512,directory,Trung tâm Thể dục thể thao huyện Thanh Trì,hn,2,20.94059735,105.847979674846,hn_thanhtri,,contains,1,pitch|sports_centre,True,True,"Trung tâm Thể dục thể thao huyện Thanh Trì, Đường Cổ Điển, Thành phố Hà Nội, 12506, Việt Nam",,Đường Cổ Điển,"leisure:[sports_centre, pitch] ;; sport:[soccer]"
update,a983824e-4d48-4815-8c0b-89acaea5a9ac,227453203,directory,Trường THCS Chu Vân An,hn,2,20.9379995,105.855461785321,hn_thanhtri,,contains,1,pitch,True,True,"Trường THCS Chu Vân An, Đường Cổ Điển, Thành phố Hà Nội, 12506, Việt Nam",,Đường Cổ Điển,grades:[6-9] ;; leisure:[pitch] ;; sport:[soccer]
update,b61df7d2-2f26-4bac-85ec-4d5b570537b0,227435266,directory,,hn,2,20.992981484194,105.794604133043,hn_thanhxuan,Quận Nam Từ Liêm,contains,4,pitch,True,True,"Ngõ 252 Lương Thế Vinh, Phường Trung Văn, Quận Nam Từ Liêm, Thành phố Hà Nội, 12011, Việt Nam",,Ngõ 252 Lương Thế Vinh,leisure:[pitch] ;; sport:[tennis]
update,c57fc012-5e90-4ea3-93f8-f1264c605134,227455761,directory,,hn,2,20.9925732586953,105.795891120984,hn_thanhxuan,Quận Thanh Xuân,contains,4,pitch,True,True,"Phố Vũ Hữu, Phường Thanh Xuân Bắc, Quận Thanh Xuân, Thành phố Hà Nội, 12011, Việt Nam",,Phố Vũ Hữu,oneway:[yes] ;; oneway:mofa:[no] ;; oneway:moped:[no] ;; oneway:bicycle:[no] ;; oneway:motorcycle:[no] ;; leisure:[pitch] ;; sport:[tennis]
update,db4a7e51-4a33-4c52-bb6d-883bc93def27,403760143,directory,,hn,2,21.0043096812644,105.796038857898,hn_thanhxuan,Quận Thanh Xuân,contains,1,pitch,True,True,"Phố Hoàng Ngân, Phường Nhân Chính, Quận Thanh Xuân, Thành phố Hà Nội, 10055, Việt Nam",,Phố Hoàng Ngân,lit:[yes] ;; oneway:[yes] ;; surface:[asphalt] ;; leisure:[pitch] ;; sport:[soccer]
update,dff0f632-d238-4177-b5e5-dea10ce2b010,227442082,directory,Bể bơi Chung cư Imperia Garden,hn,2,20.99748755,105.802779604114,hn_thanhxuan,Quận Thanh Xuân,contains,,swimming_pool,False,True,"Bể bơi Chung cư Imperia Garden, Ngõ 143 Nguyễn Tuân, Phường Thanh Xuân Trung, Quận Thanh Xuân, Thành phố Hà Nội, 10055, Việt Nam",,Ngõ 143 Nguyễn Tuân,access:[permissive] ;; location:[outdoor] ;; leisure:[swimming_pool]
update,e102c557-1e03-44d0-a23a-789057f9d0cd,227359974,directory,Cheong Hak Gol,hn,2,21.0037778,105.815186849498,hn_thanhxuan,Quận Thanh Xuân,contains,,swimming_pool,False,True,"Cheong Hak Gol, Hẻm 101 Ngách 1 Ngõ 72 Nguyễn Trãi, Phường Thượng Đình, Quận Thanh Xuân, Thành phố Hà Nội, 10165, Việt Nam",,Hẻm 101 Ngách 1 Ngõ 72 Nguyễn Trãi,level:[-2] ;; indoor:[yes] ;; buildingpart:[room] ;; leisure:[swimming_pool]
update,4a91deb2-f64c-40fc-b4af-0f5920e6f94e,227440641,directory,GoldSeason Autumn,hn,2,20.9950389,105.804787843792,hn_thanhxuan,Quận Thanh Xuân,contains,4,pitch,True,True,"GoldSeason Autumn, Ngõ 12 Khuất Duy Tiến, Phường Thanh Xuân Trung, Quận Thanh Xuân, Thành phố Hà Nội, 12011, Việt Nam",,Ngõ 12 Khuất Duy Tiến,building:levels:[35] ;; leisure:[pitch] ;; sport:[tennis]
update,8e9e2303-eaa2-4675-8ca1-4748ae697487,227453033,directory,GoldSeason Summer 2,hn,2,20.99458925,105.8051419,hn_thanhxuan,Quận Thanh Xuân,contains,4,pitch,True,True,"GoldSeason Summer 2, Đường Nguyễn Tuân, Quận Thanh Xuân, Thành phố Hà Nội, 10055, Việt Nam",,Đường Nguyễn Tuân,building:levels:[35] ;; leisure:[pitch] ;; sport:[tennis]
update,99bd2619-7b1e-4f9e-9c9b-8fc65fc54e0b,227380493,directory,HERO WORLD,hn,2,21.0030623,105.814213456398,hn_thanhxuan,Quận Thanh Xuân,contains,4,pitch,True,True,"HERO WORLD, Ngõ 113 Cự Lộc, Phường Thượng Đình, Quận Thanh Xuân, Thành phố Hà Nội, 10165, Việt Nam",,Ngõ 113 Cự Lộc,level:[-1] ;; indoor:[yes] ;; buildingpart:[room] ;; leisure:[pitch] ;; sport:[tennis]
update,58370274-9853-4b6a-9814-fc78e59e7be4,227359223,directory,I - Decor,hn,2,21.00319035,105.814309323071,hn_thanhxuan,Quận Thanh Xuân,contains,,swimming_pool,False,True,"I - Decor, Hẻm 101 Ngách 1 Ngõ 72 Nguyễn Trãi, Quận Thanh Xuân, Thành phố Hà Nội, 10165, Việt Nam",,Hẻm 101 Ngách 1 Ngõ 72 Nguyễn Trãi,level:[-2] ;; indoor:[yes] ;; buildingpart:[room] ;; leisure:[swimming_pool]
update,df44c95f-6a39-465b-b074-e956a4e417e2,227368375,directory,Meiwei,hn,2,21.003888,105.815360253007,hn_thanhxuan,Quận Thanh Xuân,contains,,swimming_pool,False,True,"Meiwei, Hẻm 101 Ngách 1 Ngõ 72 Nguyễn Trãi, Phường Thượng Đình, Quận Thanh Xuân, Thành phố Hà Nội, 10165, Việt Nam",,Hẻm 101 Ngách 1 Ngõ 72 Nguyễn Trãi,level:[-2] ;; indoor:[yes] ;; buildingpart:[room] ;; leisure:[swimming_pool]
update,4a435e1c-0bc9-466a-92ab-a5fccfafd74a,227359230,directory,Nhà văn hóa Thanh Xuân,hn,2,21.0019104,105.797350902607,hn_thanhxuan,Quận Thanh Xuân,contains,1|2|4,pitch|swimming_pool,True,True,"Nhà văn hóa Thanh Xuân, Đường Lê Văn Lương, Phường Nhân Chính, Quận Thanh Xuân, Thành phố Hà Nội, 10055, Việt Nam",,Đường Lê Văn Lương,"building:[yes] ;; building:levels:[3] ;; leisure:[pitch, swimming_pool] ;; sport:[soccer, tennis, basketball]"
update,9f5239da-17e4-4e8d-a71d-a12ed821859e,227439479,directory,SenTia School,hn,2,20.99414155,105.795046226869,hn_thanhxuan,Quận Nam Từ Liêm,contains,,pitch,False,True,"SenTia School, Đường TT3C Lương Thế Vinh, Phường Trung Văn, Quận Nam Từ Liêm, Thành phố Hà Nội, 12011, Việt Nam",,Đường TT3C Lương Thế Vinh,grades:[1-12] ;; leisure:[pitch]
update,728885f1-e2e9-4bdf-862a-fbcf7cb76b4e,227360237,directory,Sân Giáp Nhất,hn,2,21.00474315,105.813888088885,hn_thanhxuan,Quận Thanh Xuân,contains,1,pitch,True,True,"Sân Giáp Nhất, Hẻm 64 Ngách 1 Ngõ 72 Nguyễn Trãi, Phường Nhân Chính, Quận Thanh Xuân, Thành phố Hà Nội, 10165, Việt Nam",,Hẻm 64 Ngách 1 Ngõ 72 Nguyễn Trãi,sport:[soccer] ;; leisure:[pitch]
update,16210a5c-a804-4ce6-8b09-f61d135bdf02,227435384,directory,Sân Quần Vợt,hn,2,20.9892073,105.79849882267,hn_thanhxuan,Quận Nam Từ Liêm,contains,4,pitch,True,True,"Sân Quần Vợt, Đường Lương Thế Vinh, Phường Trung Văn, Quận Nam Từ Liêm, Thành phố Hà Nội, 12011, Việt Nam",,Đường Lương Thế Vinh,sport:[tennis] ;; leisure:[pitch]
update,2cfbe191-a0e4-42b1-883b-d6b29585cd14,227436170,directory,Trung tâm Kỹ thuật Đa ngành Nga,hn,2,20.99466405,105.802103675393,hn_thanhxuan,Quận Thanh Xuân,contains,4,pitch,True,True,"Trung tâm Kỹ thuật Đa ngành Nga, 168, Đường Khuất Duy Tiến, Phường Thanh Xuân Trung, Quận Thanh Xuân, Thành phố Hà Nội, 12011, Việt Nam",168,Đường Khuất Duy Tiến,leisure:[pitch] ;; sport:[tennis]
update,76041d0e-711c-4488-9361-aaba34f9b17b,227381243,directory,Trung tâm nghệ thuật VCCA,hn,2,21.00343855,105.814907076725,hn_thanhxuan,Quận Thanh Xuân,contains,2,pitch,True,True,"Trung tâm nghệ thuật VCCA, Hẻm 101 Ngách 1 Ngõ 72 Nguyễn Trãi, Quận Thanh Xuân, Thành phố Hà Nội, 10165, Việt Nam",,Hẻm 101 Ngách 1 Ngõ 72 Nguyễn Trãi,level:[-1] ;; indoor:[yes] ;; buildingpart:[room] ;; leisure:[pitch] ;; sport:[basketball]
update,134ac6df-c44f-48ff-9f9b-9d701e593ba8,227368252,directory,Trường Quốc tế Anh Việt Hà Nội,hn,2,21.00181105,105.815407163617,hn_thanhxuan,Quận Thanh Xuân,contains,1|2,pitch,True,True,"Trường Quốc tế Anh Việt Hà Nội, Đường Nguyễn Trãi, Phường Thượng Đình, Quận Thanh Xuân, Thành phố Hà Nội, 10165, Việt Nam",,Đường Nguyễn Trãi,"level:[0] ;; landuse:[education] ;; leisure:[pitch] ;; sport:[basketball, soccer]"
update,53bb1681-5ae3-4496-8619-17fc54322496,227437333,directory,Trường THCS Việt Nam - Angieri,hn,2,20.9916788,105.798477147116,hn_thanhxuan,Quận Thanh Xuân,contains,1,pitch,True,True,"Trường THCS Việt Nam - Angieri, 7, Nguyễn Quý Đức, Phường Thanh Xuân Bắc, Quận Thanh Xuân, Thành phố Hà Nội, 12011, Việt Nam",7,Nguyễn Quý Đức,grades:[6-9] ;; leisure:[pitch] ;; sport:[soccer]
update,816ab3c1-e423-43d6-8002-70373e1559fd,227379984,directory,Trường Tiểu học Thanh Xuân Trung,hn,2,21.00139705,105.805288657538,hn_thanhxuan,Quận Thanh Xuân,contains,1,pitch,True,True,"Trường Tiểu học Thanh Xuân Trung, Phố Ngụy Như Kon Tum, Phường Nhân Chính, Quận Thanh Xuân, Thành phố Hà Nội, 10055, Việt Nam",,Phố Ngụy Như Kon Tum,leisure:[pitch] ;; sport:[soccer]
update,1aeb87a2-21e8-4904-be0e-b3f9f1236bf7,227433281,directory,Trường Tiểu học Đặng Trần Côn,hn,2,20.99228965,105.798586987688,hn_thanhxuan,Quận Thanh Xuân,contains,1,pitch,True,True,"Trường Tiểu học Đặng Trần Côn, Phố Nguyễn Quý Đức, Phường Thanh Xuân Bắc, Quận Thanh Xuân, Thành phố Hà Nội, 12011, Việt Nam",,Phố Nguyễn Quý Đức,grades:[1-5] ;; leisure:[pitch] ;; sport:[soccer]
update,971deec9-3186-4795-9dce-c28aaf835ad4,227386937,directory,Vsmart,hn,2,21.003286,105.81635611403,hn_thanhxuan,Quận Thanh Xuân,contains,4,pitch,True,True,"Vsmart, Ngõ 72 Nguyễn Trãi, Phường Thượng Đình, Quận Thanh Xuân, Thành phố Hà Nội, 10165, Việt Nam",,Ngõ 72 Nguyễn Trãi,level:[-1] ;; indoor:[yes] ;; buildingpart:[room] ;; leisure:[pitch] ;; sport:[tennis]
update,21f4c25a-3a41-4a2d-8d1e-df87a3137b6a,227392223,directory,Khu công nghiệp Bắc Thăng Long,hn,2,21.1146650393107,105.769429289724,hn_thienloc,,contains,1,pitch,True,True,"Khu công nghiệp Bắc Thăng Long, Thành phố Hà Nội, 11909, Việt Nam",,,leisure:[pitch] ;; sport:[soccer]
update,b68f70c1-ffd4-4380-8836-ff97c885316c,227379111,directory,Trường THPT Bắc Thăng Long,hn,2,21.1291558,105.772166784906,hn_thienloc,,contains,1,pitch,True,True,"Trường THPT Bắc Thăng Long, Đường Mới, Thành phố Hà Nội, 11909, Việt Nam",,Đường Mới,grades:[10-12] ;; website:[http://thptbacthanglong-hanoi.edu.vn] ;; operator:[Sở Giáo dục và Đào tạo Hà Nội] ;; operator:type:[public/government] ;; leisure:[pitch] ;; sport:[soccer]
update,d9b21fc9-b2f6-41c2-ab0c-819a8ceda173,227337776,directory,Xã Kim Nỗ,hn,2,21.1392848603481,105.790215039418,hn_thienloc,,contains,1,pitch,True,True,"Xã Kim Nỗ, Thành phố Hà Nội, 11909, Việt Nam",,,leisure:[pitch] ;; sport:[soccer]
update,0db48d83-389e-44e9-9016-2ff2cfd4c35d,227393951,directory,Xã Võng La,hn,2,21.1078707189311,105.771444409906,hn_thienloc,,contains,1,,True,True,"Xã Võng La, Thành phố Hà Nội, 11909, Việt Nam",,,sport:[soccer]
update,65b81c36-372d-4d0e-b505-4f2eb61c9deb,227410712,directory,Học viện Toà án,hn,2,21.02569485,105.997812807002,hn_thuanan,,contains,4,pitch,True,True,"Học viện Toà án, Đường Dương Đức Hiền, Đại Bản, Thành phố Hà Nội, Việt Nam",,Đường Dương Đức Hiền,leisure:[pitch] ;; sport:[tennis]
update,229862e5-9b4a-4a28-a1c5-05d8be9d66b8,227411611,directory,Khu đô thị Đặng Xá,hn,2,21.0166664555154,105.951739300521,hn_thuanan,,contains,,swimming_pool,False,True,"Khu đô thị Đặng Xá, Thành phố Hà Nội, Việt Nam",,,leisure:[swimming_pool]
update,1f114cc6-d7ed-4325-9219-3de9a45ca778,227440906,directory,Sân bóng đá Cự Đà,hn,2,21.02742835,105.957684896111,hn_thuanan,,contains,1,pitch,True,True,"Sân bóng đá Cự Đà, Ngách 341/6, Thành phố Hà Nội, Việt Nam",,Ngách 341/6,sport:[soccer] ;; leisure:[pitch]
update,84d18114-0d43-461c-b3f6-99f49377628a,227409333,directory,Trường THCS Cao Bá Quát,hn,2,21.01771505,105.951912726345,hn_thuanan,,contains,1,pitch,True,True,"Trường THCS Cao Bá Quát, đường Đặng Xá 10, Thành phố Hà Nội, Việt Nam",,đường Đặng Xá 10,grades:[6-9] ;; leisure:[pitch] ;; sport:[soccer]
update,07bf20a9-e0ed-46b1-868e-917e3af78175,227429299,directory,Trường THCS Kim Sơn,hn,2,21.0255004,105.987255441666,hn_thuanan,,contains,1,pitch,True,True,"Trường THCS Kim Sơn, Đường Dương Đức Hiền, Đại Bản, Thành phố Hà Nội, Việt Nam",,Đường Dương Đức Hiền,leisure:[pitch] ;; sport:[soccer]
update,decb202c-b727-4809-9e40-64241c27882e,227088378,directory,Trường THCS Lệ Chi,hn,2,21.04816445,106.008221135639,hn_thuanan,,contains,1,pitch,True,True,"Trường THCS Lệ Chi, Đường Lệ Chi, Thành phố Hà Nội, Việt Nam",,Đường Lệ Chi,grades:[6-9] ;; leisure:[pitch] ;; sport:[soccer]
update,d78c55b3-73d6-4dfc-ad43-815c528a772e,227435957,directory,Trường Tiểu học Cao Bá Quát,hn,2,21.0182929,105.951026713973,hn_thuanan,,contains,1,pitch,True,True,"Trường Tiểu học Cao Bá Quát, Đường Đặng Xá 8, Thành phố Hà Nội, 08443, Việt Nam",,Đường Đặng Xá 8,grades:[1-5] ;; leisure:[pitch] ;; sport:[soccer]
update,6a6dedc1-d7e8-4f46-a8a3-3259813e420c,227446734,directory,Trường Tiểu học Kim Sơn,hn,2,21.02526505,105.986516227079,hn_thuanan,,contains,1,pitch,True,True,"Trường Tiểu học Kim Sơn, Đường Dương Đức Hiền, Đại Bản, Thành phố Hà Nội, Việt Nam",,Đường Dương Đức Hiền,grades:[1-5] ;; leisure:[pitch] ;; sport:[soccer]
update,0a9e34f4-c322-4ab8-a74f-066e7d8af4da,227088023,directory,Trường Tiểu học Lệ Chi,hn,2,21.0490124,106.00722825197,hn_thuanan,,contains,1,pitch,True,True,"Trường Tiểu học Lệ Chi, Đường Lệ Chi, Thành phố Hà Nội, Việt Nam",,Đường Lệ Chi,grades:[1-5] ;; leisure:[pitch] ;; sport:[soccer]
update,6568fa08-08b1-4f2d-896a-3b1e4d833163,227410806,directory,Trường Tiểu học Phú Thị,hn,2,21.0200188,105.970436706346,hn_thuanan,,contains,1,pitch,True,True,"Trường Tiểu học Phú Thị, Đường Phú Thị, Thành phố Hà Nội, Việt Nam",,Đường Phú Thị,grades:[1-5] ;; leisure:[pitch] ;; sport:[soccer]
update,1fa9d0b0-5f5c-4610-a93f-ecddd98f8dc4,227406273,directory,Trường bắn huyện Gia Lâm,hn,2,21.0337921,105.949675970791,hn_thuanan,,contains,,pitch,True,True,"Trường bắn huyện Gia Lâm, Hẻm 102/31/4, Thành phố Hà Nội, 08443, Việt Nam",,Hẻm 102/31/4,sport:[shooting] ;; access:[permit] ;; landuse:[military] ;; leisure:[pitch]
update,364478a3-89b9-4d1e-82a6-5d6454ba8c50,227315297,directory,,hn,2,21.1618467570478,105.8532715409,hn_thulam,,contains,4,pitch,True,True,"Đường Lâm Tiên, Thành phố Hà Nội, Việt Nam",,Đường Lâm Tiên,leisure:[pitch] ;; sport:[tennis]
update,491fce6d-3a4b-48b0-8f34-bb587624517d,227341450,directory,,hn,2,21.1528781520376,105.855271966419,hn_thulam,,contains,4,pitch,True,True,"Đường Ga Đông Anh, Thành phố Hà Nội, 12323, Việt Nam",,Đường Ga Đông Anh,leisure:[pitch] ;; sport:[tennis]
update,7c72f30f-5352-4a26-8e1a-0905fbc2f94e,227339744,directory,Dục Tú (Đông Anh) - Tuyến 61,hn,2,21.1256417,105.9093971,hn_thulam,,contains,,pitch,False,True,"Dục Tú (Đông Anh) - Tuyến 61, Đường Dục Tú, Thành phố Hà Nội, 16000, Việt Nam",,Đường Dục Tú,bus:[yes] ;; public_transport:[platform] ;; leisure:[pitch]
update,98384b85-0e12-4a53-8a2c-5ea49babad7d,227335138,directory,SVĐ Làng Nhội,hn,2,21.1761887,105.910206213888,hn_thulam,Xã Thụy Lâm,contains,1,pitch,True,True,"SVĐ Làng Nhội, Đường Thụy Lôi, Xã Thụy Lâm, Thành phố Hà Nội, Việt Nam",,Đường Thụy Lôi,sport:[soccer] ;; leisure:[pitch]
update,3b047019-2e84-469b-9ba2-3f26e1d81eeb,227340315,directory,Sân bóng rổ,hn,2,21.1533815,105.892599903219,hn_thulam,,contains,2,pitch,True,True,"Sân bóng rổ, Cầu Bài, Thành phố Hà Nội, Việt Nam",,Cầu Bài,sport:[basketball] ;; leisure:[pitch]
update,c88127ad-194c-4a71-8d6b-7aed21c2c203,227333837,directory,Sân bóng đá,hn,2,21.1530763,105.89263267115,hn_thulam,,contains,1,pitch,True,True,"Sân bóng đá, Cầu Bài, Thành phố Hà Nội, Việt Nam",,Cầu Bài,sport:[soccer] ;; leisure:[pitch]
update,307b2d12-db62-4884-b781-440f8f3b57ed,227336701,directory,Thị trấn Đông Anh,hn,2,21.1536476925734,105.859856460892,hn_thulam,,contains,1,pitch,True,True,"Thị trấn Đông Anh, Thành phố Hà Nội, Việt Nam",,,leisure:[pitch] ;; sport:[soccer]
update,5633f43a-847d-4dd9-850b-8a668afb8fb1,227321353,directory,Trường Mầm non Vân Điềm,hn,2,21.16229665,105.914042862758,hn_thulam,,contains,,pitch,True,True,"Trường Mầm non Vân Điềm, Đường cao tốc Hà Nội - Thái Nguyên, Thành phố Hà Nội, Tỉnh Bắc Ninh, 16000, Việt Nam",,Đường cao tốc Hà Nội - Thái Nguyên,leisure:[pitch] ;; sport:[volleyball]
update,8d8d0772-578e-484a-8567-7e3c566cbd4d,227326316,directory,Trường THCS Thuỵ Lâm,hn,2,21.1772545,105.903105915141,hn_thulam,Xã Thụy Lâm,contains,1,pitch,True,True,"Trường THCS Thuỵ Lâm, Đường Thụy Lôi, Xã Thụy Lâm, Thành phố Hà Nội, Việt Nam",,Đường Thụy Lôi,grades:[6-9] ;; leisure:[pitch] ;; sport:[soccer]
update,c8793dec-cb78-4de8-84ea-fead19936fb8,227347836,directory,Trường Tiểu học Liên Hà A,hn,2,21.1394449,105.90058150502,hn_thulam,,contains,1,pitch,True,True,"Trường Tiểu học Liên Hà A, Đường cao tốc Hà Nội - Thái Nguyên, Thành phố Hà Nội, Việt Nam",,Đường cao tốc Hà Nội - Thái Nguyên,grades:[1-5] ;; leisure:[pitch] ;; sport:[soccer]
update,979c2d88-6d3f-40a8-a94a-b6bf32496ecf,227315533,directory,Trường Tiểu học Thuỵ Lâm A,hn,2,21.17489355,105.905502504632,hn_thulam,Xã Thụy Lâm,contains,1,pitch,True,True,"Trường Tiểu học Thuỵ Lâm A, Đường Thụy Lôi, Xã Thụy Lâm, Thành phố Hà Nội, Việt Nam",,Đường Thụy Lôi,grades:[1-5] ;; leisure:[pitch] ;; sport:[soccer]
update,7fdac673-d3f8-41eb-9c78-a53d22d0b96b,227315461,directory,Trường Tiểu học Xuân Nộn,hn,2,21.1835792,105.867753756067,hn_thulam,,contains,1,pitch,True,True,"Trường Tiểu học Xuân Nộn, Đường Nguyễn Khê, Thành phố Hà Nội, Việt Nam",,Đường Nguyễn Khê,grades:[1-5] ;; leisure:[pitch] ;; sport:[soccer]
update,4e0854cb-707c-400c-b3a9-24747fd16e3b,227339903,directory,Xã Vân Hà,hn,2,21.1626546253342,105.913395902234,hn_thulam,,contains,2,pitch,True,True,"Xã Vân Hà, Thành phố Hà Nội, 16000, Việt Nam",,,"leisure:[pitch] ;; sport:[basketball, volleyball]"
update,52a3d11c-d083-4084-899b-096baa44aa8a,227412807,directory,,hn,2,21.0887771985246,105.760569380849,hn_thuongcat,Quận Bắc Từ Liêm,contains,1,pitch,True,True,"Ngõ 5 Đường Liên Mạc, Phường Liên Mạc, Quận Bắc Từ Liêm, Thành phố Hà Nội, 11909, Việt Nam",,Ngõ 5 Đường Liên Mạc,leisure:[pitch] ;; sport:[soccer]
update,a1b2364d-aa12-4e3c-b5a7-9a9632e8f87f,227393564,directory,Sân bóng Liên Mạc,hn,2,21.0870356,105.760411482775,hn_thuongcat,Quận Bắc Từ Liêm,contains,,stadium,False,True,"Sân bóng Liên Mạc, Phố Mạc Xá, Phường Liên Mạc, Quận Bắc Từ Liêm, Thành phố Hà Nội, 11909, Việt Nam",,Phố Mạc Xá,leisure:[stadium]
update,2ae6b5ef-cf34-452f-ba4c-827623147670,227347385,directory,Trung tâm Văn hoá - TDTT phường Thượng Cát,hn,2,21.08944345,105.731712371879,hn_thuongcat,Quận Bắc Từ Liêm,contains,,pitch,False,True,"Trung tâm Văn hoá - TDTT phường Thượng Cát, Phố Kỳ Vũ, Phường Thượng Cát, Quận Bắc Từ Liêm, Thành phố Hà Nội, 11909, Việt Nam",,Phố Kỳ Vũ,leisure:[pitch]
update,531693ca-4405-4345-bc3f-bcdb81c2ee7a,227391374,directory,Trường THCS Liên Mạc,hn,2,21.0877889,105.759378588057,hn_thuongcat,Quận Bắc Từ Liêm,contains,,pitch,False,True,"Trường THCS Liên Mạc, Ngách 7/43 Phố Hoàng Liên, Phường Liên Mạc, Quận Bắc Từ Liêm, Thành phố Hà Nội, 11909, Việt Nam",,Ngách 7/43 Phố Hoàng Liên,grades:[1-5] ;; leisure:[pitch]
update,5c9a5915-6d52-4c65-9927-d43a3d67690d,227393959,directory,Trường THCS Liên Mạc,hn,2,21.08780385,105.759544984605,hn_thuongcat,Quận Bắc Từ Liêm,contains,1,pitch,True,True,"Trường THCS Liên Mạc, Phố Mạc Xá, Phường Liên Mạc, Quận Bắc Từ Liêm, Thành phố Hà Nội, 11909, Việt Nam",,Phố Mạc Xá,leisure:[pitch] ;; sport:[soccer]
update,55ba94b6-ff19-4096-b04f-a8a2199e24d5,227359206,directory,Trường THCS Nguyễn Thị Minh Khai,hn,2,21.07748875,105.737301851238,hn_thuongcat,Quận Bắc Từ Liêm,contains,1,pitch,True,True,"Trường THCS Nguyễn Thị Minh Khai, Đường Tây Thăng Long, Phường Tây Tựu, Quận Bắc Từ Liêm, Thành phố Hà Nội, 34000, Việt Nam",,Đường Tây Thăng Long,grades:[6-9] ;; leisure:[pitch] ;; sport:[soccer]
update,7fcde80e-4a7b-44a5-8d4a-a971ec49570f,227359395,directory,Trường THPT Thượng Cát,hn,2,21.0840991,105.737572270422,hn_thuongcat,Quận Bắc Từ Liêm,contains,1,pitch,True,True,"Trường THPT Thượng Cát, Đường Sùng Khang, Phường Thượng Cát, Quận Bắc Từ Liêm, Thành phố Hà Nội, 11909, Việt Nam",,Đường Sùng Khang,grades:[10-12] ;; website:[http://thptthuongcat.edu.vn/] ;; leisure:[pitch] ;; sport:[soccer]
update,826d9eac-8dfa-448e-9fc4-145e4eabafb8,227336887,directory,Trường Tiểu học Nguyễn Thị Minh Khai,hn,2,21.0767532,105.738288312958,hn_thuongcat,Quận Bắc Từ Liêm,contains,1,pitch,True,True,"Trường Tiểu học Nguyễn Thị Minh Khai, Đường Tây Thăng Long, Phường Tây Tựu, Quận Bắc Từ Liêm, Thành phố Hà Nội, 34000, Việt Nam",,Đường Tây Thăng Long,grades:[1-5] ;; leisure:[pitch] ;; sport:[soccer]
update,7d48bc38-368d-46b3-9d12-c4ac1f6cc46c,403842057,directory,Viện Chăn nuôi,hn,2,21.0775156,105.768710255292,hn_thuongcat,Quận Bắc Từ Liêm,contains,1,pitch,True,True,"Viện Chăn nuôi, 9, Phố Tân Phong, Phường Thụy Phương, Quận Bắc Từ Liêm, Thành phố Hà Nội, 11909, Việt Nam",9,Phố Tân Phong,landuse:[commercial] ;; leisure:[pitch] ;; sport:[soccer]
update,a693cd23-cd53-46fe-8ad1-dee2f4f5585a,227466470,directory,,hn,2,20.8162397402901,105.855126484067,hn_thuongphuc,Xã Dũng Tiến,contains,1,pitch,True,True,"Xã Dũng Tiến, Thành phố Hà Nội, Việt Nam",,,leisure:[pitch] ;; sport:[soccer]
update,aa7ea856-4668-440f-a3a2-77a49f3a1578,227487103,directory,Gia Khánh,hn,2,20.8579257061562,105.86453740952,hn_thuongphuc,Xã Nguyễn Trãi,contains,1,pitch,True,True,"Gia Khánh, Xã Nguyễn Trãi, Thành phố Hà Nội, Việt Nam",,,leisure:[pitch] ;; sport:[soccer]
update,36a5b3f9-954b-4a60-b1a6-fc1f2d39f137,227487990,directory,Sân bóng Nghiêm Xá,hn,2,20.8091803,105.854566875882,hn_thuongphuc,Xã Nghiêm Xuyên,contains,1,pitch,True,True,"Sân bóng Nghiêm Xá, Đường Xóm Cầu, Xã Nghiêm Xuyên, Thành phố Hà Nội, Việt Nam",,Đường Xóm Cầu,sport:[soccer] ;; leisure:[pitch]
update,630cfa5c-d700-4290-b774-e30d9fb91c6a,227443592,directory,,hn,2,20.8755005,105.8636161,hn_thuongtin,Xã Văn Bình,contains,1,pitch,True,True,"Xã Văn Bình, Thành phố Hà Nội, Việt Nam",,,surface:[asphalt] ;; leisure:[pitch] ;; sport:[soccer]
update,8dcfa939-32ce-41e8-abfa-d964a16015b9,227484861,directory,Nhà thi đấu huyện Thường Tín,hn,2,20.87131655,105.861804925554,hn_thuongtin,,contains,1,pitch,True,True,"Nhà thi đấu huyện Thường Tín, Phố Nguyễn Phi Khanh, Thành phố Hà Nội, Việt Nam",,Phố Nguyễn Phi Khanh,building:[yes] ;; leisure:[pitch] ;; sport:[soccer]
update,eca6769b-1ea8-4efa-b94e-1904a974b11b,227464739,directory,Thị trấn Thường Tín,hn,2,20.871797,105.8619752,hn_thuongtin,,contains,,stadium,False,True,"Thị trấn Thường Tín, Thành phố Hà Nội, Việt Nam",,,leisure:[stadium]
update,2fd535ac-f147-48df-b5ae-de672fb47b36,227466784,directory,Trường THCS Nguyễn Trãi A,hn,2,20.86651935,105.860538858669,hn_thuongtin,,contains,1,pitch,True,True,"Trường THCS Nguyễn Trãi A, Đường tỉnh 427 mới, Thành phố Hà Nội, Việt Nam",,Đường tỉnh 427 mới,grades:[7-9] ;; leisure:[pitch] ;; sport:[soccer]
update,fb04d37e-466d-4d42-be54-d809b2258d93,227459741,directory,Trường THPT Nguyễn Trãi - Thường Tín,hn,2,20.8962932,105.850231937809,hn_thuongtin,Xã Nhị Khê,contains,2,pitch,True,True,"Trường THPT Nguyễn Trãi - Thường Tín, Quốc lộ 1, Xã Nhị Khê, Thành phố Hà Nội, Việt Nam",,Quốc lộ 1,grades:[10-12] ;; leisure:[pitch] ;; sport:[basketball]
update,a9631104-3fe1-402c-b3fb-63edb7efa2ea,227464905,directory,Trường THPT Thường Tín,hn,2,20.8651222,105.861551814385,hn_thuongtin,,contains,2,pitch,True,True,"Trường THPT Thường Tín, Đường tỉnh 427 mới, Thành phố Hà Nội, Việt Nam",,Đường tỉnh 427 mới,grades:[10-12] ;; leisure:[pitch] ;; sport:[basketball]
update,d8ea3d18-2e3f-4498-9f71-d8ecc801033a,227470709,directory,Trường Đại học Thủ đô Hà Nội (cơ sở 4),hn,2,20.86456225,105.86464972075,hn_thuongtin,,contains,1|4,pitch,True,True,"Trường Đại học Thủ đô Hà Nội (cơ sở 4), Đường Hùng Nguyên, Thành phố Hà Nội, Việt Nam",,Đường Hùng Nguyên,"leisure:[pitch] ;; sport:[soccer, tennis]"
update,a8b04354-0c48-4289-a0cf-e30eccef011a,227469150,directory,Miếu Môn,hn,2,20.8163990428129,105.64961990488,hn_tranphu,,contains,1,pitch,True,True,"Miếu Môn, Thành phố Hà Nội, Việt Nam",,,motorcycle:[yes] ;; leisure:[pitch] ;; sport:[soccer]
update,2bd151eb-f897-4a2c-9a6e-015916f7aa1d,227459286,directory,"Nhà máy A31 - Cục Kỹ thuật, Quân chủng Phòng không - Không quân",hn,2,20.8189408,105.660304997573,hn_tranphu,,contains,4,pitch,True,True,"Nhà máy A31 - Cục Kỹ thuật, Quân chủng Phòng không - Không quân, Đường tỉnh 429, Thành phố Hà Nội, Việt Nam",,Đường tỉnh 429,"landuse:[industrial] ;; operator:[Cục Kỹ thuật, Quân chủng Phòng không - Không quân] ;; leisure:[pitch] ;; sport:[tennis]"
update,55d99a8a-b71e-45da-b314-a47a8518360d,227485836,directory,Sân bóng Văn Phú,hn,2,20.8490183,105.630197450339,hn_tranphu,,contains,1,pitch,True,True,"Sân bóng Văn Phú, Đường Hồ Chí Minh, Thành phố Hà Nội, Huyện Lương Sơn, Tỉnh Hòa Bình, Việt Nam",,Đường Hồ Chí Minh,sport:[soccer] ;; leisure:[pitch]
update,36f652ed-246c-4aaa-8388-9f53e15d0184,227395618,directory,,hn,2,21.0324223807504,105.763279197029,hn_tuliem,Quận Nam Từ Liêm,contains,4,pitch,True,True,"Ngách 33/2 Lưu Hữu Phước, Phường Cầu Diễn, Quận Nam Từ Liêm, Thành phố Hà Nội, 10085, Việt Nam",,Ngách 33/2 Lưu Hữu Phước,surface:[asphalt] ;; leisure:[pitch] ;; sport:[tennis]
update,7efd3803-3464-450b-b1f5-a58a9650a4a7,227375174,directory,,hn,2,21.018872937425,105.77052363238,hn_tuliem,Quận Nam Từ Liêm,contains,2,pitch,True,True,"Phường Mỹ Đình 1, Quận Nam Từ Liêm, Thành phố Hà Nội, 10074, Việt Nam",,,leisure:[pitch] ;; sport:[basketball]
update,8cae84ce-d299-4163-add5-bd4bb9fa9c77,227377371,directory,,hn,2,21.0160430702313,105.773818317592,hn_tuliem,Quận Nam Từ Liêm,contains,4,pitch,True,True,"Phố Đình Thôn, Phường Mỹ Đình 1, Quận Nam Từ Liêm, Thành phố Hà Nội, 10074, Việt Nam",,Phố Đình Thôn,leisure:[pitch] ;; sport:[tennis]
update,b01ccc99-e292-427b-bd3d-53a12a2705ee,227373819,directory,,hn,2,21.0233946595256,105.755428350753,hn_tuliem,Quận Nam Từ Liêm,contains,,pitch,False,True,"Đường Nguyễn Văn Giáp, Phường Cầu Diễn, Quận Nam Từ Liêm, Thành phố Hà Nội, 10057, Việt Nam",,Đường Nguyễn Văn Giáp,surface:[asphalt] ;; leisure:[pitch]
update,d34c4548-eac1-497e-aa0b-2d776e1b3eda,227363631,directory,,hn,2,21.0268775797145,105.763162288374,hn_tuliem,Quận Nam Từ Liêm,contains,1,pitch,True,True,"Phố Đỗ Xuân Hợp, Phường Cầu Diễn, Quận Nam Từ Liêm, Thành phố Hà Nội, 10085, Việt Nam",,Phố Đỗ Xuân Hợp,lit:[yes] ;; lanes:[2] ;; oneway:[yes] ;; surface:[asphalt] ;; leisure:[pitch] ;; sport:[soccer]
update,d684ddbf-67a2-4635-9664-cc2bfa99be70,227389863,directory,,hn,2,21.0263278618637,105.771214270753,hn_tuliem,Quận Nam Từ Liêm,contains,1,pitch,True,True,"Phường Mỹ Đình 2, Quận Nam Từ Liêm, Thành phố Hà Nội, 10057, Việt Nam",,,leisure:[pitch] ;; sport:[soccer]
update,d6a5b1dd-cc9c-45c2-b8ee-f46fc65a3f95,227371984,directory,,hn,2,21.0273690336985,105.760615795828,hn_tuliem,Quận Nam Từ Liêm,contains,1,pitch|sports_centre,True,True,"Phường Cầu Diễn, Quận Nam Từ Liêm, Thành phố Hà Nội, 10085, Việt Nam",,,"lanes:[2] ;; surface:[asphalt] ;; leisure:[sports_centre, pitch] ;; sport:[soccer]"
update,dc76f61e-0b2a-4ae3-9323-966c0c1848b2,227402890,directory,BIDV,hn,2,21.037438,105.766446,hn_tuliem,Quận Nam Từ Liêm,contains,4,pitch,True,True,"BIDV, Khu, Ngõ 1 Huy Du, Phường Cầu Diễn, Quận Nam Từ Liêm, Thành phố Hà Nội, 10085, Việt Nam",,Ngõ 1 Huy Du,operator:[BIDV] ;; brand:wikidata:[Q1003180] ;; operator:wikidata:[Q1003180] ;; leisure:[pitch] ;; sport:[tennis]
update,08951bcc-edc3-4115-b71e-178e5de88ff5,227376465,directory,Cafe Artisee,hn,2,21.0146153,105.7752951,hn_tuliem,Quận Nam Từ Liêm,contains,,swimming_pool,False,True,"Cafe Artisee, Phố Đỗ Đình Thiện, Phường Mỹ Đình 1, Quận Nam Từ Liêm, Thành phố Hà Nội, 10074, Việt Nam",,Phố Đỗ Đình Thiện,cuisine:[coffee_shop] ;; leisure:[swimming_pool]
update,837db076-ac7f-4539-8e21-fe8a0a59749a,227386826,directory,Chi cục Thi hành án dân sự quận Nam Từ Liêm,hn,2,21.03723835,105.765801096754,hn_tuliem,Quận Nam Từ Liêm,contains,4,pitch,True,True,"Chi cục Thi hành án dân sự quận Nam Từ Liêm, Phố Huy Du, Phường Cầu Diễn, Quận Nam Từ Liêm, Thành phố Hà Nội, 10085, Việt Nam",,Phố Huy Du,building:[yes] ;; leisure:[pitch] ;; sport:[tennis]
update,120b21a9-e857-4576-9c7b-5f40d339d3eb,227411042,directory,Chung cư Vinhomes Gardenia,hn,2,21.0355079,105.7606431,hn_tuliem,Quận Nam Từ Liêm,contains,,swimming_pool,False,True,"Chung cư Vinhomes Gardenia, Phố Hàm Nghi, Phường Cầu Diễn, Quận Nam Từ Liêm, Thành phố Hà Nội, 10085, Việt Nam",,Phố Hàm Nghi,residential:[apartments] ;; leisure:[swimming_pool]
update,78a3f94b-220e-41bc-a9ca-feb51253d06c,227376381,directory,Cung Thể thao dưới nước Mỹ Đình,hn,2,21.0223899,105.768353825547,hn_tuliem,Quận Nam Từ Liêm,contains,4,pitch|sports_centre|swimming_pool,True,True,"Cung Thể thao dưới nước Mỹ Đình, Phố Tân Mỹ, Phường Mỹ Đình 2, Quận Nam Từ Liêm, Thành phố Hà Nội, 10057, Việt Nam",,Phố Tân Mỹ,"sport:[swimming, tennis] ;; leisure:[sports_centre, pitch, swimming_pool]"
update,af71dc94-9091-4ad4-8464-2417d9ed3375,227355362,directory,Cung Điền kinh trong nhà Mỹ Đình,hn,2,21.028559,105.762790216949,hn_tuliem,Quận Nam Từ Liêm,contains,,sports_centre,True,True,"Cung Điền kinh trong nhà Mỹ Đình, Phố Đỗ Xuân Hợp, Phường Cầu Diễn, Quận Nam Từ Liêm, Thành phố Hà Nội, 10085, Việt Nam",,Phố Đỗ Xuân Hợp,sport:[athletics] ;; building:[yes] ;; wikidata:[Q10751151] ;; wikipedia:[vi:Cung thi đấu điền kinh trong nhà Mỹ Đình] ;; leisure:[sports_centre]
update,8f0c6460-9828-4396-9b7e-de89c812e254,227381669,directory,Golden Palace,hn,2,21.01167135,105.77520274779,hn_tuliem,Quận Nam Từ Liêm,contains,,sports_centre,True,True,"Golden Palace, Đường Mễ Trì, Phường Mễ Trì, Quận Nam Từ Liêm, Thành phố Hà Nội, 10074, Việt Nam",,Đường Mễ Trì,building:levels:underground:[4] ;; leisure:[sports_centre] ;; sport:[climbing]
update,1df2bda6-b52d-4718-9afd-20fae0bde4c3,227354926,directory,HADOO SPA,hn,2,21.0310235,105.7660273,hn_tuliem,Quận Nam Từ Liêm,contains,4,pitch,True,True,"HADOO SPA, A8 BT4, Phố Bùi Xuân Phái, Phường Mỹ Đình 2, Quận Nam Từ Liêm, Thành phố Hà Nội, 10085, Việt Nam",,Phố Bùi Xuân Phái,phone:[0936525858] ;; beauty:[spa] ;; operator:[Công ty CP Nhà hát của những giấc mơ Hadoo] ;; opening_hours:[Mo-Su 09:00-21:00] ;; leisure:[pitch] ;; sport:[tennis]
update,677c6748-de4c-4c68-acdd-01c8de600ae8,227395136,directory,Học viện Biên phòng,hn,2,21.0320836,105.777262070196,hn_tuliem,Quận Cầu Giấy,contains,4,pitch,True,True,"Học viện Biên phòng, Ngõ 62 Trần Bình, Phường Mai Dịch, Quận Cầu Giấy, Thành phố Hà Nội, 10085, Việt Nam",,Ngõ 62 Trần Bình,website:[http://hvbp.edu.vn/] ;; wikidata:[Q10771875] ;; wikipedia:[vi:Học viện Biên phòng (Việt Nam)] ;; leisure:[pitch] ;; sport:[tennis]
update,ba9992e8-13d4-4a79-b97a-36009fa717d1,227376150,directory,Khu liên hợp Thể thao Quốc gia,hn,2,21.0218797,105.765939810259,hn_tuliem,Quận Nam Từ Liêm,contains,1|4,pitch|sports_centre,True,True,"Khu liên hợp Thể thao Quốc gia, Đường Lê Đức Thọ, Phường Mễ Trì, Quận Nam Từ Liêm, Thành phố Hà Nội, 10074, Việt Nam",,Đường Lê Đức Thọ,"leisure:[sports_centre, pitch] ;; sport:[soccer, tennis]"
update,14e50a53-0c9c-4a0e-875a-8a239072c4e0,227390335,directory,Liên đoàn Bóng đá Việt Nam,hn,2,21.01667455,105.770065341984,hn_tuliem,Quận Nam Từ Liêm,contains,1|4,pitch|sports_centre,True,True,"Liên đoàn Bóng đá Việt Nam, Đường Lê Quang Đạo, Phường Mễ Trì, Quận Nam Từ Liêm, Thành phố Hà Nội, 10074, Việt Nam",,Đường Lê Quang Đạo,"website:[https://vff.org.vn/] ;; leisure:[sports_centre, pitch] ;; sport:[soccer, tennis]"
update,5547b249-5072-4b74-a558-e0c8a0facfa8,227354818,directory,Mễ Trì Park의 종합 운동장,hn,2,21.006553,105.772788520803,hn_tuliem,Quận Nam Từ Liêm,contains,3,pitch,True,True,"Mễ Trì Park의 종합 운동장, Đường Lê Quang Đạo, Phường Phú Đô, Quận Nam Từ Liêm, Thành phố Hà Nội, 10070, Việt Nam",,Đường Lê Quang Đạo,"sport:[skateboard, badminton, multi] ;; access:[yes] ;; surface:[concrete] ;; leisure:[pitch]"
update,4ae9c6e9-4efd-4963-b449-aec961d3ad6b,227385655,directory,Pearl 2,hn,2,21.00610435,105.770210655601,hn_tuliem,Quận Nam Từ Liêm,contains,,swimming_pool,False,True,"Pearl 2, Đại lộ Thăng Long, Phường Phú Đô, Quận Nam Từ Liêm, Thành phố Hà Nội, 10070, Việt Nam",,Đại lộ Thăng Long,height:[147] ;; building:levels:[38] ;; leisure:[swimming_pool]
update,e5e39b76-0deb-4583-8dfc-c44b01c7a819,227375119,directory,Simco Building,hn,2,21.02003575,105.779523400871,hn_tuliem,Quận Nam Từ Liêm,contains,4,pitch,True,True,"Simco Building, 28, Đường Phạm Hùng, Phường Mỹ Đình 1, Quận Nam Từ Liêm, Thành phố Hà Nội, 10074, Việt Nam",28,Đường Phạm Hùng,building:levels:[10] ;; leisure:[pitch] ;; sport:[tennis]
update,a9f7d5f3-85aa-4a15-8f31-7d6a1f803f58,227360482,directory,Sân Gôn Phương Đông,hn,2,21.0259006,105.758424884079,hn_tuliem,Quận Nam Từ Liêm,contains,,pitch,True,True,"Sân Gôn Phương Đông, Đường Nguyễn Văn Giáp, Phường Cầu Diễn, Quận Nam Từ Liêm, Thành phố Hà Nội, 10057, Việt Nam",,Đường Nguyễn Văn Giáp,golf:[clubhouse] ;; access:[customers] ;; leisure:[pitch] ;; sport:[archery]
update,cb56efd2-8df9-4b6e-800b-adb92f5f88ac,227376830,directory,Sân I,hn,2,21.02728285,105.76002605537,hn_tuliem,Quận Nam Từ Liêm,contains,,pitch,False,True,"Sân I, Đường Nguyễn Văn Giáp, Phường Cầu Diễn, Quận Nam Từ Liêm, Thành phố Hà Nội, 10057, Việt Nam",,Đường Nguyễn Văn Giáp,access:[permit] ;; leisure:[pitch]
update,5baf17f8-9696-4ce6-959a-308588070808,227360277,directory,Sân II,hn,2,21.0275133,105.759380373343,hn_tuliem,Quận Nam Từ Liêm,contains,,pitch,False,True,"Sân II, Đường Nguyễn Văn Giáp, Phường Cầu Diễn, Quận Nam Từ Liêm, Thành phố Hà Nội, 10057, Việt Nam",,Đường Nguyễn Văn Giáp,access:[permit] ;; leisure:[pitch]
update,a90f3de1-f0de-46b3-a7db-1da5bd8a3e6b,227352684,directory,Sân III,hn,2,21.02757815,105.758668058664,hn_tuliem,Quận Nam Từ Liêm,contains,,pitch,False,True,"Sân III, Đường Nguyễn Văn Giáp, Phường Cầu Diễn, Quận Nam Từ Liêm, Thành phố Hà Nội, 10057, Việt Nam",,Đường Nguyễn Văn Giáp,access:[permit] ;; leisure:[pitch]
update,6774d97f-1eb7-4327-9bdb-6dd6a6bbb7d8,227381866,directory,Sân vận động Quốc gia Mỹ Đình,hn,2,21.02050265,105.763927116684,hn_tuliem,Quận Nam Từ Liêm,contains,1,pitch|stadium,True,True,"Sân vận động Quốc gia Mỹ Đình, 1, Đường Lê Đức Thọ, Phường Mỹ Đình 1, Quận Nam Từ Liêm, Thành phố Hà Nội, 10074, Việt Nam",1,Đường Lê Đức Thọ,"sport:[multi, soccer, running, athletics] ;; operator:[Khu Liên hợp Thể thao Quốc gia] ;; wikidata:[Q1150956] ;; wikipedia:[vi:Sân vận động Quốc gia Mỹ Đình] ;; start_date:[2003-09-02] ;; description:[Sân vận động đa chức năng thuộc Khu liên hợp Thể thao Quốc gia, sân nhà chính của Đội tuyển bóng đá quốc gia Việt Nam.] ;; description:en:[Multi-purpose stadium operated by the National Sports Complex, home to the Vietnam national football team.] ;; wikimedia_commons:[Category:My Dinh National Stadium] ;; leisure:[stadium, pitch]"
update,ca0e7de3-ce98-4037-b4b6-49125166017f,227380062,directory,The Matrix One,hn,2,21.00954355,105.773996869677,hn_tuliem,Quận Nam Từ Liêm,contains,,swimming_pool,False,True,"The Matrix One, Đường Lê Quang Đạo, Phường Mễ Trì, Quận Nam Từ Liêm, Thành phố Hà Nội, 10070, Việt Nam",,Đường Lê Quang Đạo,leisure:[swimming_pool]
update,19ea0054-a118-4de3-97a0-2bd10b44a283,227354049,directory,Trung tâm Huấn luyện và Thi đấu Thể dục thể thao Hà Nội,hn,2,21.02659895,105.765484897099,hn_tuliem,Quận Nam Từ Liêm,contains,1|4,pitch|sports_centre,True,True,"Trung tâm Huấn luyện và Thi đấu Thể dục thể thao Hà Nội, Phố Đỗ Xuân Hợp, Phường Mỹ Đình 1, Quận Nam Từ Liêm, Thành phố Hà Nội, 10085, Việt Nam",,Phố Đỗ Xuân Hợp,"website:[https://trungtamtdtthanoi.com.vn/] ;; leisure:[sports_centre, pitch] ;; sport:[tennis, soccer]"
update,ce6bb5e4-d6e3-4d42-9e49-fec7d9356a2f,227407726,directory,Trường Liên cấp Việt - Úc Hà Nội,hn,2,21.03226035,105.762249049205,hn_tuliem,Quận Nam Từ Liêm,contains,1|2,pitch,True,True,"Trường Liên cấp Việt - Úc Hà Nội, Ngõ 43 Lưu Hữu Phước, Phường Cầu Diễn, Quận Nam Từ Liêm, Thành phố Hà Nội, 10085, Việt Nam",,Ngõ 43 Lưu Hữu Phước,"leisure:[pitch] ;; sport:[basketball, soccer]"
update,71a71bb0-0c9f-407a-bb57-c514d2acc7d3,227386227,directory,Trường Nhật Bản Hà Nội,hn,2,21.03432675,105.76894240895,hn_tuliem,Quận Nam Từ Liêm,contains,4,pitch,True,True,"Trường Nhật Bản Hà Nội, Phố Hàm Nghi, Phường Mỹ Đình 2, Quận Nam Từ Liêm, Thành phố Hà Nội, 10085, Việt Nam",,Phố Hàm Nghi,email:[school@jsh.edu.vn] ;; phone:[+84 24 3764 9877] ;; website:[https://jsh.edu.vn/] ;; leisure:[pitch] ;; sport:[tennis]
update,b5252bd5-c65a-4079-8cbe-105dbe87e0cb,227360579,directory,Trường THCS - THPT Trần Quốc Tuấn,hn,2,21.02577625,105.771868735519,hn_tuliem,Quận Nam Từ Liêm,contains,1,pitch,True,True,"Trường THCS - THPT Trần Quốc Tuấn, Đường Mỹ Đình 2, Phường Mỹ Đình 2, Quận Nam Từ Liêm, Thành phố Hà Nội, 10057, Việt Nam",,Đường Mỹ Đình 2,grades:[6-12] ;; operator:[Học viện Khoa học Quân sự] ;; leisure:[pitch] ;; sport:[soccer]
update,acd0ac3f-7571-4f4c-859f-45e0976f77f3,227380311,directory,Trường THCS Phú Đô,hn,2,21.0122917,105.770021955597,hn_tuliem,Quận Nam Từ Liêm,contains,1,pitch,True,True,"Trường THCS Phú Đô, Ngõ 56 Lê Quang Đạo, Phường Phú Đô, Quận Nam Từ Liêm, Thành phố Hà Nội, 10074, Việt Nam",,Ngõ 56 Lê Quang Đạo,leisure:[pitch] ;; sport:[soccer]
update,83b85022-4eb0-4d98-8ab4-284c4fe6ee84,227387017,directory,Trường THCS Đoàn Thị Điểm,hn,2,21.03322515,105.763860231548,hn_tuliem,Quận Nam Từ Liêm,contains,2,pitch,True,True,"Trường THCS Đoàn Thị Điểm, 48, Phố Lưu Hữu Phước, Phường Cầu Diễn, Quận Nam Từ Liêm, Thành phố Hà Nội, 10085, Việt Nam",48,Phố Lưu Hữu Phước,grades:[6-9] ;; leisure:[pitch] ;; sport:[basketball]
update,811d8a4b-d456-40e3-8cc1-0d5e8b96e2bf,227388146,directory,Trường Tiểu học Lê Quý Đôn,hn,2,21.0335963,105.763426345874,hn_tuliem,Quận Nam Từ Liêm,contains,2|4,pitch,True,True,"Trường Tiểu học Lê Quý Đôn, Phố Lưu Hữu Phước, Phường Cầu Diễn, Quận Nam Từ Liêm, Thành phố Hà Nội, 10085, Việt Nam",,Phố Lưu Hữu Phước,"grades:[1-5] ;; leisure:[pitch] ;; sport:[basketball, tennis]"
update,7700fbda-2c63-4527-b675-eb2b2a36e4bb,227381725,directory,Trường Tiểu học Lômônôxốp,hn,2,21.0147693,105.780964578333,hn_tuliem,Quận Nam Từ Liêm,contains,1,pitch,True,True,"Trường Tiểu học Lômônôxốp, Phố Mễ Trì Hạ, Phường Mễ Trì, Quận Nam Từ Liêm, Thành phố Hà Nội, 10074, Việt Nam",,Phố Mễ Trì Hạ,phone:[+84 243 785 2628] ;; grades:[1-5] ;; website:[https://lomonoxop.vn/] ;; religion:[none] ;; leisure:[pitch] ;; sport:[soccer]
update,abdc7083-b122-4683-8883-267431c4c373,227354439,directory,Trường Tiểu học Mễ Trì,hn,2,21.0102783,105.776381958662,hn_tuliem,Quận Nam Từ Liêm,contains,2,pitch,True,True,"Trường Tiểu học Mễ Trì, Ngõ 89 Mễ Trì Thượng, Phường Mễ Trì, Quận Nam Từ Liêm, Thành phố Hà Nội, 10161, Việt Nam",,Ngõ 89 Mễ Trì Thượng,grades:[1-5] ;; leisure:[pitch] ;; sport:[basketball]
update,2d8e203f-becf-47bd-87d3-2f499f6135ff,227352845,directory,Trường Tiểu học Mỹ Đình 2,hn,2,21.02675765,105.773972860515,hn_tuliem,Quận Nam Từ Liêm,contains,2,pitch,True,True,"Trường Tiểu học Mỹ Đình 2, Phố Trần Hữu Dực, Phường Mỹ Đình 2, Quận Nam Từ Liêm, Thành phố Hà Nội, 10057, Việt Nam",,Phố Trần Hữu Dực,leisure:[pitch] ;; sport:[basketball]
update,1bccac5a-0fb3-4edc-894d-912925935124,227403568,directory,Trường Đại học Thương mại,hn,2,21.03646935,105.775159667224,hn_tuliem,Quận Cầu Giấy,contains,2,pitch,True,True,"Trường Đại học Thương mại, 79, Đường Hồ Tùng Mậu, Phường Mai Dịch, Quận Cầu Giấy, Thành phố Hà Nội, 10085, Việt Nam",79,Đường Hồ Tùng Mậu,fax:[+84 24 37643228] ;; email:[mail@tmu.edu.vn] ;; phone:[+84 24 3764 3219] ;; website:[https://tmu.edu.vn/] ;; wikidata:[Q10829142] ;; wikipedia:[vi:Trường Đại học Thương mại] ;; contact:facebook:[https://www.facebook.com/thuongmaiuniversity/] ;; leisure:[pitch] ;; sport:[basketball]
update,d463fe09-f2dd-481c-9c5d-d24eb200dda6,227354453,directory,Trường đua đường phố Hà Nội,hn,2,21.01568915,105.762920811385,hn_tuliem,Quận Nam Từ Liêm,contains,,sports_centre,True,True,"Trường đua đường phố Hà Nội, Đường Lê Đức Thọ, Phường Mễ Trì, Quận Nam Từ Liêm, Thành phố Hà Nội, 10074, Việt Nam",,Đường Lê Đức Thọ,sport:[car_racing] ;; leisure:[sports_centre]
update,bce55dcc-757f-4aa3-a666-ffb4d2da9848,227353058,directory,Trạm y tế phường Mỹ Đình 1,hn,2,21.0195527,105.771158137656,hn_tuliem,Quận Nam Từ Liêm,contains,2,pitch|sports_centre,True,True,"Trạm y tế phường Mỹ Đình 1, Ngách 322/95 Đường Mỹ Đình, Phường Mỹ Đình 1, Quận Nam Từ Liêm, Thành phố Hà Nội, 10074, Việt Nam",,Ngách 322/95 Đường Mỹ Đình,"healthcare:[clinic] ;; leisure:[sports_centre, pitch] ;; sport:[basketball]"
update,5c79c168-b033-4197-ac66-3636428c4cdd,227372263,directory,Tòa nhà Sông Đà 9,hn,2,21.0293439,105.777873147098,hn_tuliem,Quận Nam Từ Liêm,contains,4,pitch,True,True,"Tòa nhà Sông Đà 9, Phố Nguyễn Hoàng, Phường Mỹ Đình 2, Quận Nam Từ Liêm, Thành phố Hà Nội, 10085, Việt Nam",,Phố Nguyễn Hoàng,building:levels:[10] ;; leisure:[pitch] ;; sport:[tennis]
update,1420a370-824d-4889-b5b8-c3b3be544b42,227374968,directory,Tập đoàn PIA,hn,2,21.0303618,105.766262110942,hn_tuliem,Quận Nam Từ Liêm,contains,4,pitch,True,True,"Tập đoàn PIA, Phố Nguyễn Xuân Nguyên, Phường Mỹ Đình 1, Quận Nam Từ Liêm, Thành phố Hà Nội, 10085, Việt Nam",,Phố Nguyễn Xuân Nguyên,building:[yes] ;; leisure:[pitch] ;; sport:[tennis]
update,5920fb6e-27a8-4e2e-ae8c-67a53fbcf1c1,227355665,directory,lina,hn,2,21.0177339,105.77518255479,hn_tuliem,Quận Nam Từ Liêm,contains,4,pitch,True,True,"lina, Phố Đình Thôn, Phường Mỹ Đình 1, Quận Nam Từ Liêm, Thành phố Hà Nội, 10074, Việt Nam",,Phố Đình Thôn,sport:[tennis] ;; leisure:[pitch]
update,0ffd085f-feea-4dca-8be7-4e1ef34dac74,227430457,directory,,hn,2,20.984596,105.8572629,hn_tuongmai,Quận Hoàng Mai,contains,1,pitch,True,True,"Phường Hoàng Văn Thụ, Quận Hoàng Mai, Thành phố Hà Nội, 11617, Việt Nam",,,"leisure:[pitch] ;; sport:[soccer, volleyball]"
update,718782ad-1655-4022-ae32-6fa1f92b24f3,227460065,directory,Nhà thi đấu Hai Bà Trưng,hn,2,20.9862601,105.8468,hn_tuongmai,Quận Hoàng Mai,contains,,sports_centre,False,True,"Nhà thi đấu Hai Bà Trưng, Ngõ 422 Trương Định, Phường Tương Mai, Quận Hoàng Mai, Thành phố Hà Nội, 11617, Việt Nam",,Ngõ 422 Trương Định,leisure:[sports_centre]
update,a657ede3-adbe-45c3-b871-caacb60b3bac,227457780,directory,Nhà thi đấu quận Hoàng Mai,hn,2,20.99108135,105.84620495,hn_tuongmai,Quận Hoàng Mai,contains,4,sports_centre,True,True,"Nhà thi đấu quận Hoàng Mai, Ngõ 104 Nguyễn An Ninh, Phường Tương Mai, Quận Hoàng Mai, Thành phố Hà Nội, 11617, Việt Nam",,Ngõ 104 Nguyễn An Ninh,"phone:[+84 4 3662 7692] ;; sport:[tennis, baseball] ;; building:[yes] ;; opening_hours:[Mo-Su 07:00-21:00] ;; leisure:[sports_centre]"
update,01d77589-3080-4b67-b1d5-5769715b3ba3,227367638,directory,,hn,2,21.0250219,105.8337883,hn_vanmieu,Quận Đống Đa,contains,4,pitch,True,True,"Phố Phan Văn Trị, Phường Hàng Bột, Quận Đống Đa, Thành phố Hà Nội, 10081, Việt Nam",,Phố Phan Văn Trị,surface:[asphalt] ;; leisure:[pitch] ;; sport:[tennis]
update,42d4180b-ba4e-4082-8ab1-f6f9bfbd3120,227367096,directory,,hn,2,21.0216406,105.8393052,hn_vanmieu,Quận Đống Đa,contains,4,pitch,True,True,"97, Phố Trần Quý Cáp, Phường Văn Miếu – Quốc Tử Giám, Quận Đống Đa, Thành phố Hà Nội, 11018, Việt Nam",97,Phố Trần Quý Cáp,leisure:[pitch] ;; sport:[tennis]
update,621a9dd0-ccb4-4341-b878-e45400f9c6d4,227367063,directory,,hn,2,21.0214314967,105.839225890452,hn_vanmieu,Quận Đống Đa,contains,4,pitch,True,True,"Ngõ 88 Trần Quý Cáp, Phường Văn Chương, Quận Đống Đa, Thành phố Hà Nội, 11018, Việt Nam",,Ngõ 88 Trần Quý Cáp,surface:[asphalt] ;; leisure:[pitch] ;; sport:[tennis]
update,628638fe-5d1d-4742-b021-c3d744f46abb,227369096,directory,,hn,2,21.02601775,105.838618897149,hn_vanmieu,Quận Đống Đa,contains,4,pitch,True,True,"71, Phố Ngô Sĩ Liên, Phường Văn Miếu – Quốc Tử Giám, Quận Đống Đa, Thành phố Hà Nội, 10329, Việt Nam",71,Phố Ngô Sĩ Liên,leisure:[pitch] ;; sport:[tennis]
update,d8089bab-9a7b-4b7a-b78f-f94289f0db7a,227392739,directory,,hn,2,21.0248285,105.8373487,hn_vanmieu,Quận Đống Đa,contains,4,pitch,True,True,"21, Ngõ Linh Quang, Phường Văn Chương, Quận Đống Đa, Thành phố Hà Nội, 11018, Việt Nam",21,Ngõ Linh Quang,leisure:[pitch] ;; sport:[tennis]
update,e1007b24-095d-4e49-ae2a-4750668e3301,227368515,directory,,hn,2,21.0245713,105.8373626,hn_vanmieu,Quận Đống Đa,contains,4,pitch,True,True,"33, Ngõ Linh Quang, Phường Văn Chương, Quận Đống Đa, Thành phố Hà Nội, 11018, Việt Nam",33,Ngõ Linh Quang,leisure:[pitch] ;; sport:[tennis]
update,fe816d58-737f-43f9-b558-9d189aea94ac,227369394,directory,,hn,2,21.0253878,105.8376629,hn_vanmieu,Quận Đống Đa,contains,4,pitch,True,True,"5, Ngõ Lương Sử C, Phường Văn Chương, Quận Đống Đa, Thành phố Hà Nội, 11018, Việt Nam",5,Ngõ Lương Sử C,leisure:[pitch] ;; sport:[tennis]
update,521d6c83-1d63-4c6f-9b7a-965d99dcc433,227367537,directory,Ly Fox Shop,hn,2,21.0256965,105.8345688,hn_vanmieu,Quận Đống Đa,contains,4,pitch,True,True,"Ly Fox Shop, 24, Ngách 30 Ngõ Thông Phong, Phường Văn Miếu – Quốc Tử Giám, Quận Đống Đa, Thành phố Hà Nội, 10081, Việt Nam",24,Ngách 30 Ngõ Thông Phong,phone:[0976657191] ;; website:[https://www.facebook.com/shoplyfox] ;; leisure:[pitch] ;; sport:[tennis]
update,c968b7d4-b979-4a2b-bc34-6b772dc8c7fc,227369153,directory,UBND phường Thổ Quan,hn,2,21.0170553,105.833170339202,hn_vanmieu,Quận Đống Đa,contains,4,pitch,True,True,"UBND phường Thổ Quan, 62, Ngõ Thổ Quan, Phường Thổ Quan, Quận Đống Đa, Thành phố Hà Nội, 10306, Việt Nam",62,Ngõ Thổ Quan,building:[yes] ;; leisure:[pitch] ;; sport:[tennis]
update,05ea7a10-9603-49d2-bc78-2bfc4bd903d3,227408568,directory,,hn,2,21.0689235134468,105.921087571396,hn_viethung,Quận Long Biên,contains,4,pitch,True,True,"Phố Tình Quang, Phường Giang Biên, Quận Long Biên, Thành phố Hà Nội, 08443, Việt Nam",,Phố Tình Quang,surface:[asphalt] ;; leisure:[pitch] ;; sport:[tennis]
update,5735032e-a704-42b1-aa78-d56106f720ce,227415002,directory,,hn,2,21.0755691241302,105.907944537758,hn_viethung,Quận Long Biên,contains,4,pitch,True,True,"Cầu Đuống, Phường Đức Giang, Quận Long Biên, Thành phố Hà Nội, 11810, Việt Nam",,Cầu Đuống,construction:[primary] ;; opening_date:[2025] ;; leisure:[pitch] ;; sport:[tennis]
update,6d59c076-f1aa-4103-9cb0-7019c76f44c2,227414581,directory,,hn,2,21.0650806424965,105.916239625737,hn_viethung,Quận Long Biên,contains,3,pitch,True,True,"Ngách 140/8 phố Phạm Khắc Quảng, Quán Tình, Quận Long Biên, Thành phố Hà Nội, 08443, Việt Nam",,Ngách 140/8 phố Phạm Khắc Quảng,leisure:[pitch] ;; sport:[badminton]
update,b97f42cb-c0cd-497f-a1e1-a6d3f3c45156,227406679,directory,,hn,2,21.07249781677,105.917852698872,hn_viethung,Quận Long Biên,contains,,pitch,True,True,"Phường Giang Biên, Quận Long Biên, Thành phố Hà Nội, 08443, Việt Nam",,,surface:[asphalt] ;; leisure:[pitch] ;; sport:[racquet]
update,90389c21-73eb-427a-8c43-a77473cf2689,227407192,directory,18T3,hn,2,21.0645954,105.91139425447,hn_viethung,Quận Long Biên,contains,2,pitch|swimming_pool,True,True,"18T3, Đường Đồng Thanh, Quán Tình, Quận Long Biên, Thành phố Hà Nội, 08443, Việt Nam",,Đường Đồng Thanh,"roof:levels:[0] ;; building:levels:[19] ;; leisure:[pitch, swimming_pool] ;; sport:[basketball]"
update,6114d35f-b663-4f43-b927-6a4bbe7829dd,227399541,directory,4T1,hn,2,21.06504285,105.910849386514,hn_viethung,Quận Long Biên,contains,,swimming_pool,False,True,"4T1, Đường Đồng Thanh, Quán Tình, Quận Long Biên, Thành phố Hà Nội, 08443, Việt Nam",,Đường Đồng Thanh,building:levels:[5] ;; leisure:[swimming_pool]
update,371ffc18-cb50-4baf-8d03-8674a917d2c9,227405110,directory,CT20E,hn,2,21.05760725,105.91219473412,hn_viethung,Quận Long Biên,contains,2,pitch,True,True,"CT20E, Phố Đoàn Văn Minh, Phường Giang Biên, Quận Long Biên, Thành phố Hà Nội, 08443, Việt Nam",,Phố Đoàn Văn Minh,building:levels:[12] ;; leisure:[pitch] ;; sport:[basketball]
update,53f354a4-ffa5-4808-ab0e-899f2a8cd934,227403110,directory,GH3,hn,2,21.0579937,105.905926942757,hn_viethung,Quận Long Biên,contains,4,pitch,True,True,"GH3, Phố Ngô Viết Thụ, Quận Long Biên, Thành phố Hà Nội, 08443, Việt Nam",,Phố Ngô Viết Thụ,leisure:[pitch] ;; sport:[tennis]
update,1d417b3f-917b-498a-8cf2-260a51c3b029,227430171,directory,Khu thể thao liên hiệp thanh thiếu niên,hn,2,21.0707651,105.899994419991,hn_viethung,Quận Long Biên,contains,1,pitch|sports_centre,True,True,"Khu thể thao liên hiệp thanh thiếu niên, 163, Phố Thanh Am, Phường Thượng Thanh, Quận Long Biên, Thành phố Hà Nội, 11810, Việt Nam",163,Phố Thanh Am,"leisure:[sports_centre, pitch] ;; sport:[soccer]"
update,89a37e4a-079d-4b99-b2d1-4425cde180d2,227429651,directory,Khu đô thị Việt Hưng,hn,2,21.060435810549,105.911531497919,hn_viethung,Quận Long Biên,contains,,pitch,False,True,"Khu đô thị Việt Hưng, Quận Long Biên, Thành phố Hà Nội, 08443, Việt Nam",,,surface:[asphalt] ;; leisure:[pitch]
update,6e0e3962-b5df-4f05-a68c-50ff1634e79c,227404058,directory,Trung tâm Văn hoá - Thông tin và Thể thao quận Long Biên (cơ sở 2),hn,2,21.05594125,105.907727242506,hn_viethung,Quận Long Biên,contains,1|4,pitch|sports_centre,True,True,"Trung tâm Văn hoá - Thông tin và Thể thao quận Long Biên (cơ sở 2), Phố Ngô Huy Quỳnh, Phường Việt Hưng, Quận Long Biên, Thành phố Hà Nội, 08443, Việt Nam",,Phố Ngô Huy Quỳnh,"leisure:[sports_centre, pitch] ;; sport:[tennis, soccer]"
update,a1912536-ab7e-4f11-8df9-96174b5ee8ad,227404161,directory,Trung tâm văn hóa thể thao phường Giang Biên,hn,2,21.05868425,105.917834060376,hn_viethung,Quận Long Biên,contains,,sports_centre,False,True,"Trung tâm văn hóa thể thao phường Giang Biên, Phố Quán Tình, Quán Tình, Quận Long Biên, Thành phố Hà Nội, 08443, Việt Nam",,Phố Quán Tình,leisure:[sports_centre]
update,ca487c18-940b-4e7b-b5d6-a023ea52a3ca,227398720,directory,Trung tâm Đăng kiểm xe cơ giới 29-05V,hn,2,21.0646212,105.893257965109,hn_viethung,Quận Long Biên,contains,4,pitch,True,True,"Trung tâm Đăng kiểm xe cơ giới 29-05V, 49, Phố Đức Giang, Phường Đức Giang, Quận Long Biên, Thành phố Hà Nội, 11810, Việt Nam",49,Phố Đức Giang,"phone:[+84 024 35742757] ;; building:[yes] ;; opening_hours:[Mo-Fr 07:30-16:30, Sa 07:30-11:30] ;; leisure:[pitch] ;; sport:[tennis]"
update,bb59024f-a6f9-4620-8f29-fda975fbc53a,227452666,directory,Trường Mần non Tràng An,hn,2,21.0642994,105.914850205749,hn_viethung,Quận Long Biên,contains,3,pitch,True,True,"Trường Mần non Tràng An, Ngõ 71 phố Phạm Khắc Quảng, Phường Giang Biên, Quận Long Biên, Thành phố Hà Nội, 08443, Việt Nam",,Ngõ 71 phố Phạm Khắc Quảng,leisure:[pitch] ;; sport:[badminton]
update,fabe3ce7-8179-4036-909f-844a030031e2,227426453,directory,Trường THCS Thanh Am,hn,2,21.07431675,105.893125906791,hn_viethung,Quận Long Biên,contains,1,pitch,True,True,"Trường THCS Thanh Am, Đường Nam Đuống, Phường Thượng Thanh, Quận Long Biên, Thành phố Hà Nội, 11810, Việt Nam",,Đường Nam Đuống,leisure:[pitch] ;; sport:[soccer]
update,679e3b8a-9fb9-4c1f-ba56-c5431d8b4925,227437734,directory,Trường THCS Thượng Thanh,hn,2,21.0606453,105.890851155665,hn_viethung,Quận Long Biên,contains,,pitch,False,True,"Trường THCS Thượng Thanh, Ngõ 94 Thượng Thanh, Phường Thượng Thanh, Quận Long Biên, Thành phố Hà Nội, 11810, Việt Nam",,Ngõ 94 Thượng Thanh,leisure:[pitch]
update,3a852601-08ca-4ed8-8d80-b87a915268ed,227439836,directory,Trường THCS Việt Hưng,hn,2,21.06035795,105.90135434755,hn_viethung,Quận Long Biên,contains,1,pitch,True,True,"Trường THCS Việt Hưng, Phố Kim Quan Thượng, Phường Việt Hưng, Quận Long Biên, Thành phố Hà Nội, 08443, Việt Nam",,Phố Kim Quan Thượng,grades:[6-9] ;; leisure:[pitch] ;; sport:[soccer]
update,b27f55c1-0fc4-4752-945f-76c5a9a774bb,227419728,directory,Trường THCS Đô thị Việt Hưng,hn,2,21.06679795,105.909219856172,hn_viethung,Quận Long Biên,contains,,pitch,False,True,"Trường THCS Đô thị Việt Hưng, Phố Thép Mới, Phường Đức Giang, Quận Long Biên, Thành phố Hà Nội, 08443, Việt Nam",,Phố Thép Mới,leisure:[pitch]
update,11d208df-3563-4fac-9f99-a06f191d2dc5,227407033,directory,Trường THPT Lý Thường Kiệt,hn,2,21.06000725,105.889472367578,hn_viethung,Quận Long Biên,contains,,pitch,False,True,"Trường THPT Lý Thường Kiệt, Ngõ 94 Thượng Thanh, Phường Thượng Thanh, Quận Long Biên, Thành phố Hà Nội, 11810, Việt Nam",,Ngõ 94 Thượng Thanh,grades:[10-12] ;; website:[http://thptlythuongkiet.hanoi.edu.vn] ;; leisure:[pitch]
update,88b6d639-e37b-4aa5-8ead-4568cee3ed3d,227414621,directory,Trường Tiểu học Giang Biên,hn,2,21.063445,105.917205742822,hn_viethung,Quận Long Biên,contains,,pitch,False,True,"Trường Tiểu học Giang Biên, Ngõ 66 phố Phạm Khắc Quảng, Quán Tình, Quận Long Biên, Thành phố Hà Nội, 08443, Việt Nam",,Ngõ 66 phố Phạm Khắc Quảng,leisure:[pitch]
update,df6fcf3c-ef2c-4b10-a04e-a980d0ee7cb4,227418839,directory,Trường Tiểu học Thanh Am,hn,2,21.06912545,105.897457412847,hn_viethung,Quận Long Biên,contains,,pitch,False,True,"Trường Tiểu học Thanh Am, Ngõ 231 Phố Thanh Am, Phường Thượng Thanh, Quận Long Biên, Thành phố Hà Nội, 11810, Việt Nam",,Ngõ 231 Phố Thanh Am,grades:[1-5] ;; leisure:[pitch]
update,52b4de54-4f09-4666-8c6d-37b65f61aac9,227421356,directory,Trường Tiểu học Đoàn Khuê,hn,2,21.05965905,105.901729418718,hn_viethung,Quận Long Biên,contains,1,pitch,True,True,"Trường Tiểu học Đoàn Khuê, Phố Kim Quan Thượng, Phường Việt Hưng, Quận Long Biên, Thành phố Hà Nội, 08443, Việt Nam",,Phố Kim Quan Thượng,grades:[1-5] ;; leisure:[pitch] ;; sport:[soccer]
update,4decd877-6562-475e-b3b1-fef9fe8ca9a0,227422932,directory,Trường Tiểu học Đô thị Việt Hưng,hn,2,21.06344395,105.910268607697,hn_viethung,Quận Long Biên,contains,,pitch|sports_centre,False,True,"Trường Tiểu học Đô thị Việt Hưng, Phố Thép Mới, Phường Giang Biên, Quận Long Biên, Thành phố Hà Nội, 08443, Việt Nam",,Phố Thép Mới,"leisure:[sports_centre, pitch]"
update,8163aca3-723d-4ecb-ab30-2dd65a5be95d,227402496,directory,Trường Trung học cơ sở Chu Văn An,hn,2,21.0624219,105.914481427006,hn_viethung,Quận Long Biên,contains,1,pitch,True,True,"Trường Trung học cơ sở Chu Văn An, Phố Nguyễn Khắc Viện, Phường Giang Biên, Quận Long Biên, Thành phố Hà Nội, 08443, Việt Nam",,Phố Nguyễn Khắc Viện,grades:[6-9] ;; leisure:[pitch] ;; sport:[soccer]
update,429df067-02c6-4376-81fe-8149fb2e873a,227422871,directory,Trụ sở Cơ quan hành chính quận Long Biên,hn,2,21.0636072,105.902598915254,hn_viethung,Quận Long Biên,contains,4,pitch,True,True,"Trụ sở Cơ quan hành chính quận Long Biên, 3, Phố Vạn Hạnh, Phường Việt Hưng, Quận Long Biên, Thành phố Hà Nội, 08443, Việt Nam",3,Phố Vạn Hạnh,building:[yes] ;; government:[administrative] ;; leisure:[pitch] ;; sport:[tennis]
update,1ac76c9d-3fe6-4fbd-9cb9-ea3419503e05,227416249,directory,Bể bơi Vĩnh Tuy,hn,2,20.9976907,105.874988893955,hn_vinhhung,Quận Hai Bà Trưng,contains,,swimming_pool,False,True,"Bể bơi Vĩnh Tuy, Ngõ 122 Vĩnh Tuy, Phường Vĩnh Tuy, Quận Hai Bà Trưng, Thành phố Hà Nội, 11622, Việt Nam",,Ngõ 122 Vĩnh Tuy,lit:[yes] ;; location:[outdoor] ;; leisure:[swimming_pool]
update,fcc18447-4689-4110-81ba-84a5539809c6,227463383,directory,Sân Tennis Vĩnh Tuy,hn,2,20.9983784,105.8747483,hn_vinhhung,Quận Hai Bà Trưng,contains,4,pitch,True,True,"Sân Tennis Vĩnh Tuy, Ngõ 122 Vĩnh Tuy, Phường Vĩnh Tuy, Quận Hai Bà Trưng, Thành phố Hà Nội, 11622, Việt Nam",,Ngõ 122 Vĩnh Tuy,lit:[yes] ;; sport:[tennis] ;; access:[permissive] ;; surface:[paved] ;; leisure:[pitch]
update,436c63e4-a3b2-4188-b3a2-dcc0c4d106db,227426358,directory,Trường Tiểu học Lĩnh Nam,hn,2,20.9814644,105.886277276249,hn_vinhhung,Quận Hoàng Mai,contains,1,pitch,True,True,"Trường Tiểu học Lĩnh Nam, Phố Nam Dư, Phường Lĩnh Nam, Quận Hoàng Mai, Thành phố Hà Nội, 11622, Việt Nam",,Phố Nam Dư,leisure:[pitch] ;; sport:[soccer]
update,221e146d-094e-4086-8a71-35d8c8e367f8,227415246,directory,Trường Tiểu học Vĩnh Hưng,hn,2,20.9848659,105.877160362686,hn_vinhhung,Quận Hoàng Mai,contains,,pitch,False,True,"Trường Tiểu học Vĩnh Hưng, Phố Đông Thiên, Phường Vĩnh Hưng, Quận Hoàng Mai, Thành phố Hà Nội, 11622, Việt Nam",,Phố Đông Thiên,leisure:[pitch]
update,3117067c-b0a3-41da-b0c0-1081b399e9a7,227454497,directory,Viện Công nghệ Xi măng Vicem,hn,2,20.99793205,105.874498893344,hn_vinhhung,Quận Hai Bà Trưng,contains,4,pitch,True,True,"Viện Công nghệ Xi măng Vicem, Ngõ 122 Vĩnh Tuy, Phường Vĩnh Tuy, Quận Hai Bà Trưng, Thành phố Hà Nội, 11622, Việt Nam",,Ngõ 122 Vĩnh Tuy,website:[https://www.facebook.com/vcti.vicem/] ;; building:[yes] ;; leisure:[pitch] ;; sport:[tennis]
update,cf2f2684-69cf-49e1-8d2d-88adb9aa2571,227436528,directory,Xí nghiệp bao bì Vĩnh Tuy,hn,2,20.9985126,105.875791290572,hn_vinhhung,Quận Hai Bà Trưng,contains,4,pitch,True,True,"Xí nghiệp bao bì Vĩnh Tuy, Ngõ 122 Vĩnh Tuy, Phường Vĩnh Tuy, Quận Hai Bà Trưng, Thành phố Hà Nội, 11622, Việt Nam",,Ngõ 122 Vĩnh Tuy,product:[packaging] ;; building:[yes] ;; leisure:[pitch] ;; sport:[tennis]
update,db755f6e-5f75-4d9a-876b-720130b5d5a1,227392904,directory,Trường THCS Hải Bối,hn,2,21.11244585,105.791982325318,hn_vinhthanh,,contains,,pitch,False,True,"Trường THCS Hải Bối, Đường Bắc Thăng Long - Hải Bối, Thành phố Hà Nội, 11909, Việt Nam",,Đường Bắc Thăng Long - Hải Bối,grades:[6-9] ;; leisure:[pitch]
update,3d8b8784-e62d-44ac-8124-1bba571b3bf7,227416486,directory,Trường THCS Tàm Xá,hn,2,21.1057282,105.84641584144,hn_vinhthanh,,contains,1,pitch,True,True,"Trường THCS Tàm Xá, Đê Tả Sông Hồng, Thành phố Hà Nội, 12323, Việt Nam",,Đê Tả Sông Hồng,grades:[6-9] ;; leisure:[pitch] ;; sport:[soccer]
update,431eac0f-1005-43db-b31a-cfc2aac2ebad,227449516,directory,Trường Tiểu học Tàm Xá,hn,2,21.10895145,105.846629345547,hn_vinhthanh,,contains,1,pitch,True,True,"Trường Tiểu học Tàm Xá, Ngõ Số 3, Thành phố Hà Nội, 12323, Việt Nam",,Ngõ Số 3,grades:[1-5] ;; leisure:[pitch] ;; sport:[soccer]
update,32f201a5-2756-40da-82e5-6d18ed243020,227414942,directory,Xã Hải Bối,hn,2,21.1160993,105.8011704,hn_vinhthanh,,contains,1,pitch,True,True,"Xã Hải Bối, Thành phố Hà Nội, 11909, Việt Nam",,,leisure:[pitch] ;; sport:[soccer]
update,b1312826-186f-4cd9-b7d2-92f51a9a5765,227446061,directory,Decathlon,hn,2,20.99464595,105.869617475,hn_vinhtuy,Quận Hai Bà Trưng,contains,2,pitch,True,True,"Decathlon, Đường Số 5 Times City, Quận Hai Bà Trưng, Thành phố Hà Nội, 11622, Việt Nam",,Đường Số 5 Times City,level:[-1] ;; indoor:[room] ;; brand:wikidata:[Q509349] ;; leisure:[pitch] ;; sport:[basketball]
update,005cdb53-c29c-4a16-a451-b873dfe4eb05,227456359,directory,Lotteria,hn,2,20.9961847,105.868608125,hn_vinhtuy,Quận Hai Bà Trưng,contains,4,pitch,True,True,"Lotteria, Đường Số 4, Phường Vĩnh Tuy, Quận Hai Bà Trưng, Thành phố Hà Nội, 11622, Việt Nam",,Đường Số 4,level:[-1] ;; indoor:[room] ;; cuisine:[burger] ;; takeaway:[yes] ;; brand:wikidata:[Q249525] ;; leisure:[pitch] ;; sport:[tennis]
update,b1305b9b-0da3-4464-858e-05f017731812,227454418,directory,My Kingdom,hn,2,20.9937383,105.868559275101,hn_vinhtuy,Quận Hai Bà Trưng,contains,4,pitch,True,True,"My Kingdom, Đường Số 4, Phường Vĩnh Tuy, Quận Hai Bà Trưng, Thành phố Hà Nội, 11622, Việt Nam",,Đường Số 4,level:[-1] ;; indoor:[room] ;; leisure:[pitch] ;; sport:[tennis]
update,3b266894-fca2-4593-add7-bcd62290f1c6,227459382,directory,Park 12,hn,2,20.99196445,105.866074078731,hn_vinhtuy,Quận Hoàng Mai,contains,4,pitch,True,True,"Park 12, Đường Số 3 Times City, Quận Hoàng Mai, Thành phố Hà Nội, 11622, Việt Nam",,Đường Số 3 Times City,building:levels:[33] ;; leisure:[pitch] ;; sport:[tennis]
update,5d22f410-c688-4416-8bdd-9abb29e5f343,227458492,directory,Park 5,hn,2,20.99081625,105.869705857292,hn_vinhtuy,Quận Hai Bà Trưng,contains,3,pitch,True,True,"Park 5, 458, Minh Khai, Phường Thanh Lương, Quận Hai Bà Trưng, Thành phố Hà Nội, 11622, Việt Nam",458,Minh Khai,building:levels:[35] ;; leisure:[pitch] ;; sport:[badminton]
update,e97bd9e3-a41d-47c8-a693-5a7a16847240,227487889,directory,Park 6,hn,2,20.9908452,105.8687143,hn_vinhtuy,Quận Hoàng Mai,contains,3|4,pitch,True,True,"Park 6, Ngõ 13 Đường Lĩnh Nam, Phường Mai Động, Quận Hoàng Mai, Thành phố Hà Nội, 11622, Việt Nam",,Ngõ 13 Đường Lĩnh Nam,"building:levels:[35] ;; leisure:[pitch] ;; sport:[badminton, tennis]"
update,9ddca3a9-86b1-441d-81cc-d084a5f441a7,227432084,directory,Pizza Hut,hn,2,20.9937185,105.868302324971,hn_vinhtuy,Quận Hoàng Mai,contains,2,pitch,True,True,"Pizza Hut, Đường Số 7 Times City, Quận Hoàng Mai, Thành phố Hà Nội, 11622, Việt Nam",,Đường Số 7 Times City,level:[-1] ;; indoor:[room] ;; cuisine:[pizza] ;; brand:wikidata:[Q191615] ;; leisure:[pitch] ;; sport:[basketball]
update,c7e20aaa-4cc3-4ed0-9a11-9c8b92405c4c,227463068,directory,T18,hn,2,20.9914427,105.869714107876,hn_vinhtuy,Quận Hoàng Mai,contains,,swimming_pool,False,True,"T18, Ngõ 13 Đường Lĩnh Nam, Phường Mai Động, Quận Hoàng Mai, Thành phố Hà Nội, 11622, Việt Nam",,Ngõ 13 Đường Lĩnh Nam,building:levels:[35] ;; leisure:[swimming_pool]
update,f666d26c-782b-4eff-ac30-d80263c3470a,227448391,directory,Times School Minh Khai,hn,2,20.9983159,105.870661595088,hn_vinhtuy,Quận Hai Bà Trưng,contains,1,pitch,True,True,"Times School Minh Khai, Ngõ 622 Minh Khai, Phường Vĩnh Tuy, Quận Hai Bà Trưng, Thành phố Hà Nội, 10000, Việt Nam",,Ngõ 622 Minh Khai,email:[lienhe@timesschools.com.vn] ;; phone:[+842456789669] ;; grades:[1-5] ;; website:[https://timesschools.edu.vn] ;; operator:[Times School] ;; operator:type:[private] ;; leisure:[pitch] ;; sport:[soccer]
update,16b1b6d9-5971-46fa-9e04-3a4b3de1422d,227364291,directory,Trường PTCS Nguyễn Đình Chiểu,hn,2,21.0025281,105.862972493282,hn_vinhtuy,Quận Hai Bà Trưng,contains,1,pitch,True,True,"Trường PTCS Nguyễn Đình Chiểu, 21, Phố Lạc Trung, Phường Vĩnh Tuy, Quận Hai Bà Trưng, Thành phố Hà Nội, 11622, Việt Nam",21,Phố Lạc Trung,leisure:[pitch] ;; sport:[soccer]
update,9bd4b149-b8af-40af-b2f2-0b16ad8726aa,227463129,directory,Trường Trung học Vinschool Times City,hn,2,20.9911383,105.86678164997,hn_vinhtuy,Quận Hoàng Mai,contains,1|3|4,pitch,True,True,"Trường Trung học Vinschool Times City, Ngõ 13 Đường Lĩnh Nam, Phường Mai Động, Quận Hoàng Mai, Thành phố Hà Nội, 11622, Việt Nam",,Ngõ 13 Đường Lĩnh Nam,"leisure:[pitch] ;; sport:[tennis, badminton, soccer]"
update,fbafde04-97b7-45f5-b6f2-f089b18f971c,227460998,directory,VinFast,hn,2,20.9906469,105.8696944,hn_vinhtuy,Quận Hoàng Mai,contains,2,pitch,True,True,"VinFast, Ngõ 13 Đường Lĩnh Nam, Phường Mai Động, Quận Hoàng Mai, Thành phố Hà Nội, 11622, Việt Nam",,Ngõ 13 Đường Lĩnh Nam,fee:[yes] ;; access:[yes] ;; operator:[VinFast] ;; brand:wikidata:[Q56660561] ;; operator:wikidata:[Q56660561] ;; leisure:[pitch] ;; sport:[basketball]
update,24b0c154-3f5e-4385-a74a-51441ad7011b,227434585,directory,Vinschool,hn,2,20.9938074,105.866528354707,hn_vinhtuy,Quận Hai Bà Trưng,contains,1|2,pitch,True,True,"Vinschool, Đường Số 3 Times City, Phường Vĩnh Tuy, Quận Hai Bà Trưng, Thành phố Hà Nội, 11622, Việt Nam",,Đường Số 3 Times City,"leisure:[pitch] ;; sport:[soccer, basketball]"
update,2c183e4a-f5f5-46c7-9725-1c10d25733f6,227463360,directory,Yutang,hn,2,20.99618945,105.868895725104,hn_vinhtuy,Quận Hai Bà Trưng,contains,2,pitch,True,True,"Yutang, Đường Số 4, Phường Vĩnh Tuy, Quận Hai Bà Trưng, Thành phố Hà Nội, 11622, Việt Nam",,Đường Số 4,level:[-1] ;; indoor:[room] ;; cuisine:[bubble_tea] ;; leisure:[pitch] ;; sport:[basketball]
update,71a025b7-6631-4917-aae7-85bc0a9f13c6,227389795,directory,,hn,2,21.0694093907496,105.78838377248,hn_xuandinh,Quận Bắc Từ Liêm,contains,,pitch,False,True,"Phường Xuân Đỉnh, Quận Bắc Từ Liêm, Thành phố Hà Nội, 12500, Việt Nam",,,leisure:[pitch]
update,892ff280-c917-47f4-aa98-a06f0cceef13,227377393,directory,,hn,2,21.0549034597103,105.791214588883,hn_xuandinh,Quận Bắc Từ Liêm,contains,4,pitch,True,True,"Phường Xuân Tảo, Quận Bắc Từ Liêm, Thành phố Hà Nội, 10264, Việt Nam",,,surface:[asphalt] ;; leisure:[pitch] ;; sport:[tennis]
update,d52ad751-1f6a-4690-811d-f424703fc9d7,227404055,directory,903-H9CT1,hn,2,21.0523976,105.792226815864,hn_xuandinh,Quận Bắc Từ Liêm,contains,4,pitch,True,True,"903-H9CT1, Ngõ 106 Hoàng Quốc Việt, Phường Cổ Nhuế 1, Quận Bắc Từ Liêm, Thành phố Hà Nội, 10065, Việt Nam",,Ngõ 106 Hoàng Quốc Việt,building:levels:[3] ;; leisure:[pitch] ;; sport:[tennis]
update,1e7a59d8-da3b-44b1-969c-08aa5d58a3e9,227415821,directory,Garden House,hn,2,21.05383625,105.7934328,hn_xuandinh,Quận Bắc Từ Liêm,contains,,swimming_pool,False,True,"Garden House, BT 59, Phố Lưu Cơ, Quận Bắc Từ Liêm, Thành phố Hà Nội, 10072, Việt Nam",,Phố Lưu Cơ,building:levels:[3] ;; leisure:[swimming_pool]
update,30bbf47a-b785-4d28-badc-afc43c390e95,227419935,directory,Khu Ngoại giao đoàn,hn,2,21.0665258095508,105.800899420237,hn_xuandinh,Quận Bắc Từ Liêm,contains,2,pitch,True,True,"Khu Ngoại giao đoàn, Quận Bắc Từ Liêm, Thành phố Hà Nội, 10264, Việt Nam",,,leisure:[pitch] ;; sport:[basketball]
update,9f92bbf8-f8e2-4f70-aecd-46660611ea74,227406478,directory,Khu đô thị mới Tây Hồ Tây,hn,2,21.0529329759023,105.790960509701,hn_xuandinh,Quận Bắc Từ Liêm,contains,,pitch|swimming_pool,False,True,"Khu đô thị mới Tây Hồ Tây, Quận Bắc Từ Liêm, Thành phố Hà Nội, 10072, Việt Nam",,,"surface:[asphalt] ;; leisure:[pitch, swimming_pool]"
update,7e213a31-98ac-452b-8dc2-0714dfce58f3,227390622,directory,Trung tâm Văn hóa - Thông tin và Thể thao Tây Hồ,hn,2,21.064356,105.804351215632,hn_xuandinh,Quận Tây Hồ,contains,1|2|4,pitch|sports_centre|stadium,True,True,"Trung tâm Văn hóa - Thông tin và Thể thao Tây Hồ, 101, Đường Xuân La, Phường Xuân La, Quận Tây Hồ, Thành phố Hà Nội, 10264, Việt Nam",101,Đường Xuân La,"sport:[multi, tennis, soccer, basketball] ;; leisure:[sports_centre, stadium, pitch]"
update,539d44b8-5251-446e-bc2c-24c18e3a6a2c,227411330,directory,Trung tâm Văn hóa Thể thao phường Xuân Tảo,hn,2,21.0636621,105.80141782499,hn_xuandinh,Quận Bắc Từ Liêm,contains,,pitch|sports_centre,False,True,"Trung tâm Văn hóa Thể thao phường Xuân Tảo, Gia Vinh, Phường Xuân Tảo, Quận Bắc Từ Liêm, Thành phố Hà Nội, 10264, Việt Nam",,Gia Vinh,"operator:[Ủy ban nhân dân quận Bắc Từ Liêm] ;; operator:type:[public/government] ;; leisure:[sports_centre, pitch]"
update,3631d8e5-6fec-4e37-835e-39e0945db824,403807813,directory,Trường Dewey Tây Hồ Tây,hn,2,21.05519425,105.792604366567,hn_xuandinh,Quận Bắc Từ Liêm,contains,1|4,pitch,True,True,"Trường Dewey Tây Hồ Tây, Phố Lưu Cơ, Quận Bắc Từ Liêm, Thành phố Hà Nội, 10072, Việt Nam",,Phố Lưu Cơ,"leisure:[pitch] ;; sport:[soccer, tennis]"
update,3801e4be-b641-4c47-885d-6165c85d7966,227411628,directory,Trường THCS Xuân Đỉnh,hn,2,21.0720431,105.795645234738,hn_xuandinh,Quận Bắc Từ Liêm,contains,,pitch,False,True,"Trường THCS Xuân Đỉnh, 180, Đường Xuân Đỉnh, Phường Xuân Đỉnh, Quận Bắc Từ Liêm, Thành phố Hà Nội, 12500, Việt Nam",180,Đường Xuân Đỉnh,leisure:[pitch]
update,b1549242-31fc-44cf-ab46-53f43e3db1c5,227424778,directory,Trường THPT Xuân Đỉnh,hn,2,21.07302255,105.796424199018,hn_xuandinh,Quận Bắc Từ Liêm,contains,1,pitch,True,True,"Trường THPT Xuân Đỉnh, 178, Đường Xuân Đỉnh, Phường Xuân Đỉnh, Quận Bắc Từ Liêm, Thành phố Hà Nội, 12500, Việt Nam",178,Đường Xuân Đỉnh,grades:[10-12] ;; website:[https://www.thptxuandinh-hanoi.edu.vn/] ;; leisure:[pitch] ;; sport:[soccer]
update,48c3cb54-0035-46fe-86d9-f5d8350b1e0f,227417299,directory,Trường Tiểu học Xuân Đỉnh,hn,2,21.07247485,105.794558747238,hn_xuandinh,Quận Bắc Từ Liêm,contains,,pitch,False,True,"Trường Tiểu học Xuân Đỉnh, Ngõ 190 Xuân Đỉnh, Phường Xuân Đỉnh, Quận Bắc Từ Liêm, Thành phố Hà Nội, 10264, Việt Nam",,Ngõ 190 Xuân Đỉnh,leisure:[pitch]
update,64b60fdf-798e-44bf-93c7-821ff39de3d2,227410889,directory,Westlink International School Hanoi (khối THCS),hn,2,21.0636595,105.802149422284,hn_xuandinh,Quận Bắc Từ Liêm,contains,1,pitch,True,True,"Westlink International School Hanoi (khối THCS), Gia Vinh, Phường Xuân Tảo, Quận Bắc Từ Liêm, Thành phố Hà Nội, 10264, Việt Nam",,Gia Vinh,grades:[6-9] ;; leisure:[pitch] ;; sport:[soccer]
update,8ad13344-3116-442b-a168-b8c97eb5b10c,227390514,directory,Westlink International School Hanoi (khối Tiểu học),hn,2,21.0647411,105.803016311466,hn_xuandinh,Quận Bắc Từ Liêm,contains,1,pitch,True,True,"Westlink International School Hanoi (khối Tiểu học), Gia Vinh, Phường Xuân Tảo, Quận Bắc Từ Liêm, Thành phố Hà Nội, 10264, Việt Nam",,Gia Vinh,grades:[1-5] ;; leisure:[pitch] ;; sport:[soccer]
update,01a06d45-9131-40b8-8faf-7c68100779bf,227414980,directory,san bong 12,hn,2,21.07276605,105.786565575,hn_xuandinh,Quận Bắc Từ Liêm,contains,1,pitch,True,True,"san bong 12, Ngách 401/72 Đường Xuân Đỉnh, Phường Xuân Đỉnh, Quận Bắc Từ Liêm, Thành phố Hà Nội, 12500, Việt Nam",,Ngách 401/72 Đường Xuân Đỉnh,sport:[soccer] ;; leisure:[pitch]
update,f6e4970f-bf09-4c1e-8166-1bcb3fe780b4,227446751,directory,sân bóng 8,hn,2,21.0749903,105.786199221545,hn_xuandinh,Quận Bắc Từ Liêm,contains,1,pitch,True,True,"sân bóng 8, Đường Phạm Văn Đồng, Phường Xuân Đỉnh, Quận Bắc Từ Liêm, Thành phố Hà Nội, 12500, Việt Nam",,Đường Phạm Văn Đồng,sport:[soccer] ;; leisure:[pitch]
update,886359d0-1657-4f47-87f5-a7a2a18f5c2f,227469537,directory,,hn,2,20.9054054182308,105.573341078665,hn_xuanmai,,contains,,pitch,False,True,"Xuân Hà, Thành phố Hà Nội, Việt Nam",,,surface:[concrete] ;; leisure:[pitch]
update,81526544-2b3a-4999-8eae-c516fe90f809,227491372,directory,Bãi Tắm Hồ Văn Sơn,hn,2,20.8459956,105.6186499,hn_xuanmai,,contains,,sports_centre,True,True,"Bãi Tắm Hồ Văn Sơn, Đường Hồ Chí Minh, Thành phố Hà Nội, Huyện Lương Sơn, Tỉnh Hòa Bình, Việt Nam",,Đường Hồ Chí Minh,sport:[swimming] ;; leisure:[sports_centre]
update,2af2278e-3da5-40f0-bce6-151ca253da8b,227447914,directory,Trường THCS Thuỷ Xuân Tiên,hn,2,20.9058074,105.602859119427,hn_xuanmai,,contains,1,pitch,True,True,"Trường THCS Thuỷ Xuân Tiên, Quốc lộ 6, Thành phố Hà Nội, Việt Nam",,Quốc lộ 6,leisure:[pitch] ;; sport:[soccer]
update,ec61dc19-bccc-4eb8-9f05-94d12c89b7f1,227463817,directory,Trường Đại học Lâm nghiệp,hn,2,20.9103383,105.575040601288,hn_xuanmai,,contains,1|4,pitch|swimming_pool,True,True,"Trường Đại học Lâm nghiệp, Ngõ 42, Tân Bình, Thành phố Hà Nội, Việt Nam",,Ngõ 42,"website:[https://vnuf.edu.vn] ;; wikidata:[Q10829090] ;; wikipedia:[vi:Trường Đại học Lâm nghiệp] ;; internet_access:[yes] ;; leisure:[pitch, swimming_pool] ;; sport:[soccer, tennis]"
update,0b287da4-7cce-40e4-b34c-7286299fe9d4,227486807,directory,Trạm Xăng dầu Đồng Tiến,hn,2,20.8488777,105.6217173,hn_xuanmai,,contains,4,pitch,True,True,"Trạm Xăng dầu Đồng Tiến, Đường Hồ Chí Minh, Thành phố Hà Nội, Huyện Lương Sơn, Tỉnh Hòa Bình, Việt Nam",,Đường Hồ Chí Minh,leisure:[pitch] ;; sport:[tennis]
update,e60d0e8b-1ea6-4f95-b93c-47c1504d1170,227478411,directory,Xã Nam Phương Tiến,hn,2,20.8836186,105.6221734,hn_xuanmai,,contains,,pitch,True,True,"Xã Nam Phương Tiến, Thành phố Hà Nội, Việt Nam",,,"wikidata:[Q10797118] ;; wikipedia:[vi:Nam Phương Tiến] ;; linked_place:[village] ;; leisure:[pitch] ;; sport:[paragliding, free_flying]"
update,07abe725-a6d8-43eb-9787-af203e35cbfc,227408258,directory,,hn,2,21.0321527965292,105.753950787134,hn_xuanphuong,Quận Nam Từ Liêm,contains,1,pitch,True,True,"Phường Xuân Phương, Quận Nam Từ Liêm, Thành phố Hà Nội, 10085, Việt Nam",,,leisure:[pitch] ;; sport:[soccer]
update,28ee925a-1d1a-4257-b7a3-be59eb4d7b55,227353305,directory,,hn,2,21.0115473738707,105.758789096571,hn_xuanphuong,Quận Nam Từ Liêm,contains,4,pitch,True,True,"Phường Đại Mỗ, Quận Nam Từ Liêm, Thành phố Hà Nội, 10070, Việt Nam",,,"oneway:[yes] ;; leisure:[pitch] ;; sport:[volleyball, tennis]"
update,3947a9f3-6d9b-4947-8469-0b08a1faf7b1,227353033,directory,,hn,2,21.0102686601127,105.743733578731,hn_xuanphuong,Quận Nam Từ Liêm,contains,4,pitch,True,True,"Phường Tây Mỗ, Quận Nam Từ Liêm, Thành phố Hà Nội, 34000, Việt Nam",,,"leisure:[pitch] ;; sport:[volleyball, tennis]"
update,59319c11-1752-440d-96a4-a40f56612e8d,227412702,directory,,hn,2,21.016486340885,105.749221257437,hn_xuanphuong,Quận Nam Từ Liêm,contains,4,pitch,True,True,"Ngõ 22 Nhuệ Giang, Phường Tây Mỗ, Quận Nam Từ Liêm, Thành phố Hà Nội, 10074, Việt Nam",,Ngõ 22 Nhuệ Giang,service:[alley] ;; surface:[asphalt] ;; motorcycle:[yes] ;; leisure:[pitch] ;; sport:[tennis]
update,63929f5b-81d3-4c61-bdfb-d86da55f630a,227351264,directory,,hn,2,21.0168673828411,105.748728316725,hn_xuanphuong,Quận Nam Từ Liêm,contains,1,pitch,True,True,"Phường Tây Mỗ, Quận Nam Từ Liêm, Thành phố Hà Nội, 10074, Việt Nam",,,leisure:[pitch] ;; sport:[soccer]
update,b4b39395-13a2-4a83-84d4-72c83de6bcfe,227373297,directory,An Lạc Green Symphony,hn,2,21.0265611552184,105.735647214199,hn_xuanphuong,,contains,4,pitch,True,True,"An Lạc Green Symphony, Thành phố Hà Nội, 34000, Việt Nam",,,oneway:[yes] ;; leisure:[pitch] ;; sport:[tennis]
update,b1d42e20-5daa-4a93-8e55-6d1a87542dde,227384836,directory,Bộ chỉ huy Cảnh sát biển Việt Nam,hn,2,21.0115787,105.745263402208,hn_xuanphuong,Quận Nam Từ Liêm,contains,1|4,pitch,True,True,"Bộ chỉ huy Cảnh sát biển Việt Nam, Phố Miêu Nha, Phường Tây Mỗ, Quận Nam Từ Liêm, Thành phố Hà Nội, 10070, Việt Nam",,Phố Miêu Nha,"building:[yes] ;; leisure:[pitch] ;; sport:[soccer, tennis]"
update,3beb1c93-efe6-4d6d-8205-3e3669e3f021,227348733,directory,Sân bóng Vân Canh - KĐT Vân Canh,hn,2,21.0279583,105.7395203,hn_xuanphuong,Quận Nam Từ Liêm,contains,1,pitch,True,True,"Sân bóng Vân Canh - KĐT Vân Canh, Ngõ 422 Đường Xuân Phương, Phường Xuân Phương, Quận Nam Từ Liêm, Thành phố Hà Nội, 34000, Việt Nam",,Ngõ 422 Đường Xuân Phương,bus:[yes] ;; public_transport:[platform] ;; leisure:[pitch] ;; sport:[soccer]
update,2ce36bf2-6ea3-4bac-a81b-c76ee69b8121,227422186,directory,Sân bóng Văn phòng Quốc hội,hn,2,21.03264045,105.753698640764,hn_xuanphuong,Quận Nam Từ Liêm,contains,1,pitch,True,True,"Sân bóng Văn phòng Quốc hội, Phố Trịnh Văn Bô, Phường Xuân Phương, Quận Nam Từ Liêm, Thành phố Hà Nội, 10085, Việt Nam",,Phố Trịnh Văn Bô,lit:[yes] ;; sport:[soccer] ;; leisure:[pitch]
update,6d748700-b75a-4980-8ec1-243d1435a6f1,227360318,directory,Trung tâm Huấn luyện Thể thao Quốc gia Hà Nội,hn,2,21.05237005,105.72800676747,hn_xuanphuong,Quận Nam Từ Liêm,contains,1|2|4,pitch|sports_centre,True,True,"Trung tâm Huấn luyện Thể thao Quốc gia Hà Nội, Phố Tu Hoàng, Phường Phương Canh, Quận Nam Từ Liêm, Thành phố Hà Nội, 34000, Việt Nam",,Phố Tu Hoàng,"leisure:[sports_centre, pitch] ;; sport:[tennis, soccer, archery, basketball, volleyball]"
update,f7de1d45-5acb-4165-bca6-821fe52f7525,227351485,directory,Trung tâm Huấn luyện Thể thao Quốc gia Hà Nội (khu B),hn,2,21.044028,105.733636841888,hn_xuanphuong,Quận Nam Từ Liêm,contains,,sports_centre,False,True,"Trung tâm Huấn luyện Thể thao Quốc gia Hà Nội (khu B), Phố Trịnh Văn Bô, Phường Phương Canh, Quận Nam Từ Liêm, Thành phố Hà Nội, 34000, Việt Nam",,Phố Trịnh Văn Bô,leisure:[sports_centre]
update,01565bc4-fae1-42aa-9cdf-bebf2e213bf3,227411224,directory,Trường Phổ thông Liên cấp Tây Hà Nội,hn,2,21.0418503,105.75087281477,hn_xuanphuong,Quận Bắc Từ Liêm,contains,1,pitch,True,True,"Trường Phổ thông Liên cấp Tây Hà Nội, Ngõ 7 Đường Phú Kiều, Phường Phúc Diễn, Quận Bắc Từ Liêm, Thành phố Hà Nội, 10085, Việt Nam",,Ngõ 7 Đường Phú Kiều,leisure:[pitch] ;; sport:[soccer]
update,7bd25209-41e9-4313-9803-5f787b7b8874,227388634,directory,Trường THCS Phương Canh,hn,2,21.0355803,105.739375811215,hn_xuanphuong,Quận Nam Từ Liêm,contains,,pitch,False,True,"Trường THCS Phương Canh, Ngõ 390 Phương Canh, Phường Phương Canh, Quận Nam Từ Liêm, Thành phố Hà Nội, 34000, Việt Nam",,Ngõ 390 Phương Canh,leisure:[pitch]
update,8a37b1ef-3b89-4baa-b2d6-e3ab3332e180,227389269,directory,Trường THPT Khoa học Giáo dục,hn,2,21.0414348,105.750489773991,hn_xuanphuong,Quận Bắc Từ Liêm,contains,1,pitch,True,True,"Trường THPT Khoa học Giáo dục, Phố Kiều Mai, Phường Phúc Diễn, Quận Bắc Từ Liêm, Thành phố Hà Nội, 10085, Việt Nam",,Phố Kiều Mai,grades:[10-12] ;; website:[https://www.hes.vnu.edu.vn/] ;; operator:[Đại học Giáo dục - ĐHQGHN] ;; operator:type:[university] ;; leisure:[pitch] ;; sport:[soccer]
update,28687ea6-c305-45e8-a666-17583ec39623,227351647,directory,Trường THPT Xuân Phương,hn,2,21.03211195,105.747670146354,hn_xuanphuong,Quận Nam Từ Liêm,contains,,pitch,False,True,"Trường THPT Xuân Phương, Đường Foresa 4B, Phường Xuân Phương, Quận Nam Từ Liêm, Thành phố Hà Nội, 34000, Việt Nam",,Đường Foresa 4B,grades:[10-12] ;; website:[http://c3xuanphuong.edu.vn] ;; leisure:[pitch]
update,070f9663-9bbd-4c24-ace7-0b360f43c211,227348961,directory,Trường Tiểu học Lý Nam Đế,hn,2,21.0194218,105.73869811806,hn_xuanphuong,Quận Nam Từ Liêm,contains,,pitch,False,True,"Trường Tiểu học Lý Nam Đế, Ngách 135 Ngõ 122 Do Nha, Phường Tây Mỗ, Quận Nam Từ Liêm, Thành phố Hà Nội, 34000, Việt Nam",,Ngách 135 Ngõ 122 Do Nha,leisure:[pitch]
update,61b0c76b-5746-468a-a7f5-9f5fd2080f53,227358157,directory,,hn,2,21.0138282186739,105.794008489319,hn_yenhoa,Quận Cầu Giấy,contains,1,pitch,True,True,"Ngõ 125 Trung Kính, Phường Trung Hòa, Quận Cầu Giấy, Thành phố Hà Nội, 10037, Việt Nam",,Ngõ 125 Trung Kính,surface:[concrete] ;; leisure:[pitch] ;; sport:[soccer]
update,79e9fca7-90f7-409e-92f2-ca75ecff53b7,227355875,directory,,hn,2,21.0128198032684,105.793652912935,hn_yenhoa,Quận Cầu Giấy,contains,1,pitch,True,True,"Phố Mạc Thái Tông, Phường Trung Hòa, Quận Cầu Giấy, Thành phố Hà Nội, 10161, Việt Nam",,Phố Mạc Thái Tông,lit:[yes] ;; lanes:[4] ;; oneway:[no] ;; surface:[asphalt] ;; lanes:forward:[2] ;; sidewalk:both:[separate] ;; lanes:backward:[2] ;; leisure:[pitch] ;; sport:[soccer]
update,ffacc527-9abe-404b-8dea-0e5ae14a8d28,227393351,directory,,hn,2,21.0147064,105.803778,hn_yenhoa,Quận Cầu Giấy,contains,,pitch,True,True,"20, Ngõ 1 Nguyễn Khang, Phường Trung Hòa, Quận Cầu Giấy, Thành phố Hà Nội, 11513, Việt Nam",20,Ngõ 1 Nguyễn Khang,leisure:[pitch] ;; sport:[volleyball]
update,efbc069c-c6da-40a5-ab55-7e15af6b08f5,227379996,directory,B11D,hn,2,21.01150975,105.78985626624,hn_yenhoa,Quận Cầu Giấy,contains,4,pitch,True,True,"B11D, Phố Nguyễn Quốc Trị, Phường Trung Hòa, Quận Cầu Giấy, Thành phố Hà Nội, 10161, Việt Nam",,Phố Nguyễn Quốc Trị,building:levels:[13] ;; leisure:[pitch] ;; sport:[tennis]
update,e6bfd4b6-79e0-40e8-bc8e-611749c3857a,227356206,directory,BIDV,hn,2,21.0137872,105.8027524,hn_yenhoa,Quận Cầu Giấy,contains,,pitch,True,True,"BIDV, 22, Đường Trần Duy Hưng, Phường Trung Hòa, Quận Cầu Giấy, Thành phố Hà Nội, 10055, Việt Nam",22,Đường Trần Duy Hưng,operator:[BIDV] ;; brand:wikidata:[Q1003180] ;; operator:wikidata:[Q1003180] ;; leisure:[pitch] ;; sport:[volleyball]
update,381c4514-fa92-49cc-8df0-4ff644fb5fb4,227356567,directory,C1,hn,2,21.00387975,105.794342916319,hn_yenhoa,Quận Thanh Xuân,contains,1,pitch,True,True,"C1, Phố Hoàng Ngân, Phường Nhân Chính, Quận Thanh Xuân, Thành phố Hà Nội, 10055, Việt Nam",,Phố Hoàng Ngân,height:[142] ;; building:levels:[39] ;; leisure:[pitch] ;; sport:[soccer]
update,9d4aec55-676b-4628-a3aa-6ffe250f6ba5,227416160,directory,Chelsea Park swimming pool,hn,2,21.0188677,105.7936661,hn_yenhoa,Quận Cầu Giấy,contains,,swimming_pool,False,True,"Chelsea Park swimming pool, 39, Ngõ 37 Trung Kính, Phường Yên Hòa, Quận Cầu Giấy, Thành phố Hà Nội, 10037, Việt Nam",39,Ngõ 37 Trung Kính,access:[yes] ;; description:[Out door swimming pool for Local residents] ;; payment:cash:[yes] ;; leisure:[swimming_pool]
update,47413a19-7851-40ff-961d-9e6c22093e31,227393477,directory,Chi cục Bảo vệ môi trường Hà Nội,hn,2,21.01528815,105.799955437739,hn_yenhoa,Quận Cầu Giấy,contains,4,pitch,True,True,"Chi cục Bảo vệ môi trường Hà Nội, 46, Phố Lưu Quang Vũ, Phường Trung Hòa, Quận Cầu Giấy, Thành phố Hà Nội, 10055, Việt Nam",46,Phố Lưu Quang Vũ,building:[yes] ;; leisure:[pitch] ;; sport:[tennis]
update,68b80411-54de-4e98-a6c8-51a51ce4c7e4,227380511,directory,D'Capitale,hn,2,21.0061184028094,105.795498605961,hn_yenhoa,Quận Cầu Giấy,contains,1,pitch,True,True,"D'Capitale, Quận Cầu Giấy, Thành phố Hà Nội, 10055, Việt Nam",,,leisure:[pitch] ;; sport:[soccer]
update,adce5dc9-7f92-4537-a541-ee1bca73d1f0,227355536,directory,Garden Pool,hn,2,21.0174375,105.784412624193,hn_yenhoa,Quận Cầu Giấy,contains,,swimming_pool,False,True,"Garden Pool, Phố Nguyễn Như Uyên, Quận Cầu Giấy, Thành phố Hà Nội, 10074, Việt Nam",,Phố Nguyễn Như Uyên,lit:[yes] ;; leisure:[swimming_pool]
update,bb9bd18d-2ff2-439c-9e8f-96c38e9e14ee,227357397,directory,Kho vật chứng Công an quận Cầu Giấy,hn,2,21.01563335,105.803279952819,hn_yenhoa,Quận Cầu Giấy,contains,4,pitch,True,True,"Kho vật chứng Công an quận Cầu Giấy, Ngõ 17 Nguyễn Khang, Phường Trung Hòa, Quận Cầu Giấy, Thành phố Hà Nội, 11513, Việt Nam",,Ngõ 17 Nguyễn Khang,leisure:[pitch] ;; sport:[tennis]
update,baa08e01-9985-4ef8-8e65-ea2caa8a0699,227354822,directory,Landmark72,hn,2,21.01735325,105.783586315021,hn_yenhoa,Quận Nam Từ Liêm,contains,4,pitch|swimming_pool,True,True,"Landmark72, E6, Đường Phạm Hùng, Phường Mễ Trì, Quận Nam Từ Liêm, Thành phố Hà Nội, 10074, Việt Nam",,Đường Phạm Hùng,"email:[Landmark72@aonvina.com] ;; phone:[+84 24 3772 3801] ;; smoking:[no] ;; website:[https://landmark72.com/] ;; operator:[AON Holdings] ;; wikidata:[Q609140] ;; wikipedia:[vi:Landmark 72] ;; start_date:[2011-03-20] ;; building:levels:underground:[2] ;; leisure:[pitch, swimming_pool] ;; sport:[tennis]"
update,25ff15ef-f9a4-493e-8c9b-a4fcfc570790,227357596,directory,Sư đoàn Phòng không 361,hn,2,21.00849755,105.80662985653,hn_yenhoa,Quận Cầu Giấy,contains,1,pitch,True,True,"Sư đoàn Phòng không 361, 63A, Đường Lê Văn Lương, Phường Trung Hòa, Quận Cầu Giấy, Thành phố Hà Nội, 10055, Việt Nam",,Đường Lê Văn Lương,landuse:[military] ;; military_service:[air_force] ;; leisure:[pitch] ;; sport:[soccer]
update,cbbd320e-75d8-4181-ab63-1bcea5c2d097,227375069,directory,Trung tâm Văn hóa - Thể thao phường Yên Hòa,hn,2,21.02365975,105.791487462575,hn_yenhoa,Quận Cầu Giấy,contains,1,pitch|sports_centre,True,True,"Trung tâm Văn hóa - Thể thao phường Yên Hòa, Ngách 34 Ngõ 232 Yên Hòa, Phường Yên Hòa, Quận Cầu Giấy, Thành phố Hà Nội, 10036, Việt Nam",,Ngách 34 Ngõ 232 Yên Hòa,"leisure:[sports_centre, pitch] ;; sport:[soccer]"
update,1aa21701-97d6-4516-b3f6-28f4b11e4ec2,227384860,directory,Trường Archimedes Academy,hn,2,21.0170587,105.800575556053,hn_yenhoa,Quận Cầu Giấy,contains,1|2|5,pitch,True,True,"Trường Archimedes Academy, 19, Phố Nguyễn Vĩnh Bảo, Phường Yên Hòa, Quận Cầu Giấy, Thành phố Hà Nội, 10055, Việt Nam",19,Phố Nguyễn Vĩnh Bảo,"leisure:[pitch] ;; sport:[soccer, basketball, pickleball]"
update,b257f1aa-5fe9-4be9-b6a5-8f5ad74ff56a,227379685,directory,Trường Hà Nội Toronto,hn,2,21.00573485,105.796701924581,hn_yenhoa,Quận Cầu Giấy,contains,1,pitch,True,True,"Trường Hà Nội Toronto, TH3, Phố Hoàng Minh Giám, Phường Trung Hòa, Quận Cầu Giấy, Thành phố Hà Nội, 10055, Việt Nam",,Phố Hoàng Minh Giám,email:[info@hanoitorontoschool.edu.vn] ;; phone:[+84 869 111 800] ;; grades:[1-12] ;; website:[https://hanoitorontoschool.edu.vn/] ;; operator:type:[private] ;; leisure:[pitch] ;; sport:[soccer]
update,93395f09-6b52-424a-be93-74cc7fe31a19,227396293,directory,Trường Liên cấp TH & THCS Ngôi Sao Hà Nội,hn,2,21.00451515,105.801237208389,hn_yenhoa,Quận Thanh Xuân,contains,1|2,pitch,True,True,"Trường Liên cấp TH & THCS Ngôi Sao Hà Nội, Phố Nguyễn Xuân Linh, Phường Nhân Chính, Quận Thanh Xuân, Thành phố Hà Nội, 10055, Việt Nam",,Phố Nguyễn Xuân Linh,"phone:[+842435568595] ;; grades:[1-9] ;; website:[https://www.hanoistar.edu.vn/] ;; leisure:[pitch] ;; sport:[basketball, soccer]"
update,c32ac6a7-9c9b-4c54-808c-81f83e5433e3,227358810,directory,Trường Mầm non Năng khiếu Louis,hn,2,21.0060359,105.800003964186,hn_yenhoa,Quận Cầu Giấy,contains,1|2,pitch,True,True,"Trường Mầm non Năng khiếu Louis, 171, Phố Hoàng Ngân, Phường Trung Hòa, Quận Cầu Giấy, Thành phố Hà Nội, 10055, Việt Nam",171,Phố Hoàng Ngân,"email:[louiskindergarten@edu.vn] ;; phone:[+84 243 960 6666] ;; website:[http://louiskindergarten.edu.vn/] ;; leisure:[pitch] ;; sport:[basketball, soccer]"
update,18486910-45c0-4414-b559-b081391917c8,227376459,directory,Trường Phổ thông Liên cấp Nguyễn Siêu,hn,2,21.0167102,105.790176947534,hn_yenhoa,Quận Cầu Giấy,contains,2,pitch,True,True,"Trường Phổ thông Liên cấp Nguyễn Siêu, 259, Phố Mạc Thái Tổ, Phường Yên Hòa, Quận Cầu Giấy, Thành phố Hà Nội, 10037, Việt Nam",259,Phố Mạc Thái Tổ,email:[c3nguyensieu@hanoiedu.vn] ;; level:[1] ;; phone:[+84 24 3784 4889] ;; grades:[1-12] ;; website:[https://nguyensieu.edu.vn/] ;; religion:[none] ;; mapillary:[326774022210751] ;; internet_access:[wlan] ;; leisure:[pitch] ;; sport:[basketball]
update,6906825f-3faf-482b-bd73-d6330df020a5,227363116,directory,Trường Quốc tế St. Mary's,hn,2,21.0193337,105.79737743355,hn_yenhoa,Quận Cầu Giấy,contains,1|4,pitch|swimming_pool,True,True,"Trường Quốc tế St. Mary's, Ngõ 163 Nguyễn Khang, Phường Yên Hòa, Quận Cầu Giấy, Thành phố Hà Nội, 10037, Việt Nam",,Ngõ 163 Nguyễn Khang,"email:[admissions@stmarysintl.org] ;; phone:[+84 243 203 2006] ;; website:[https://kinder.stmarysintl.org/] ;; preschool:[yes] ;; leisure:[pitch, swimming_pool] ;; sport:[soccer, tennis, swimming]"
update,dd6eeaad-d7ea-42f4-8ec8-fca9fead8247,227357462,directory,Trường THCS & THPT Lý Thái Tổ,hn,2,21.00969145,105.803350128736,hn_yenhoa,Quận Cầu Giấy,contains,1|2,pitch,True,True,"Trường THCS & THPT Lý Thái Tổ, Ngõ 165 Hoàng Ngân, Phường Trung Hòa, Quận Cầu Giấy, Thành phố Hà Nội, 10055, Việt Nam",,Ngõ 165 Hoàng Ngân,"leisure:[pitch] ;; sport:[basketball, soccer]"
update,ff1eb5dd-2c63-4424-9cb0-8260fe98efa4,227358594,directory,Trường THCS & THPT Lương Thế Vinh - Cơ sở A,hn,2,21.0104023,105.79275127048,hn_yenhoa,Quận Cầu Giấy,contains,2,pitch,True,True,"Trường THCS & THPT Lương Thế Vinh - Cơ sở A, Phố Nguyễn Chánh, Phường Trung Hòa, Quận Cầu Giấy, Thành phố Hà Nội, 10161, Việt Nam",,Phố Nguyễn Chánh,leisure:[pitch] ;; sport:[basketball]
update,cc728be3-3c5c-4566-a999-c4e80cd55c60,227381092,directory,Trường THCS Cầu Giấy,hn,2,21.0165144,105.791582328673,hn_yenhoa,Quận Cầu Giấy,contains,1|2,pitch,True,True,"Trường THCS Cầu Giấy, 9, Phố Nguyễn Xuân Nham, Phường Yên Hòa, Quận Cầu Giấy, Thành phố Hà Nội, 10079, Việt Nam",9,Phố Nguyễn Xuân Nham,"grades:[6-9] ;; leisure:[pitch] ;; sport:[basketball, soccer]"
update,35f22069-a754-4fc8-80ca-baba2d746a74,227358120,directory,Trường THCS Nam Trung Yên,hn,2,21.01387405,105.788251781797,hn_yenhoa,Quận Cầu Giấy,contains,,pitch,False,True,"Trường THCS Nam Trung Yên, 11, Phố Nguyễn Quốc Trị, Phường Trung Hòa, Quận Cầu Giấy, Thành phố Hà Nội, 10161, Việt Nam",11,Phố Nguyễn Quốc Trị,grades:[6-9] ;; leisure:[pitch]
update,c410993d-fe1a-4699-ada9-dd360fe0755f,227383822,directory,Trường THCS Trần Duy Hưng,hn,2,21.00797785,105.799952120031,hn_yenhoa,Quận Cầu Giấy,contains,1,pitch,True,True,"Trường THCS Trần Duy Hưng, 5, Phố Nguyễn Xuân Linh, Phường Trung Hòa, Quận Cầu Giấy, Thành phố Hà Nội, 10055, Việt Nam",5,Phố Nguyễn Xuân Linh,email:[c2tranduyhung@caugiay.edu.vn] ;; phone:[+842438803866] ;; grades:[6-9] ;; website:[http://thcstranduyhung.edu.vn/] ;; operator:[Phòng Giáo dục và Đào tạo quân Cầu Giấy] ;; operator:type:[public/government] ;; leisure:[pitch] ;; sport:[soccer]
update,23a7f95d-c94a-4fe7-92bc-03619377c56f,227365778,directory,Trường THPT Yên Hòa,hn,2,21.02109645,105.798830107757,hn_yenhoa,Quận Cầu Giấy,contains,1|2,pitch,True,True,"Trường THPT Yên Hòa, 251, Đường Nguyễn Khang, Phường Yên Hòa, Quận Cầu Giấy, Thành phố Hà Nội, 10298, Việt Nam",251,Đường Nguyễn Khang,"grades:[10-12] ;; website:[http://c3yh.edu.vn] ;; leisure:[pitch] ;; sport:[soccer, basketball]"
update,009668f0-f230-4b30-9738-3560ea5e269b,227396207,directory,Trường THPT chuyên Hà Nội - Amsterdam,hn,2,21.00700605,105.798247957961,hn_yenhoa,Quận Cầu Giấy,contains,1|2|4,pitch,True,True,"Trường THPT chuyên Hà Nội - Amsterdam, 1, Phố Hoàng Minh Giám, Phường Trung Hòa, Quận Cầu Giấy, Thành phố Hà Nội, 10055, Việt Nam",1,Phố Hoàng Minh Giám,"email:[c23hanoi-ams@hanoiedu.vn] ;; grades:[6-12] ;; website:[https://hn-ams.edu.vn/] ;; operator:[Sở Giáo dục và Đào tạo Hà Nội] ;; wikidata:[Q29712] ;; wikipedia:[vi:Trường Trung học phổ thông chuyên Hà Nội – Amsterdam] ;; operator:type:[public/government] ;; wikimedia_commons:[Category:Hanoi – Amsterdam High School] ;; leisure:[pitch] ;; sport:[soccer, tennis, basketball]"
update,4e82c9cf-c439-4e96-b8d7-93bc27a72e85,227379045,directory,Trường Tiểu học Lý Thái Tổ,hn,2,21.00917605,105.804222764043,hn_yenhoa,Quận Cầu Giấy,contains,1,pitch,True,True,"Trường Tiểu học Lý Thái Tổ, Ngõ 163 Hoàng Ngân, Phường Trung Hòa, Quận Cầu Giấy, Thành phố Hà Nội, 10055, Việt Nam",,Ngõ 163 Hoàng Ngân,website:[https://tieuhoclythaito.edu.vn] ;; leisure:[pitch] ;; sport:[soccer]
update,9315d8cb-1b8b-4a44-9b20-a29936db0f53,227353959,directory,Trường Tiểu học Nam Trung Yên,hn,2,21.01850195,105.7860535478,hn_yenhoa,Quận Cầu Giấy,contains,1,pitch,True,True,"Trường Tiểu học Nam Trung Yên, Lô A3, Phố Nguyễn Như Uyên, Phường Yên Hòa, Quận Cầu Giấy, Thành phố Hà Nội, 10074, Việt Nam",,Phố Nguyễn Như Uyên,phone:[+842432810113] ;; grades:[1-5] ;; leisure:[pitch] ;; sport:[soccer]
update,2dfe84a9-fbe3-4c3e-8949-0cbd9b258724,227356418,directory,Trường Tiểu học Trung Yên,hn,2,21.01099095,105.793822387344,hn_yenhoa,Quận Cầu Giấy,contains,1|2,pitch,True,True,"Trường Tiểu học Trung Yên, Phố Nguyễn Chánh, Phường Trung Hòa, Quận Cầu Giấy, Thành phố Hà Nội, 10161, Việt Nam",,Phố Nguyễn Chánh,"leisure:[pitch] ;; sport:[soccer, basketball]"
update,fc56ccfa-6cfd-4a5d-978a-9ffde6d60d49,227364280,directory,Tòa V1,hn,2,21.01564915,105.792610600446,hn_yenhoa,Quận Cầu Giấy,contains,1,pitch,True,True,"Tòa V1, Ngõ 173 Trung Kính, Phường Yên Hòa, Quận Cầu Giấy, Thành phố Hà Nội, 10037, Việt Nam",,Ngõ 173 Trung Kính,building:levels:[25] ;; leisure:[pitch] ;; sport:[soccer]
update,d6ef128c-f68b-4e0d-9705-57d8ba88ce4b,227356131,directory,Vitalmart,hn,2,21.0115881,105.796213649268,hn_yenhoa,Quận Cầu Giấy,contains,1,pitch,True,True,"Vitalmart, Ngõ 110 Trần Duy Hưng, Phường Trung Hòa, Quận Cầu Giấy, Thành phố Hà Nội, 10055, Việt Nam",,Ngõ 110 Trần Duy Hưng,description:[Small grocery store] ;; opening_hours:[24/7] ;; leisure:[pitch] ;; sport:[soccer]
update,2750d600-a979-4412-925e-f2b07b176794,227383098,directory,outdoor swimming pool of Chelsea Park,hn,2,21.01876255,105.793541590839,hn_yenhoa,Quận Cầu Giấy,contains,,swimming_pool,False,True,"outdoor swimming pool of Chelsea Park, 39, Ngõ 37 Trung Kính, Phường Yên Hòa, Quận Cầu Giấy, Thành phố Hà Nội, 10037, Việt Nam",39,Ngõ 37 Trung Kính,access:[yes] ;; leisure:[swimming_pool]
update,eaf987f2-4b77-4662-9a04-9c7329cfcb96,227347371,directory,Trường THPT Tiến Thịnh,hn,2,21.1892051,105.642546859577,hn_yenlang,,contains,1,pitch,True,True,"Trường THPT Tiến Thịnh, Maxar Premium, Thành phố Hà Nội, Việt Nam",,Maxar Premium,grades:[10-12] ;; website:[http://c3tienthinh.edu.vn/] ;; leisure:[pitch] ;; sport:[soccer]
update,009e4120-d3d4-4c02-9caf-d9fe9ab89bee,227442344,directory,Trường THCS Yên Nghĩa,hn,2,20.9557974,105.737044106294,hn_yennghia,Quận Hà Đông,contains,1,pitch,True,True,"Trường THCS Yên Nghĩa, Ngõ 152 Quyết Thắng, Phường Yên Nghĩa, Quận Hà Đông, Thành phố Hà Nội, 10170, Việt Nam",,Ngõ 152 Quyết Thắng,leisure:[pitch] ;; sport:[soccer]
update,116ed979-17c4-4d2a-8866-3b103ae60c19,227428614,directory,,hn,2,20.9618858194743,105.845727206384,hn_yenso,Quận Hoàng Mai,contains,1,pitch,True,True,"Phố Trần Thủ Độ, Quận Hoàng Mai, Thành phố Hà Nội, 12506, Việt Nam",,Phố Trần Thủ Độ,lit:[yes] ;; surface:[asphalt] ;; leisure:[pitch] ;; sport:[soccer]
update,9faf6ef0-0682-4e42-b162-89a08faeca5a,227430119,directory,Khu đô thị Pháp Vân - Tứ Hiệp,hn,2,20.9606111970775,105.844660057547,hn_yenso,Quận Hoàng Mai,contains,4,pitch,True,True,"Khu đô thị Pháp Vân - Tứ Hiệp, Quận Hoàng Mai, Thành phố Hà Nội, 12506, Việt Nam",,,leisure:[pitch] ;; sport:[tennis]
update,523e4cf2-275a-4dae-ad00-0ef6d8310f1d,227428086,directory,Trường Tiểu học Yên Sở (cơ sở 2),hn,2,20.96044875,105.864075906068,hn_yenso,Quận Hoàng Mai,contains,,pitch,False,True,"Trường Tiểu học Yên Sở (cơ sở 2), Ngõ 48 Hưng Thịnh, Phường Yên Sở, Quận Hoàng Mai, Thành phố Hà Nội, 12506, Việt Nam",,Ngõ 48 Hưng Thịnh,leisure:[pitch]
update,6783e5c7-31cc-4185-bdc2-8809f925dfc9,227471052,directory,Trung tâm Thể thao Viettel,hn,2,20.9857371,105.519476006473,hn_yenxuan,,contains,1|4,pitch|sports_centre,True,True,"Trung tâm Thể thao Viettel, Đường Làng Văn hóa, Thành phố Hà Nội, Việt Nam",,Đường Làng Văn hóa,"leisure:[sports_centre, pitch] ;; sport:[soccer, tennis]"
